ISO-10303-21;
HEADER;
FILE_DESCRIPTION((''),'2;1');
FILE_NAME('332000144','2026-07-28T10:47:49',('EDY'),(''),
'CREO PARAMETRIC BY PTC INC, 2021284','CREO PARAMETRIC BY PTC INC, 2021284','');
FILE_SCHEMA(('CONFIG_CONTROL_DESIGN'));
ENDSEC;
DATA;
#2=DIRECTION('',(2.460890384634E-2,2.528341031082E-1,9.671966284872E-1));
#3=VECTOR('',#2,3.540754022697E-1);
#4=CARTESIAN_POINT('',(4.000284005199E1,-2.926149895837E1,5.964461747402E2));
#5=LINE('',#4,#3);
#6=DIRECTION('',(-3.152846453488E-3,-9.931198240327E-1,-1.170601327201E-1));
#7=VECTOR('',#6,9.026142508794E-2);
#8=CARTESIAN_POINT('',(4.000312463240E1,-2.917185854777E1,5.964567407546E2));
#9=LINE('',#8,#7);
#10=DIRECTION('',(-3.355915051295E-3,-9.902677402142E-1,-1.391349723301E-1));
#11=VECTOR('',#10,1.729883055523E-2);
#12=CARTESIAN_POINT('',(4.000318268580E1,-2.915472807393E1,5.964591476269E2));
#13=LINE('',#12,#11);
#14=CARTESIAN_POINT('',(4.000862568487E1,-2.915545224483E1,5.964732458905E2));
#15=CARTESIAN_POINT('',(4.000858416305E1,-2.915521967434E1,5.964688084747E2));
#16=CARTESIAN_POINT('',(4.000322420763E1,-2.915496064442E1,5.964635850427E2));
#17=CARTESIAN_POINT('',(4.000318268580E1,-2.915472807393E1,5.964591476269E2));
#19=CARTESIAN_POINT('',(4.000284005199E1,-2.926149895837E1,5.964461747402E2));
#20=CARTESIAN_POINT('',(4.000285757154E1,-2.929965461495E1,5.964563260034E2));
#21=CARTESIAN_POINT('',(4.000271704778E1,-2.933464548429E1,5.964708998431E2));
#22=CARTESIAN_POINT('',(4.000273456734E1,-2.937280114087E1,5.964810511063E2));
#24=DIRECTION('',(-9.514565281060E-3,5.902491855113E-7,-9.999547354991E-1));
#25=VECTOR('',#24,1.850482753641E-2);
#26=CARTESIAN_POINT('',(4.000291063273E1,-2.937280115179E1,5.964995550962E2));
#27=LINE('',#26,#25);
#28=DIRECTION('',(-2.830872540445E-4,9.707231182009E-1,-2.402010567253E-1));
#29=VECTOR('',#28,2.356711985440E-1);
#30=CARTESIAN_POINT('',(4.000297734824E1,-2.960157263251E1,5.965561635671E2));
#31=LINE('',#30,#29);
#32=DIRECTION('',(-3.840193785951E-3,-9.816251313534E-1,-1.907809068202E-1));
#33=VECTOR('',#32,2.708949391554E-1);
#34=CARTESIAN_POINT('',(4.000232343466E1,-2.929952013591E1,5.964219551295E2));
#35=LINE('',#34,#33);
#36=CARTESIAN_POINT('',(4.000284005199E1,-2.926149895837E1,5.964461747402E2));
#37=CARTESIAN_POINT('',(4.000278871997E1,-2.927526929520E1,5.964437470321E2));
#38=CARTESIAN_POINT('',(4.000259505324E1,-2.928596329689E1,5.964366253259E2));
#39=CARTESIAN_POINT('',(4.000254372122E1,-2.929973363373E1,5.964341976178E2));
#41=DIRECTION('',(9.999940622939E-1,2.466358197681E-3,-2.406751801524E-3));
#42=VECTOR('',#41,1.785694098840E-2);
#43=CARTESIAN_POINT('',(3.999369662455E1,-2.917202066322E1,5.967886782527E2));
#44=LINE('',#43,#42);
#45=DIRECTION('',(8.925913651207E-3,2.570986558841E-1,9.663439393964E-1));
#46=VECTOR('',#45,3.488132625602E-1);
#47=CARTESIAN_POINT('',(3.999058314749E1,-2.926170008418E1,5.964516046705E2));
#48=LINE('',#47,#46);
#49=DIRECTION('',(-9.141947846215E-1,-1.500119080358E-2,4.049973580720E-1));
#50=VECTOR('',#49,1.340732270465E-2);
#51=CARTESIAN_POINT('',(4.000284005199E1,-2.926149895837E1,5.964461747402E2));
#52=LINE('',#51,#50);
#53=CARTESIAN_POINT('',(4.003501213694E1,-2.915710751243E1,5.964671374667E2));
#54=CARTESIAN_POINT('',(4.002419761878E1,-2.915713093622E1,5.964672317689E2));
#55=CARTESIAN_POINT('',(4.001399720396E1,-2.915470465014E1,5.964590533248E2));
#56=CARTESIAN_POINT('',(4.000318268580E1,-2.915472807393E1,5.964591476269E2));
#58=CARTESIAN_POINT('',(4.000862568487E1,-2.915545224483E1,5.964732458905E2));
#59=CARTESIAN_POINT('',(4.001917737187E1,-2.915525464997E1,5.964698208730E2));
#60=CARTESIAN_POINT('',(4.002391718574E1,-2.915713154569E1,5.964672342536E2));
#61=CARTESIAN_POINT('',(4.003501213694E1,-2.915710751243E1,5.964671374667E2));
#63=DIRECTION('',(9.999864810892E-1,1.968044621773E-3,-4.812944960854E-3));
#64=VECTOR('',#63,1.809785278198E-2);
#65=CARTESIAN_POINT('',(4.000214664161E1,-2.919138257575E1,5.971582614701E2));
#66=LINE('',#65,#64);
#67=DIRECTION('',(5.657227267399E-2,9.861319788241E-1,1.560233902498E-1));
#68=VECTOR('',#67,1.262020973864E-1);
#69=CARTESIAN_POINT('',(7.987475757922E1,-2.920977143348E1,5.960893317669E2));
#70=LINE('',#69,#68);
#71=DIRECTION('',(-9.613819669364E-1,-1.780997221210E-1,-2.098218354459E-1));
#72=VECTOR('',#71,1.169900109563E-2);
#73=CARTESIAN_POINT('',(7.988600478791E1,-2.920768784464E1,5.960917864728E2));
#74=LINE('',#73,#72);
#75=CARTESIAN_POINT('',(7.988593312424E1,-2.906843131750E1,5.961163790276E2));
#76=CARTESIAN_POINT('',(7.988596018632E1,-2.908118720251E1,5.961163787602E2));
#77=CARTESIAN_POINT('',(7.988603408025E1,-2.90941105E1,5.961214856229E2));
#78=CARTESIAN_POINT('',(7.988606114233E1,-2.910686638501E1,5.961214853555E2));
#80=CARTESIAN_POINT('',(7.988189711869E1,-2.908531950946E1,5.961090222460E2));
#81=CARTESIAN_POINT('',(7.988189203778E1,-2.907928959264E1,5.961098697885E2));
#82=CARTESIAN_POINT('',(7.988593820515E1,-2.907446123432E1,5.961155314851E2));
#83=CARTESIAN_POINT('',(7.988593312424E1,-2.906843131750E1,5.961163790276E2));
#85=DIRECTION('',(-3.322161768097E-2,9.896790201046E-1,1.393978525065E-1));
#86=VECTOR('',#85,1.236444672437E-1);
#87=CARTESIAN_POINT('',(7.988600478791E1,-2.920768784464E1,5.960917864728E2));
#88=LINE('',#87,#86);
#89=DIRECTION('',(-3.223073386975E-2,1.537928233916E-1,-9.875773120457E-1));
#90=VECTOR('',#89,2.195717922729E-2);
#91=CARTESIAN_POINT('',(7.988671248391E1,-2.921106470123E1,5.961134708849E2));
#92=LINE('',#91,#90);
#93=DIRECTION('',(-2.222714617621E-3,9.999975175345E-1,1.564112966235E-4));
#94=VECTOR('',#93,1.378434493502E1);
#95=CARTESIAN_POINT('',(4.003501213694E1,-2.915710751243E1,5.964671374667E2));
#96=LINE('',#95,#94);
#97=DIRECTION('',(-9.999587912610E-1,-2.225106434219E-3,8.801402228653E-3));
#98=VECTOR('',#97,3.985256326117E1);
#99=CARTESIAN_POINT('',(7.988593312424E1,-2.906843131750E1,5.961163790276E2));
#100=LINE('',#99,#98);
#101=DIRECTION('',(-1.260424680890E-2,9.993082464220E-1,3.498802074001E-2));
#102=VECTOR('',#101,6.924850517355E-2);
#103=CARTESIAN_POINT('',(7.988693396758E1,-2.917606698728E1,5.961190624873E2));
#104=LINE('',#103,#102);
#105=DIRECTION('',(-9.775738934745E-1,5.787404706880E-2,-2.024842647541E-1));
#106=VECTOR('',#105,2.116239119402E-2);
#107=CARTESIAN_POINT('',(7.990740028506E1,-2.921228945445E1,5.961177559361E2));
#108=LINE('',#107,#106);
#109=DIRECTION('',(9.943378679151E-1,-2.158423913588E-2,1.040496278270E-1));
#110=VECTOR('',#109,2.053555549774E-2);
#111=CARTESIAN_POINT('',(7.988693396758E1,-2.917606698728E1,5.961190624873E2));
#112=LINE('',#111,#110);
#113=DIRECTION('',(6.249137821038E-3,9.874566798717E-1,1.577664528767E-1));
#114=VECTOR('',#113,3.544227777859E-2);
#115=CARTESIAN_POINT('',(7.988671248391E1,-2.921106470123E1,5.961134708849E2));
#116=LINE('',#115,#114);
#117=DIRECTION('',(9.999528189582E-1,-3.376593671458E-3,-9.108154188203E-3));
#118=VECTOR('',#117,1.163074553556E-2);
#119=CARTESIAN_POINT('',(7.987470634303E1,-2.928425378268E1,5.961086278463E2));
#120=LINE('',#119,#118);
#121=DIRECTION('',(5.122108211050E-3,9.977109914223E-1,6.742804759537E-2));
#122=VECTOR('',#121,7.339635865289E-2);
#123=CARTESIAN_POINT('',(7.988633653981E1,-2.928429305499E1,5.961085219117E2));
#124=LINE('',#123,#122);
#125=DIRECTION('',(-9.731456691784E-3,-2.401954478030E-1,-9.706757674967E-1));
#126=VECTOR('',#125,7.483731195337E-1);
#127=CARTESIAN_POINT('',(7.989796823285E1,-2.967491093261E1,5.986488849083E2));
#128=LINE('',#127,#126);
#129=DIRECTION('',(3.840193785910E-3,9.816251313534E-1,1.907809068203E-1));
#130=VECTOR('',#129,2.786397496516E-1);
#131=CARTESIAN_POINT('',(7.987336021205E1,-2.948514068959E1,5.960215081704E2));
#132=LINE('',#131,#130);
#133=CARTESIAN_POINT('',(7.987470634303E1,-2.928425378268E1,5.961086278463E2));
#134=CARTESIAN_POINT('',(7.987451248590E1,-2.935550621398E1,5.961036467542E2));
#135=CARTESIAN_POINT('',(7.987425378965E1,-2.942616124110E1,5.961003672630E2));
#136=CARTESIAN_POINT('',(7.987405993251E1,-2.949741367240E1,5.960953861709E2));
#138=CARTESIAN_POINT('',(7.987499500849E1,-2.921057364211E1,5.961122517343E2));
#139=CARTESIAN_POINT('',(7.987492441517E1,-2.923502640741E1,5.961101128846E2));
#140=CARTESIAN_POINT('',(7.987477693634E1,-2.925980101739E1,5.961107666960E2));
#141=CARTESIAN_POINT('',(7.987470634303E1,-2.928425378268E1,5.961086278463E2));
#143=CARTESIAN_POINT('',(7.987475757922E1,-2.920977143348E1,5.960893317669E2));
#144=CARTESIAN_POINT('',(7.987482704295E1,-2.921083543843E1,5.960969021415E2));
#145=CARTESIAN_POINT('',(7.987492554476E1,-2.920950963717E1,5.961046813597E2));
#146=CARTESIAN_POINT('',(7.987499500849E1,-2.921057364211E1,5.961122517343E2));
#148=DIRECTION('',(-9.340011668318E-3,6.934104298464E-2,-9.975492889777E-1));
#149=VECTOR('',#148,2.559771998872E0);
#150=CARTESIAN_POINT('',(7.989796823285E1,-2.967491093261E1,5.986488849083E2));
#151=LINE('',#150,#149);
#152=DIRECTION('',(-9.999492198464E-1,-2.229018324635E-3,9.827980764188E-3));
#153=VECTOR('',#152,3.403242046845E-2);
#154=CARTESIAN_POINT('',(7.993199892515E1,-2.967483507372E1,5.986485504383E2));
#155=LINE('',#154,#153);
#156=DIRECTION('',(9.150857687148E-3,-6.975807623094E-2,9.975219659758E-1));
#157=VECTOR('',#156,2.542951220281E0);
#158=CARTESIAN_POINT('',(7.990872874043E1,-2.949744368864E1,5.961119007377E2));
#159=LINE('',#158,#157);
#160=CARTESIAN_POINT('',(7.990782617008E1,-2.949635521394E1,5.960963191368E2));
#161=CARTESIAN_POINT('',(7.990787428233E1,-2.949671899936E1,5.961015211804E2));
#162=CARTESIAN_POINT('',(7.990868062817E1,-2.949707990322E1,5.961066986941E2));
#163=CARTESIAN_POINT('',(7.990872874043E1,-2.949744368864E1,5.961119007377E2));
#165=DIRECTION('',(9.991281229045E-1,3.131932058661E-2,2.760605330811E-2));
#166=VECTOR('',#165,3.379570326626E-2);
#167=CARTESIAN_POINT('',(7.987405993251E1,-2.949741367240E1,5.960953861709E2));
#168=LINE('',#167,#166);
#169=DIRECTION('',(-9.999599243811E-1,-2.529797690897E-3,8.587767779892E-3));
#170=VECTOR('',#169,3.989678176262E1);
#171=CARTESIAN_POINT('',(7.994417299902E1,-2.930706652931E1,6.001348254524E2));
#172=LINE('',#171,#170);
#173=DIRECTION('',(9.999492888908E-1,2.203761106700E-3,-9.826651708626E-3));
#174=VECTOR('',#173,1.243461616392E-2);
#175=CARTESIAN_POINT('',(7.987825148666E1,-2.985469415210E1,5.979225794467E2));
#176=LINE('',#175,#174);
#177=DIRECTION('',(9.006159569375E-3,2.401937965542E-1,9.706831765240E-1));
#178=VECTOR('',#177,1.000000000020E0);
#179=CARTESIAN_POINT('',(7.986269889420E1,-3.024493466331E1,5.963455373067E2));
#180=LINE('',#179,#178);
#181=DIRECTION('',(-9.999492308118E-1,-2.223962686931E-3,9.828010420242E-3));
#182=VECTOR('',#181,1.316327741227E-1);
#183=CARTESIAN_POINT('',(7.999432498544E1,-3.024464191693E1,5.963442436184E2));
#184=LINE('',#183,#182);
#185=DIRECTION('',(9.999492308118E-1,2.223962686543E-3,-9.828010421654E-3));
#186=VECTOR('',#185,4.E1);
#187=CARTESIAN_POINT('',(4.003238039124E1,-2.937282523818E1,6.006200967414E2));
#188=LINE('',#187,#186);
#189=DIRECTION('',(-9.999595349581E-1,-2.185494687025E-3,8.726514736691E-3));
#190=VECTOR('',#189,2.112737809197E-2);
#191=CARTESIAN_POINT('',(7.994413207718E1,-2.928087304651E1,6.001366575737E2));
#192=LINE('',#191,#190);
#193=DIRECTION('',(-1.558481501265E-3,9.975615279488E-1,6.977513233198E-2));
#194=VECTOR('',#193,2.625751100423E-2);
#195=CARTESIAN_POINT('',(7.994417299902E1,-2.930706652931E1,6.001348254524E2));
#196=LINE('',#195,#194);
#197=DIRECTION('',(-9.999598922014E-1,-2.156781938133E-3,8.692656680899E-3));
#198=VECTOR('',#197,3.985795707311E1);
#199=CARTESIAN_POINT('',(7.992300555401E1,-2.928091922028E1,6.001368419420E2));
#200=LINE('',#199,#198);
#201=DIRECTION('',(-2.223855277376E-3,9.999975269919E-1,2.185718252900E-5));
#202=VECTOR('',#201,1.399678193985E1);
#203=CARTESIAN_POINT('',(7.994413207718E1,-2.928087304651E1,6.001366575737E2));
#204=LINE('',#203,#202);
#205=DIRECTION('',(-2.223854528954E-3,9.999975272302E-1,-2.127672451309E-6));
#206=VECTOR('',#205,1.399610972812E1);
#207=CARTESIAN_POINT('',(4.006664709582E1,-2.936688414219E1,6.004833134789E2));
#208=LINE('',#207,#206);
#209=DIRECTION('',(1.176238688388E-2,-8.911749039026E-2,9.959516650728E-1));
#210=VECTOR('',#209,3.066237679042E0);
#211=CARTESIAN_POINT('',(4.003058082196E1,-2.909362873529E1,5.974294889569E2));
#212=LINE('',#211,#210);
#213=DIRECTION('',(-2.223854528954E-3,9.999975272302E-1,-2.127672443186E-6));
#214=VECTOR('',#213,1.399610972812E1);
#215=CARTESIAN_POINT('',(4.006664709582E1,-2.936688414219E1,6.004833134789E2));
#216=LINE('',#215,#214);
#217=DIRECTION('',(9.978227570846E-1,-3.682432864218E-2,5.471484500673E-2));
#218=VECTOR('',#217,2.413178236361E-2);
#219=CARTESIAN_POINT('',(4.004256785420E1,-2.936599550551E1,6.004819931121E2));
#220=LINE('',#219,#218);
#221=DIRECTION('',(1.080847593781E-2,-8.886663874147E-2,9.959848881216E-1));
#222=VECTOR('',#221,3.052412191683E0);
#223=CARTESIAN_POINT('',(4.000957593048E1,-2.909473789398E1,5.974418366969E2));
#224=LINE('',#223,#222);
#225=DIRECTION('',(9.269933975976E-3,-5.231956019488E-2,9.985873682083E-1));
#226=VECTOR('',#225,3.158355442724E-1);
#227=CARTESIAN_POINT('',(4.000862568487E1,-2.915545224483E1,5.964732458905E2));
#228=LINE('',#227,#226);
#229=DIRECTION('',(-1.538040268264E-2,8.714179961038E-2,-9.960771807315E-1));
#230=VECTOR('',#229,6.730544049833E-1);
#231=CARTESIAN_POINT('',(4.002408335045E1,-2.906965374836E1,5.971554117597E2));
#232=LINE('',#231,#230);
#233=DIRECTION('',(-8.932332556485E-3,8.716245481960E-2,-9.961540643419E-1));
#234=VECTOR('',#233,1.333435088430E-2);
#235=CARTESIAN_POINT('',(4.002420245730E1,-2.907081600312E1,5.971686948275E2));
#236=LINE('',#235,#234);
#237=DIRECTION('',(3.269788045230E-2,9.956796597922E-1,8.690721310663E-2));
#238=VECTOR('',#237,1.210539494960E-1);
#239=CARTESIAN_POINT('',(4.002024424973E1,-2.919134695837E1,5.971581743661E2));
#240=LINE('',#239,#238);
#241=DIRECTION('',(2.347920161238E-2,-5.233126456279E-2,9.983537278144E-1));
#242=VECTOR('',#241,3.701484557415E-1);
#243=CARTESIAN_POINT('',(4.001155345951E1,-2.917197662160E1,5.967886352755E2));
#244=LINE('',#243,#242);
#245=DIRECTION('',(9.999596598263E-1,2.127588996639E-3,-8.726516211127E-3));
#246=VECTOR('',#245,2.111602777230E-2);
#247=CARTESIAN_POINT('',(4.001373150267E1,-2.901100257628E1,5.964849976255E2));
#248=LINE('',#247,#246);
#249=DIRECTION('',(3.520845125808E-2,9.960890333167E-1,8.103704502405E-2));
#250=VECTOR('',#249,1.450168245272E-1);
#251=CARTESIAN_POINT('',(4.000862568487E1,-2.915545224483E1,5.964732458905E2));
#252=LINE('',#251,#250);
#253=CARTESIAN_POINT('',(4.003501213694E1,-2.915710751243E1,5.964671374667E2));
#254=CARTESIAN_POINT('',(4.003493833967E1,-2.910544108722E1,5.964716586450E2));
#255=CARTESIAN_POINT('',(4.003492047589E1,-2.906262407526E1,5.964802921779E2));
#256=CARTESIAN_POINT('',(4.003484667862E1,-2.901095765005E1,5.964848133561E2));
#258=DIRECTION('',(-2.223855277377E-3,9.999975269919E-1,2.185718252165E-5));
#259=VECTOR('',#258,1.369685971617E1);
#260=CARTESIAN_POINT('',(4.004107429436E1,-2.906962376263E1,5.971553303953E2));
#261=LINE('',#260,#259);
#262=DIRECTION('',(9.252038497747E-3,-8.715713278188E-2,9.961516119491E-1));
#263=VECTOR('',#262,6.731074177284E-1);
#264=CARTESIAN_POINT('',(4.003484667862E1,-2.901095765005E1,5.964848133561E2));
#265=LINE('',#264,#263);
#266=DIRECTION('',(9.092817689224E-3,-1.635172436957E-6,9.999586594774E-1));
#267=VECTOR('',#266,6.863646507589E-1);
#268=CARTESIAN_POINT('',(4.000437347196E1,-1.537279679658E1,5.964692934940E2));
#269=LINE('',#268,#267);
#270=DIRECTION('',(-6.934519953099E-3,-9.961757539121E-1,-8.709638196083E-2));
#271=VECTOR('',#270,1.812274375893E-1);
#272=CARTESIAN_POINT('',(4.000563019724E1,-1.519226241731E1,5.964850777481E2));
#273=LINE('',#272,#271);
#274=DIRECTION('',(-2.739823275298E-3,-9.961926911420E-1,-8.713561547216E-2));
#275=VECTOR('',#274,1.805562858561E-1);
#276=CARTESIAN_POINT('',(4.000612488955E1,-1.501239356500E1,5.965008106312E2));
#277=LINE('',#276,#275);
#278=DIRECTION('',(7.195491788992E-3,9.659147653181E-1,2.587602964876E-1));
#279=VECTOR('',#278,1.964578999030E-1);
#280=CARTESIAN_POINT('',(4.001299399219E1,-1.528509682280E1,5.973979164383E2));
#281=LINE('',#280,#279);
#282=DIRECTION('',(9.234375304771E-3,3.403463258295E-1,9.402548084467E-1));
#283=VECTOR('',#282,2.576819241063E-1);
#284=CARTESIAN_POINT('',(4.001061446060E1,-1.537279791890E1,5.971556297701E2));
#285=LINE('',#284,#283);
#286=DIRECTION('',(-9.999594868611E-1,-2.223961326940E-3,8.722306599154E-3));
#287=VECTOR('',#286,3.987370044141E1);
#288=CARTESIAN_POINT('',(7.987645850460E1,-1.528411922884E1,5.961215028535E2));
#289=LINE('',#288,#287);
#290=DIRECTION('',(-1.970777725797E-3,-9.999980578436E-1,1.855249788953E-5));
#291=VECTOR('',#290,1.786154592951E-1);
#292=CARTESIAN_POINT('',(7.987770188101E1,-1.510550247558E1,5.961371194482E2));
#293=LINE('',#292,#291);
#294=DIRECTION('',(6.934519880282E-3,9.961757539128E-1,8.709638195892E-2));
#295=VECTOR('',#294,1.793024499524E-1);
#296=CARTESIAN_POINT('',(7.987645850460E1,-1.528411922884E1,5.961215028535E2));
#297=LINE('',#296,#295);
#298=CARTESIAN_POINT('',(7.990740028506E1,-2.921228945445E1,5.961177559361E2));
#299=CARTESIAN_POINT('',(7.990737939722E1,-2.920033527862E1,5.961183826645E2));
#300=CARTESIAN_POINT('',(7.990737413589E1,-2.918846440745E1,5.961205724758E2));
#301=CARTESIAN_POINT('',(7.990735324805E1,-2.917651023163E1,5.961211992042E2));
#303=CARTESIAN_POINT('',(7.990740028506E1,-2.921228945445E1,5.961177559361E2));
#304=CARTESIAN_POINT('',(7.990755073048E1,-2.930702671316E1,5.961111294513E2));
#305=CARTESIAN_POINT('',(7.990767572466E1,-2.940161795522E1,5.961029456217E2));
#306=CARTESIAN_POINT('',(7.990782617008E1,-2.949635521394E1,5.960963191368E2));
#308=DIRECTION('',(-2.223855277376E-3,9.999975269919E-1,2.185718252729E-5));
#309=VECTOR('',#308,1.389283460104E1);
#310=CARTESIAN_POINT('',(7.990824552319E1,-2.917691783192E1,5.961368191037E2));
#311=LINE('',#310,#309);
#312=DIRECTION('',(5.697326548544E-2,1.048788781183E-4,9.983756988330E-1));
#313=VECTOR('',#312,1.564532114354E-2);
#314=CARTESIAN_POINT('',(7.987645850460E1,-1.528411922884E1,5.961215028535E2));
#315=LINE('',#314,#313);
#316=DIRECTION('',(-2.223855277376E-3,9.999975269919E-1,2.185718251914E-5));
#317=VECTOR('',#316,1.389242535887E1);
#318=CARTESIAN_POINT('',(7.990735324805E1,-2.917651023163E1,5.961211992042E2));
#319=LINE('',#318,#317);
#320=DIRECTION('',(1.806766825155E-3,-9.989137454493E-1,-4.656248217353E-2));
#321=VECTOR('',#320,1.070945744370E-1);
#322=CARTESIAN_POINT('',(7.990824552319E1,-2.917691783192E1,5.961368191037E2));
#323=LINE('',#322,#321);
#324=DIRECTION('',(-1.350838095165E-3,9.956714999046E-1,9.293244597124E-2));
#325=VECTOR('',#324,2.144759735202E-1);
#326=CARTESIAN_POINT('',(7.990872874043E1,-2.949744368864E1,5.961119007377E2));
#327=LINE('',#326,#325);
#328=DIRECTION('',(-7.950943307948E-3,-2.401913177497E-1,-9.706930067628E-1));
#329=VECTOR('',#328,1.531148368944E0);
#330=CARTESIAN_POINT('',(7.994417299902E1,-2.930706652931E1,6.001348254524E2));
#331=LINE('',#330,#329);
#332=DIRECTION('',(8.913848300126E-3,-2.033210589622E-6,9.999602708630E-1));
#333=VECTOR('',#332,3.999999658487E0);
#334=CARTESIAN_POINT('',(7.987734986964E1,-1.528411758797E1,5.961371227619E2));
#335=LINE('',#334,#333);
#336=DIRECTION('',(8.799343614374E-3,4.162893298675E-2,9.990943916820E-1));
#337=VECTOR('',#336,4.003470460361E0);
#338=CARTESIAN_POINT('',(7.995556472330E1,2.483901832415E1,5.961364397795E2));
#339=LINE('',#338,#337);
#340=DIRECTION('',(9.999599286520E-1,2.173653434102E-3,-8.684257083363E-3));
#341=VECTOR('',#340,3.987908148454E1);
#342=CARTESIAN_POINT('',(4.003552178381E1,-1.537080902323E1,6.004832836997E2));
#343=LINE('',#342,#341);
#344=DIRECTION('',(-1.930466000682E-3,-9.999981357751E-1,4.180224054907E-5));
#345=VECTOR('',#344,4.036950251097E1);
#346=CARTESIAN_POINT('',(4.011892441766E1,2.502017671609E1,6.004842411862E2));
#347=LINE('',#346,#345);
#348=DIRECTION('',(1.930692694861E-3,9.999981360692E-1,-1.684889988427E-5));
#349=VECTOR('',#348,4.028987934602E1);
#350=CARTESIAN_POINT('',(7.991300525980E1,-1.528412572081E1,6.001369635039E2));
#351=LINE('',#350,#349);
#352=DIRECTION('',(-9.947345197999E-1,-1.024690904899E-2,1.019717410532E-1));
#353=VECTOR('',#352,1.080078117439E-2);
#354=CARTESIAN_POINT('',(4.004099246559E1,-1.534925053704E1,6.004859287219E2));
#355=LINE('',#354,#353);
#356=DIRECTION('',(-9.999599049028E-1,-1.934586573244E-3,8.743338121476E-3));
#357=VECTOR('',#356,3.986291503412E1);
#358=CARTESIAN_POINT('',(7.990230919226E1,-1.527213227685E1,6.001373937772E2));
#359=LINE('',#358,#357);
#360=DIRECTION('',(9.999593015489E-1,2.475060992050E-3,-8.675789241919E-3));
#361=VECTOR('',#360,3.986840999099E1);
#362=CARTESIAN_POINT('',(4.003552178381E1,-1.537080902323E1,6.004832836997E2));
#363=LINE('',#362,#361);
#364=DIRECTION('',(1.161021003113E-2,6.609495843185E-4,9.999323807982E-1));
#365=VECTOR('',#364,3.053701332824E0);
#366=CARTESIAN_POINT('',(4.000006766996E1,-1.537282736586E1,5.974297888558E2));
#367=LINE('',#366,#365);
#368=DIRECTION('',(1.398393472335E-3,-9.402989156555E-1,3.403468726356E-1));
#369=VECTOR('',#368,9.329495341984E-2);
#370=CARTESIAN_POINT('',(3.999993720691E1,-1.528510222232E1,5.973980362101E2));
#371=LINE('',#370,#369);
#372=DIRECTION('',(-2.569893899782E-2,8.714363218241E-2,-9.958642236291E-1));
#373=VECTOR('',#372,3.639336584274E-2);
#374=CARTESIAN_POINT('',(4.000176626225E1,-1.509853671613E1,5.974851126682E2));
#375=LINE('',#374,#373);
#376=DIRECTION('',(-9.435139051355E-3,8.717135405548E-2,-9.961486501438E-1));
#377=VECTOR('',#376,3.011455209482E0);
#378=CARTESIAN_POINT('',(4.003017976090E1,-1.536104934442E1,6.004849697101E2));
#379=LINE('',#378,#377);
#380=DIRECTION('',(-4.747177125670E-1,8.672917499890E-1,1.498269460950E-1));
#381=VECTOR('',#380,1.125305159607E-2);
#382=CARTESIAN_POINT('',(4.003552178381E1,-1.537080902323E1,6.004832836997E2));
#383=LINE('',#382,#381);
#384=DIRECTION('',(8.453832439302E-3,-3.056308938241E-6,9.999642657154E-1));
#385=VECTOR('',#384,2.741152231124E-1);
#386=CARTESIAN_POINT('',(3.999775034580E1,-1.537282652808E1,5.971556834280E2));
#387=LINE('',#386,#385);
#388=DIRECTION('',(-2.223855277355E-3,9.999975269919E-1,2.185718501994E-5));
#389=VECTOR('',#388,1.372083530117E1);
#390=CARTESIAN_POINT('',(4.003058082196E1,-2.909362873529E1,5.974294889569E2));
#391=LINE('',#390,#389);
#392=DIRECTION('',(2.435720450956E-2,-8.711549325564E-2,9.959004053736E-1));
#393=VECTOR('',#392,2.618676807530E-1);
#394=CARTESIAN_POINT('',(4.002420245730E1,-2.907081600312E1,5.971686948275E2));
#395=LINE('',#394,#393);
#396=DIRECTION('',(-9.999869772057E-1,-1.764783669963E-3,4.788627942289E-3));
#397=VECTOR('',#396,1.699116518650E-2);
#398=CARTESIAN_POINT('',(4.004107429436E1,-2.906962376263E1,5.971553303953E2));
#399=LINE('',#398,#397);
#400=DIRECTION('',(9.999888280465E-1,2.223927101458E-3,-4.171082647177E-3));
#401=VECTOR('',#400,1.286425851807E-2);
#402=CARTESIAN_POINT('',(3.999775034580E1,-1.537282652808E1,5.971556834280E2));
#403=LINE('',#402,#401);
#404=DIRECTION('',(-1.922558819881E-3,9.999981516854E-1,1.983435822529E-5));
#405=VECTOR('',#404,1.369685253638E1);
#406=CARTESIAN_POINT('',(4.002408335045E1,-2.906965374836E1,5.971554117597E2));
#407=LINE('',#406,#405);
#408=DIRECTION('',(8.484417961944E-3,3.403461114099E-1,9.402619523835E-1));
#409=VECTOR('',#408,2.577502807145E-1);
#410=CARTESIAN_POINT('',(3.999775034580E1,-1.537282652808E1,5.971556834280E2));
#411=LINE('',#410,#409);
#412=DIRECTION('',(9.999598662011E-1,2.211768133876E-3,-8.681824045497E-3));
#413=VECTOR('',#412,1.357715694266E-2);
#414=CARTESIAN_POINT('',(4.000083099136E1,-1.509536526605E1,5.974488698172E2));
#415=LINE('',#414,#413);
#416=DIRECTION('',(4.550129192815E-3,9.659237902515E-1,2.587866452321E-1));
#417=VECTOR('',#416,1.964305654245E-1);
#418=CARTESIAN_POINT('',(3.999993720691E1,-1.528510222232E1,5.973980362101E2));
#419=LINE('',#418,#417);
#420=DIRECTION('',(-9.999578438055E-1,-4.135238254342E-4,9.172764571079E-3));
#421=VECTOR('',#420,1.305733573182E-2);
#422=CARTESIAN_POINT('',(4.001299399219E1,-1.528509682280E1,5.973979164383E2));
#423=LINE('',#422,#421);
#424=DIRECTION('',(8.703995963624E-3,-8.716031820095E-2,9.961562725724E-1));
#425=VECTOR('',#424,9.515989986522E-1);
#426=CARTESIAN_POINT('',(4.000612488955E1,-1.501239356500E1,5.965008106312E2));
#427=LINE('',#426,#425);
#428=DIRECTION('',(-8.799343614383E-3,-4.162893298675E-2,-9.990943916820E-1));
#429=VECTOR('',#428,4.003470460361E0);
#430=CARTESIAN_POINT('',(4.011892441766E1,2.502017671609E1,6.004842411862E2));
#431=LINE('',#430,#429);
#432=DIRECTION('',(3.416695613852E-3,9.848061803782E-1,1.736234813609E-1));
#433=VECTOR('',#432,2.742894291709E-1);
#434=CARTESIAN_POINT('',(4.001528749723E1,-1.509850670456E1,5.974849946424E2));
#435=LINE('',#434,#433);
#436=DIRECTION('',(2.417833047432E-2,-8.714778974E-2,9.959019384854E-1));
#437=VECTOR('',#436,3.639183564014E-2);
#438=CARTESIAN_POINT('',(4.001440760340E1,-1.509533523652E1,5.974487519427E2));
#439=LINE('',#438,#437);
#440=DIRECTION('',(-1.949270958589E-3,-9.999981000248E-1,1.701528354948E-5));
#441=VECTOR('',#440,3.994459669347E1);
#442=CARTESIAN_POINT('',(7.995556472330E1,2.483901832415E1,5.961364397795E2));
#443=LINE('',#442,#441);
#444=DIRECTION('',(1.949422933554E-3,9.999980997285E-1,-1.701664460806E-5));
#445=VECTOR('',#444,4.004585502789E1);
#446=CARTESIAN_POINT('',(4.000563019724E1,-1.519226241731E1,5.964850777481E2));
#447=LINE('',#446,#445);
#448=DIRECTION('',(-9.999595559466E-1,-2.175869703930E-3,8.726514886596E-3));
#449=VECTOR('',#448,3.987368433719E1);
#450=CARTESIAN_POINT('',(7.987770188101E1,-1.510550247558E1,5.961371194482E2));
#451=LINE('',#450,#449);
#452=DIRECTION('',(-9.999617359738E-1,7.060921209559E-4,8.719404917639E-3));
#453=VECTOR('',#452,4.242976199502E0);
#454=CARTESIAN_POINT('',(7.995556472330E1,2.483901832415E1,5.961364397795E2));
#455=LINE('',#454,#453);
#456=DIRECTION('',(0.E0,-9.991330730922E-1,4.163054471537E-2));
#457=VECTOR('',#456,9.999999999956E-2);
#458=CARTESIAN_POINT('',(7.995556472330E1,2.493893163146E1,5.961322767251E2));
#459=LINE('',#458,#457);
#460=DIRECTION('',(-8.718986286586E-3,-4.154362972009E-2,-9.990986468351E-1));
#461=VECTOR('',#460,1.701465866517E1);
#462=CARTESIAN_POINT('',(7.571275087715E1,2.484201425621E1,5.961734360071E2));
#463=LINE('',#462,#461);
#464=DIRECTION('',(2.678419795168E-6,-9.991202377609E-1,4.193745926213E-2));
#465=VECTOR('',#464,9.854684294445E-2);
#466=CARTESIAN_POINT('',(7.571275061320E1,2.494047440136E1,5.961693032029E2));
#467=LINE('',#466,#465);
#468=DIRECTION('',(6.097126115248E-8,-9.999999999756E-1,6.986613159256E-6));
#469=VECTOR('',#468,4.329086634391E0);
#470=CARTESIAN_POINT('',(7.571275087715E1,2.484201425621E1,5.961734360071E2));
#471=LINE('',#470,#469);
#472=DIRECTION('',(7.286937123406E-8,1.E0,-6.279674426512E-10));
#473=VECTOR('',#472,3.622235954671E0);
#474=CARTESIAN_POINT('',(7.556440003762E1,2.051292762214E1,5.791741135606E2));
#475=LINE('',#474,#473);
#476=DIRECTION('',(9.999619230642E-1,1.332267629503E-14,-8.726535498258E-3));
#477=VECTOR('',#476,8.000000000283E0);
#478=CARTESIAN_POINT('',(4.456558042263E1,2.414061766155E1,5.794446361611E2));
#479=LINE('',#478,#477);
#480=DIRECTION('',(5.875993219172E-14,1.E0,5.703630751410E-12));
#481=VECTOR('',#480,3.627690039405E0);
#482=CARTESIAN_POINT('',(4.456558042263E1,2.051292762214E1,5.794446361611E2));
#483=LINE('',#482,#481);
#484=DIRECTION('',(6.252776074689E-14,1.E0,5.138645065017E-12));
#485=VECTOR('',#484,2.5E0);
#486=CARTESIAN_POINT('',(4.706548523029E1,1.801292762214E1,5.794228198223E2));
#487=LINE('',#486,#485);
#488=DIRECTION('',(-9.999619230642E-1,5.977440567721E-12,8.726535498100E-3));
#489=VECTOR('',#488,8.000000263471E0);
#490=CARTESIAN_POINT('',(7.556440030157E1,2.413516357681E1,5.791741135583E2));
#491=LINE('',#490,#489);
#492=DIRECTION('',(-2.718506455590E-6,-9.991330720984E-1,4.163056847921E-2));
#493=VECTOR('',#492,9.709367654039E-2);
#494=CARTESIAN_POINT('',(7.556440056552E1,2.423217308013E1,5.791700714934E2));
#495=LINE('',#494,#493);
#496=DIRECTION('',(-9.999618569622E-1,3.636056218020E-4,8.726534921560E-3));
#497=VECTOR('',#496,4.630412166568E0);
#498=CARTESIAN_POINT('',(4.471393205401E1,2.495174617600E1,5.964398257941E2));
#499=LINE('',#498,#497);
#500=DIRECTION('',(8.718970805300E-3,4.162896229578E-2,9.990950950967E-1));
#501=VECTOR('',#500,1.701487051447E1);
#502=CARTESIAN_POINT('',(4.456557989473E1,2.424343477288E1,5.794403521194E2));
#503=LINE('',#502,#501);
#504=DIRECTION('',(-9.999619890516E-1,3.629755039373E-4,8.711412094353E-3));
#505=VECTOR('',#504,8.000000275718E0);
#506=CARTESIAN_POINT('',(5.256527608286E1,2.424053096875E1,5.793706608202E2));
#507=LINE('',#506,#505);
#508=DIRECTION('',(-9.999618569622E-1,3.636056217311E-4,8.726534921506E-3));
#509=VECTOR('',#508,1.500000097639E1);
#510=CARTESIAN_POINT('',(6.756470491364E1,2.423507688407E1,5.792397627879E2));
#511=LINE('',#510,#509);
#512=DIRECTION('',(-9.999619890516E-1,3.629755039714E-4,8.711412095385E-3));
#513=VECTOR('',#512,7.999999739459E0);
#514=CARTESIAN_POINT('',(7.556440056552E1,2.423217308013E1,5.791700714934E2));
#515=LINE('',#514,#513);
#516=DIRECTION('',(-8.718970805299E-3,-4.162896229580E-2,-9.990950950967E-1));
#517=VECTOR('',#516,1.701462833007E1);
#518=CARTESIAN_POINT('',(7.571275061320E1,2.494047440136E1,5.961693032029E2));
#519=LINE('',#518,#517);
#520=DIRECTION('',(-9.999618569622E-1,3.636056217352E-4,8.726534921456E-3));
#521=VECTOR('',#520,4.242975950092E0);
#522=CARTESIAN_POINT('',(7.995556472330E1,2.493893163146E1,5.961322767251E2));
#523=LINE('',#522,#521);
#524=DIRECTION('',(-8.799343614374E-3,-4.162893298685E-2,-9.990943916820E-1));
#525=VECTOR('',#524,4.003470460361E0);
#526=CARTESIAN_POINT('',(7.999079263553E1,2.510559183496E1,6.001321216093E2));
#527=LINE('',#526,#525);
#528=DIRECTION('',(9.999618569622E-1,-3.636056217300E-4,-8.726534921512E-3));
#529=VECTOR('',#528,3.987338911006E1);
#530=CARTESIAN_POINT('',(4.011892441766E1,2.512009002340E1,6.004800781318E2));
#531=LINE('',#530,#529);
#532=DIRECTION('',(8.799343614384E-3,4.162893298685E-2,9.990943916820E-1));
#533=VECTOR('',#532,4.003470460361E0);
#534=CARTESIAN_POINT('',(4.008369650543E1,2.495342981989E1,5.964802332476E2));
#535=LINE('',#534,#533);
#536=DIRECTION('',(-9.999617969987E-1,5.728255929728E-4,8.722179427827E-3));
#537=VECTOR('',#536,4.630412356247E0);
#538=CARTESIAN_POINT('',(4.471393196602E1,2.485086409388E1,5.964440090146E2));
#539=LINE('',#538,#537);
#540=DIRECTION('',(8.718975962137E-3,4.157207458997E-2,9.990974637504E-1));
#541=VECTOR('',#540,1.701485036002E1);
#542=CARTESIAN_POINT('',(4.456557989473E1,2.414352146558E1,5.794445151739E2));
#543=LINE('',#542,#541);
#544=DIRECTION('',(8.713905578381E-7,9.991413744064E-1,-4.143083330645E-2));
#545=VECTOR('',#544,1.009687764931E-1);
#546=CARTESIAN_POINT('',(4.471393196602E1,2.485086409388E1,5.964440090146E2));
#547=LINE('',#546,#545);
#548=DIRECTION('',(8.718970788648E-3,4.162896229570E-2,9.990950950968E-1));
#549=VECTOR('',#548,1.701474942227E1);
#550=CARTESIAN_POINT('',(5.256527580743E1,2.414061766155E1,5.793748238771E2));
#551=LINE('',#550,#549);
#552=DIRECTION('',(9.999619890516E-1,-3.629755039332E-4,-8.711412094261E-3));
#553=VECTOR('',#552,8.000000000283E0);
#554=CARTESIAN_POINT('',(4.456557989473E1,2.414352146558E1,5.794445151739E2));
#555=LINE('',#554,#553);
#556=DIRECTION('',(-9.999618716610E-1,2.425087715128E-4,8.729055713332E-3));
#557=VECTOR('',#556,7.999999971308E0);
#558=CARTESIAN_POINT('',(5.271362691062E1,2.484892402372E1,5.963741765692E2));
#559=LINE('',#558,#557);
#560=DIRECTION('',(-8.718944893916E-3,-4.174273730617E-2,-9.990903482079E-1));
#561=VECTOR('',#560,1.701485044275E1);
#562=CARTESIAN_POINT('',(4.471393196602E1,2.485086409388E1,5.964440090146E2));
#563=LINE('',#562,#561);
#564=DIRECTION('',(1.014114449036E-7,9.999999999892E-1,4.647709687600E-6));
#565=VECTOR('',#564,4.337936472003E0);
#566=CARTESIAN_POINT('',(4.471393152611E1,2.051292762193E1,5.964439888532E2));
#567=LINE('',#566,#565);
#568=DIRECTION('',(8.726535498368E-3,-1.264766069652E-11,9.999619230642E-1));
#569=VECTOR('',#568,1.700000000002E1);
#570=CARTESIAN_POINT('',(4.706548523029E1,2.051292762214E1,5.794228198223E2));
#571=LINE('',#570,#569);
#572=DIRECTION('',(9.999619230642E-1,0.E0,-8.726535498954E-3));
#573=VECTOR('',#572,2.5E0);
#574=CARTESIAN_POINT('',(4.456558042263E1,2.051292762214E1,5.794446361611E2));
#575=LINE('',#574,#573);
#576=DIRECTION('',(-8.726535498367E-3,1.264954154494E-11,-9.999619230642E-1));
#577=VECTOR('',#576,1.700000000002E1);
#578=CARTESIAN_POINT('',(4.471393152611E1,2.051292762193E1,5.964439888532E2));
#579=LINE('',#578,#577);
#580=DIRECTION('',(-9.999619230642E-1,0.E0,8.726535498408E-3));
#581=VECTOR('',#580,2.5E0);
#582=CARTESIAN_POINT('',(4.721383633377E1,2.051292762193E1,5.964221725144E2));
#583=LINE('',#582,#581);
#584=DIRECTION('',(1.136868377216E-14,1.E0,-1.364242052659E-13));
#585=VECTOR('',#584,2.5E0);
#586=CARTESIAN_POINT('',(4.721383633377E1,1.801292762193E1,5.964221725144E2));
#587=LINE('',#586,#585);
#588=DIRECTION('',(-9.999619230642E-1,0.E0,8.726535498379E-3));
#589=VECTOR('',#588,2.6E1);
#590=CARTESIAN_POINT('',(7.321284633344E1,1.801292762193E1,5.961952825915E2));
#591=LINE('',#590,#589);
#592=DIRECTION('',(8.726535498368E-3,-1.265204934281E-11,9.999619230642E-1));
#593=VECTOR('',#592,1.700000000004E1);
#594=CARTESIAN_POINT('',(7.306449522996E1,1.801292762214E1,5.791959298993E2));
#595=LINE('',#594,#593);
#596=DIRECTION('',(9.999619230642E-1,0.E0,-8.726535498777E-3));
#597=VECTOR('',#596,2.6E1);
#598=CARTESIAN_POINT('',(4.706548523029E1,1.801292762214E1,5.794228198223E2));
#599=LINE('',#598,#597);
#600=DIRECTION('',(-8.726535498368E-3,1.265163137650E-11,-9.999619230642E-1));
#601=VECTOR('',#600,1.700000000003E1);
#602=CARTESIAN_POINT('',(4.721383633377E1,1.801292762193E1,5.964221725144E2));
#603=LINE('',#602,#601);
#604=DIRECTION('',(1.136868377216E-13,1.E0,1.127773430198E-11));
#605=VECTOR('',#604,2.5E0);
#606=CARTESIAN_POINT('',(7.306449522996E1,1.801292762214E1,5.791959298993E2));
#607=LINE('',#606,#605);
#608=DIRECTION('',(0.E0,-1.E0,0.E0));
#609=VECTOR('',#608,2.5E0);
#610=CARTESIAN_POINT('',(7.321284633344E1,2.051292762193E1,5.961952825915E2));
#611=LINE('',#610,#609);
#612=DIRECTION('',(-8.726535498368E-3,1.264975052810E-11,-9.999619230642E-1));
#613=VECTOR('',#612,1.700000000001E1);
#614=CARTESIAN_POINT('',(7.321284633344E1,2.051292762193E1,5.961952825915E2));
#615=LINE('',#614,#613);
#616=DIRECTION('',(-9.999619230642E-1,0.E0,8.726535498363E-3));
#617=VECTOR('',#616,2.5E0);
#618=CARTESIAN_POINT('',(7.571275114110E1,2.051292762193E1,5.961734662527E2));
#619=LINE('',#618,#617);
#620=DIRECTION('',(8.726535498369E-3,-1.265184035967E-11,9.999619230642E-1));
#621=VECTOR('',#620,1.700000000002E1);
#622=CARTESIAN_POINT('',(7.556440003762E1,2.051292762214E1,5.791741135606E2));
#623=LINE('',#622,#621);
#624=DIRECTION('',(9.999619230642E-1,1.705302565824E-14,-8.726535500228E-3));
#625=VECTOR('',#624,2.5E0);
#626=CARTESIAN_POINT('',(7.306449522996E1,2.051292762214E1,5.791959298994E2));
#627=LINE('',#626,#625);
#628=DIRECTION('',(-2.754237087337E-6,-9.991330720884E-1,4.163056871522E-2));
#629=VECTOR('',#628,9.999999999822E-2);
#630=CARTESIAN_POINT('',(5.256527608286E1,2.424053096875E1,5.793706608202E2));
#631=LINE('',#630,#629);
#632=DIRECTION('',(0.E0,9.991330730923E-1,-4.163054471268E-2));
#633=VECTOR('',#632,9.999999999783E-2);
#634=CARTESIAN_POINT('',(4.456557989473E1,2.414352146558E1,5.794445151739E2));
#635=LINE('',#634,#633);
#636=DIRECTION('',(-9.999618569622E-1,3.636056217209E-4,8.726534921282E-3));
#637=VECTOR('',#636,1.500000099177E1);
#638=CARTESIAN_POINT('',(6.756470465360E1,2.413516357686E1,5.792439258446E2));
#639=LINE('',#638,#637);
#640=DIRECTION('',(-2.600430519853E-6,-9.991330721434E-1,4.163056740671E-2));
#641=VECTOR('',#640,9.999999999817E-2);
#642=CARTESIAN_POINT('',(6.756470491364E1,2.423507688407E1,5.792397627879E2));
#643=LINE('',#642,#641);
#644=DIRECTION('',(-7.105427357628E-14,-9.991330730923E-1,4.163054471421E-2));
#645=VECTOR('',#644,9.999999999962E-2);
#646=CARTESIAN_POINT('',(4.008369650543E1,2.495342981989E1,5.964802332476E2));
#647=LINE('',#646,#645);
#648=DIRECTION('',(9.999618569622E-1,-3.636056217286E-4,-8.726534921509E-3));
#649=VECTOR('',#648,3.987338911006E1);
#650=CARTESIAN_POINT('',(4.011892441766E1,2.502017671609E1,6.004842411862E2));
#651=LINE('',#650,#649);
#652=DIRECTION('',(-7.105427357600E-14,-9.991330730924E-1,4.163054471064E-2));
#653=VECTOR('',#652,1.E-1);
#654=CARTESIAN_POINT('',(4.011892441766E1,2.512009002340E1,6.004800781318E2));
#655=LINE('',#654,#653);
#656=DIRECTION('',(0.E0,-9.991330730924E-1,4.163054471179E-2));
#657=VECTOR('',#656,9.999999999996E-2);
#658=CARTESIAN_POINT('',(7.999079263553E1,2.510559183496E1,6.001321216093E2));
#659=LINE('',#658,#657);
#660=DIRECTION('',(8.963389110133E-3,-1.736500926945E-1,9.847666236032E-1));
#661=VECTOR('',#660,3.000000000009E0);
#662=CARTESIAN_POINT('',(4.000335838839E1,-1.482841093358E1,5.975327302255E2));
#663=LINE('',#662,#661);
#664=DIRECTION('',(-8.258706491783E-3,1.736802043755E-1,-9.847674752830E-1));
#665=VECTOR('',#664,2.998993232494E0);
#666=CARTESIAN_POINT('',(4.004099246559E1,-1.534925053704E1,6.004859287219E2));
#667=LINE('',#666,#665);
#668=DIRECTION('',(5.796398905029E-3,9.847990879748E-1,1.736005705167E-1));
#669=VECTOR('',#668,1.186854547012E-2);
#670=CARTESIAN_POINT('',(4.003017976090E1,-1.536104934442E1,6.004849697101E2));
#671=LINE('',#670,#669);
#672=DIRECTION('',(-9.999594421146E-1,-2.219497862108E-3,8.728571193203E-3));
#673=VECTOR('',#672,1.352178339467E-2);
#674=CARTESIAN_POINT('',(4.001528749723E1,-1.509850670456E1,5.974849946424E2));
#675=LINE('',#674,#673);
#676=DIRECTION('',(9.999597110633E-1,2.032680745491E-3,-8.743252206077E-3));
#677=VECTOR('',#676,1.286679071675E-2);
#678=CARTESIAN_POINT('',(4.000335838839E1,-1.482841093358E1,5.975327302255E2));
#679=LINE('',#678,#677);
#680=DIRECTION('',(5.804423959861E-3,9.847992085396E-1,1.735996184394E-1));
#681=VECTOR('',#680,2.742952880234E-1);
#682=CARTESIAN_POINT('',(4.000176626225E1,-1.509853671613E1,5.974851126682E2));
#683=LINE('',#682,#681);
#684=DIRECTION('',(9.999873058865E-1,1.790719555134E-3,-4.709712225692E-3));
#685=VECTOR('',#684,1.698694454118E-2);
#686=CARTESIAN_POINT('',(4.000721572839E1,-2.907084642197E1,5.971687748311E2));
#687=LINE('',#686,#685);
#688=DIRECTION('',(4.185871266980E-2,9.953446144593E-1,8.681558984718E-2));
#689=VECTOR('',#688,1.210999205981E-1);
#690=CARTESIAN_POINT('',(4.000214664161E1,-2.919138257575E1,5.971582614701E2));
#691=LINE('',#690,#689);
#692=DIRECTION('',(-8.610255410719E-3,8.715850121902E-2,-9.961572462051E-1));
#693=VECTOR('',#692,2.741152230939E-1);
#694=CARTESIAN_POINT('',(4.000957593048E1,-2.909473789398E1,5.974418366969E2));
#695=LINE('',#694,#693);
#696=DIRECTION('',(2.983286111491E-2,9.957734897617E-1,8.686286597547E-2));
#697=VECTOR('',#696,1.114682716231E-1);
#698=CARTESIAN_POINT('',(4.000625051301E1,-2.920573504381E1,5.974321542434E2));
#699=LINE('',#698,#697);
#700=DIRECTION('',(-9.467879574627E-3,1.745600559623E-2,-9.998028041194E-1));
#701=VECTOR('',#700,1.495812763071E-2);
#702=CARTESIAN_POINT('',(3.999985792521E1,-2.931865207190E1,5.975163865049E2));
#703=LINE('',#702,#701);
#704=DIRECTION('',(9.008451803626E-3,2.401937915824E-1,9.706831564838E-1));
#705=VECTOR('',#704,9.999999361093E-1);
#706=CARTESIAN_POINT('',(3.999184163650E1,-3.180977463545E1,5.971026825637E2));
#707=LINE('',#706,#705);
#708=DIRECTION('',(4.072737451626E-4,-9.707233453626E-1,2.401999602335E-1));
#709=VECTOR('',#708,2.510444447088E0);
#710=CARTESIAN_POINT('',(3.999081919839E1,-2.937282760343E1,5.964996739073E2));
#711=LINE('',#710,#709);
#712=DIRECTION('',(8.789958753751E-3,-2.308749386292E-6,9.999613675637E-1));
#713=VECTOR('',#712,1.850483673126E-2);
#714=CARTESIAN_POINT('',(3.999065654164E1,-2.937282756071E1,5.964811697855E2));
#715=LINE('',#714,#713);
#716=DIRECTION('',(6.382481742197E-4,-9.663837048878E-1,2.571033402480E-1));
#717=VECTOR('',#716,1.149931191600E-1);
#718=CARTESIAN_POINT('',(3.999058314749E1,-2.926170008418E1,5.964516046705E2));
#719=LINE('',#718,#717);
#720=DIRECTION('',(-2.282637852942E-2,5.230313044968E-2,-9.983703416009E-1));
#721=VECTOR('',#720,3.701864949095E-1);
#722=CARTESIAN_POINT('',(4.000214664161E1,-2.919138257575E1,5.971582614701E2));
#723=LINE('',#722,#721);
#724=DIRECTION('',(-1.496129203631E-2,5.232412161165E-2,-9.985180749682E-1));
#725=VECTOR('',#724,2.742992642247E-1);
#726=CARTESIAN_POINT('',(4.000625051301E1,-2.920573504381E1,5.974321542434E2));
#727=LINE('',#726,#725);
#728=DIRECTION('',(7.783925847340E-2,5.195036669886E-2,-9.956114750444E-1));
#729=VECTOR('',#728,4.000314780418E-2);
#730=CARTESIAN_POINT('',(4.000313669765E1,-2.920781322201E1,5.974719818364E2));
#731=LINE('',#730,#729);
#732=DIRECTION('',(-1.308083179576E-2,5.247514971300E-2,-9.985365544146E-1));
#733=VECTOR('',#732,3.014422719403E0);
#734=CARTESIAN_POINT('',(4.004256785420E1,-2.936599550551E1,6.004819931121E2));
#735=LINE('',#734,#733);
#736=DIRECTION('',(1.883423781732E-1,8.885292968853E-1,4.183812103341E-1));
#737=VECTOR('',#736,5.220211127494E-2);
#738=CARTESIAN_POINT('',(4.003273598442E1,-2.941237861073E1,6.004601527296E2));
#739=LINE('',#738,#737);
#740=DIRECTION('',(6.638902604532E-3,9.335762692230E-1,3.583172819108E-1));
#741=VECTOR('',#740,2.869353170011E0);
#742=CARTESIAN_POINT('',(4.001368662819E1,-3.209113863828E1,5.994320139009E2));
#743=LINE('',#742,#741);
#744=DIRECTION('',(8.820099784857E-3,-3.583669347179E-1,9.335391507273E-1));
#745=VECTOR('',#744,1.455373608809E0);
#746=CARTESIAN_POINT('',(4.000085008773E1,-3.156958085922E1,5.980733656582E2));
#747=LINE('',#746,#745);
#748=DIRECTION('',(4.278746416876E-4,-9.707233720498E-1,2.401998165684E-1));
#749=VECTOR('',#748,2.318815897640E0);
#750=CARTESIAN_POINT('',(3.999985792521E1,-2.931865207190E1,5.975163865049E2));
#751=LINE('',#750,#749);
#752=DIRECTION('',(-2.987681601935E-2,-9.658859864350E-1,2.572384828774E-1));
#753=VECTOR('',#752,1.144832229508E-1);
#754=CARTESIAN_POINT('',(4.000313669765E1,-2.920781322201E1,5.974719818364E2));
#755=LINE('',#754,#753);
#756=CARTESIAN_POINT('',(4.004899012463E1,-2.940799731569E1,6.004774497493E2));
#757=CARTESIAN_POINT('',(4.004898515191E1,-2.939211523908E1,6.004805370775E2));
#758=CARTESIAN_POINT('',(4.004257282692E1,-2.938187758212E1,6.004789057839E2));
#759=CARTESIAN_POINT('',(4.004256785420E1,-2.936599550551E1,6.004819931121E2));
#761=DIRECTION('',(-1.502911728165E-1,9.829080521149E-1,1.063217967360E-1));
#762=VECTOR('',#761,4.273218648494E-2);
#763=CARTESIAN_POINT('',(4.004899012463E1,-2.940799731569E1,6.004774497493E2));
#764=LINE('',#763,#762);
#765=DIRECTION('',(-9.978227570849E-1,3.682432864205E-2,-5.471484500205E-2));
#766=VECTOR('',#765,2.413178236360E-2);
#767=CARTESIAN_POINT('',(4.006664709582E1,-2.936688414219E1,6.004833134789E2));
#768=LINE('',#767,#766);
#769=DIRECTION('',(3.912729878151E-1,9.110551329253E-1,1.299384230189E-1));
#770=VECTOR('',#769,4.512698739103E-2);
#771=CARTESIAN_POINT('',(4.004899012463E1,-2.940799731569E1,6.004774497493E2));
#772=LINE('',#771,#770);
#773=DIRECTION('',(3.912729878153E-1,9.110551329252E-1,1.299384230189E-1));
#774=VECTOR('',#773,4.512698739103E-2);
#775=CARTESIAN_POINT('',(4.004899012463E1,-2.940799731569E1,6.004774497493E2));
#776=LINE('',#775,#774);
#777=DIRECTION('',(-9.972216232117E-3,3.583690488756E-1,-9.335267429010E-1));
#778=VECTOR('',#777,1.455353930651E0);
#779=CARTESIAN_POINT('',(4.002674778107E1,-3.209116540932E1,5.994318795118E2));
#780=LINE('',#779,#778);
#781=DIRECTION('',(-2.086940594630E-3,-9.335803396866E-1,-3.583620990418E-1));
#782=VECTOR('',#781,2.869369335140E0);
#783=CARTESIAN_POINT('',(4.003273598442E1,-2.941237861073E1,6.004601527296E2));
#784=LINE('',#783,#782);
#785=DIRECTION('',(-6.734204870129E-1,-1.815201423394E-1,-7.166277175748E-1));
#786=VECTOR('',#785,2.413668802848E-2);
#787=CARTESIAN_POINT('',(4.004899012463E1,-2.940799731569E1,6.004774497493E2));
#788=LINE('',#787,#786);
#789=DIRECTION('',(1.123379336480E-1,-2.378821151304E-1,-9.647757708218E-1));
#790=VECTOR('',#789,1.478550730415E-1);
#791=CARTESIAN_POINT('',(4.003238039124E1,-2.937282523818E1,6.006200967414E2));
#792=LINE('',#791,#790);
#793=DIRECTION('',(-4.519390300797E-3,9.707224083572E-1,-2.401615727472E-1));
#794=VECTOR('',#793,4.E1);
#795=CARTESIAN_POINT('',(4.021315600327E1,-6.820172157247E1,6.102265596513E2));
#796=LINE('',#795,#794);
#797=DIRECTION('',(4.519390300797E-3,-9.707224083572E-1,2.401615727472E-1));
#798=VECTOR('',#797,3.847927176208E1);
#799=CARTESIAN_POINT('',(4.000322851741E1,-3.180980540197E1,5.971025845206E2));
#800=LINE('',#799,#798);
#801=DIRECTION('',(9.999593351509E-1,-2.700575949097E-3,-8.604355536018E-3));
#802=VECTOR('',#801,1.138505222189E-2);
#803=CARTESIAN_POINT('',(4.000085008773E1,-3.156958085922E1,5.980733656582E2));
#804=LINE('',#803,#802);
#805=DIRECTION('',(9.006159569344E-3,2.401937965540E-1,9.706831765240E-1));
#806=VECTOR('',#805,1.E0);
#807=CARTESIAN_POINT('',(4.000322851741E1,-3.180980540197E1,5.971025845206E2));
#808=LINE('',#807,#806);
#809=DIRECTION('',(9.999592846826E-1,-2.701816559738E-3,-8.609829520122E-3));
#810=VECTOR('',#809,1.138734454850E-2);
#811=CARTESIAN_POINT('',(3.999184163650E1,-3.180977463545E1,5.971026825637E2));
#812=LINE('',#811,#810);
#813=DIRECTION('',(9.999493352762E-1,2.187523652317E-3,-9.825559572133E-3));
#814=VECTOR('',#813,1.209204697386E-2);
#815=CARTESIAN_POINT('',(3.999081919839E1,-2.937282760343E1,5.964996739073E2));
#816=LINE('',#815,#814);
#817=DIRECTION('',(-9.999499020346E-1,6.403921801087E-3,7.693062236487E-3));
#818=VECTOR('',#817,4.000158003031E0);
#819=CARTESIAN_POINT('',(7.603068306512E1,-3.801931697694E1,5.983048482289E2));
#820=LINE('',#819,#818);
#821=CARTESIAN_POINT('',(7.414828880877E1,-6.326254705660E1,6.045687050261E2));
#822=DIRECTION('',(9.006159569341E-3,2.401937965541E-1,9.706831765240E-1));
#823=DIRECTION('',(-4.519390300778E-3,9.707224083572E-1,-2.401615727473E-1));
#824=AXIS2_PLACEMENT_3D('',#821,#822,#823);
#826=CARTESIAN_POINT('',(7.414828880877E1,-6.326254705660E1,6.045687050261E2));
#827=DIRECTION('',(9.006159569341E-3,2.401937965541E-1,9.706831765240E-1));
#828=DIRECTION('',(4.519390300805E-3,-9.707224083572E-1,2.401615727473E-1));
#829=AXIS2_PLACEMENT_3D('',#826,#827,#828);
#831=CARTESIAN_POINT('',(7.402174588035E1,-3.608231962259E1,5.978441809892E2));
#832=DIRECTION('',(9.006159569341E-3,2.401937965541E-1,9.706831765240E-1));
#833=DIRECTION('',(-4.519390300857E-3,9.707224083572E-1,-2.401615727473E-1));
#834=AXIS2_PLACEMENT_3D('',#831,#832,#833);
#836=CARTESIAN_POINT('',(7.402174588035E1,-3.608231962259E1,5.978441809892E2));
#837=DIRECTION('',(9.006159569341E-3,2.401937965541E-1,9.706831765240E-1));
#838=DIRECTION('',(4.519390300818E-3,-9.707224083572E-1,2.401615727473E-1));
#839=AXIS2_PLACEMENT_3D('',#836,#837,#838);
#841=CARTESIAN_POINT('',(4.602316741761E1,-3.614459057782E1,5.981193652810E2));
#842=DIRECTION('',(9.006159569341E-3,2.401937965541E-1,9.706831765240E-1));
#843=DIRECTION('',(-4.519390300857E-3,9.707224083572E-1,-2.401615727473E-1));
#844=AXIS2_PLACEMENT_3D('',#841,#842,#843);
#846=CARTESIAN_POINT('',(4.602316741761E1,-3.614459057782E1,5.981193652810E2));
#847=DIRECTION('',(9.006159569341E-3,2.401937965541E-1,9.706831765240E-1));
#848=DIRECTION('',(4.519390300772E-3,-9.707224083572E-1,2.401615727473E-1));
#849=AXIS2_PLACEMENT_3D('',#846,#847,#848);
#851=CARTESIAN_POINT('',(4.614971034604E1,-6.332481801182E1,6.048438893179E2));
#852=DIRECTION('',(9.006159569341E-3,2.401937965541E-1,9.706831765240E-1));
#853=DIRECTION('',(-4.519390300667E-3,9.707224083572E-1,-2.401615727473E-1));
#854=AXIS2_PLACEMENT_3D('',#851,#852,#853);
#856=CARTESIAN_POINT('',(4.614971034604E1,-6.332481801182E1,6.048438893179E2));
#857=DIRECTION('',(9.006159569341E-3,2.401937965541E-1,9.706831765240E-1));
#858=DIRECTION('',(4.519390300700E-3,-9.707224083572E-1,2.401615727473E-1));
#859=AXIS2_PLACEMENT_3D('',#856,#857,#858);
#861=DIRECTION('',(9.999492308118E-1,2.223962686547E-3,-9.828010421657E-3));
#862=VECTOR('',#861,4.E1);
#863=CARTESIAN_POINT('',(4.017713136500E1,-6.916249675868E1,6.063438269452E2));
#864=LINE('',#863,#862);
#865=DIRECTION('',(-9.006159569334E-3,-2.401937965541E-1,-9.706831765240E-1));
#866=VECTOR('',#865,4.E0);
#867=CARTESIAN_POINT('',(4.021315600327E1,-6.820172157247E1,6.102265596513E2));
#868=LINE('',#867,#866);
#869=DIRECTION('',(-9.999492308118E-1,-2.223962686548E-3,9.828010421657E-3));
#870=VECTOR('',#869,4.E1);
#871=CARTESIAN_POINT('',(8.021112523575E1,-6.811276306501E1,6.098334392344E2));
#872=LINE('',#871,#870);
#873=DIRECTION('',(9.006159569332E-3,2.401937965542E-1,9.706831765240E-1));
#874=VECTOR('',#873,4.E0);
#875=CARTESIAN_POINT('',(7.999432498544E1,-3.024464191693E1,5.963442436184E2));
#876=LINE('',#875,#874);
#877=DIRECTION('',(-4.519390300797E-3,9.707224083572E-1,-2.401615727472E-1));
#878=VECTOR('',#877,4.E1);
#879=CARTESIAN_POINT('',(8.017510059747E1,-6.907353825122E1,6.059507065283E2));
#880=LINE('',#879,#878);
#881=DIRECTION('',(-9.006159569335E-3,-2.401937965541E-1,-9.706831765240E-1));
#882=VECTOR('',#881,4.E0);
#883=CARTESIAN_POINT('',(8.021112523575E1,-6.811276306501E1,6.098334392344E2));
#884=LINE('',#883,#882);
#885=DIRECTION('',(4.519390300797E-3,-9.707224083572E-1,2.401615727472E-1));
#886=VECTOR('',#885,4.E1);
#887=CARTESIAN_POINT('',(8.003034962371E1,-2.928386673072E1,6.002269763245E2));
#888=LINE('',#887,#886);
#889=CARTESIAN_POINT('',(7.418431344705E1,-6.230177187038E1,6.084514377322E2));
#890=DIRECTION('',(-9.006159569341E-3,-2.401937965541E-1,-9.706831765240E-1));
#891=DIRECTION('',(-4.519390300739E-3,9.707224083572E-1,-2.401615727473E-1));
#892=AXIS2_PLACEMENT_3D('',#889,#890,#891);
#894=CARTESIAN_POINT('',(7.418431344705E1,-6.230177187038E1,6.084514377322E2));
#895=DIRECTION('',(-9.006159569341E-3,-2.401937965541E-1,-9.706831765240E-1));
#896=DIRECTION('',(4.519390300831E-3,-9.707224083572E-1,2.401615727473E-1));
#897=AXIS2_PLACEMENT_3D('',#894,#895,#896);
#899=CARTESIAN_POINT('',(7.405777051862E1,-3.512154443638E1,6.017269136953E2));
#900=DIRECTION('',(-9.006159569341E-3,-2.401937965541E-1,-9.706831765240E-1));
#901=DIRECTION('',(-4.519390300922E-3,9.707224083572E-1,-2.401615727473E-1));
#902=AXIS2_PLACEMENT_3D('',#899,#900,#901);
#904=CARTESIAN_POINT('',(7.405777051862E1,-3.512154443638E1,6.017269136953E2));
#905=DIRECTION('',(-9.006159569341E-3,-2.401937965541E-1,-9.706831765240E-1));
#906=DIRECTION('',(4.519390300792E-3,-9.707224083572E-1,2.401615727473E-1));
#907=AXIS2_PLACEMENT_3D('',#904,#905,#906);
#909=CARTESIAN_POINT('',(4.605919205589E1,-3.518381539160E1,6.020020979871E2));
#910=DIRECTION('',(-9.006159569341E-3,-2.401937965541E-1,-9.706831765240E-1));
#911=DIRECTION('',(-4.519390300824E-3,9.707224083572E-1,-2.401615727473E-1));
#912=AXIS2_PLACEMENT_3D('',#909,#910,#911);
#914=CARTESIAN_POINT('',(4.605919205589E1,-3.518381539160E1,6.020020979871E2));
#915=DIRECTION('',(-9.006159569341E-3,-2.401937965541E-1,-9.706831765240E-1));
#916=DIRECTION('',(4.519390300824E-3,-9.707224083572E-1,2.401615727473E-1));
#917=AXIS2_PLACEMENT_3D('',#914,#915,#916);
#919=CARTESIAN_POINT('',(4.618573498431E1,-6.236404282560E1,6.087266220240E2));
#920=DIRECTION('',(-9.006159569341E-3,-2.401937965541E-1,-9.706831765240E-1));
#921=DIRECTION('',(-4.519390300824E-3,9.707224083572E-1,-2.401615727473E-1));
#922=AXIS2_PLACEMENT_3D('',#919,#920,#921);
#924=CARTESIAN_POINT('',(4.618573498431E1,-6.236404282560E1,6.087266220240E2));
#925=DIRECTION('',(-9.006159569341E-3,-2.401937965541E-1,-9.706831765240E-1));
#926=DIRECTION('',(4.519390300818E-3,-9.707224083572E-1,2.401615727473E-1));
#927=AXIS2_PLACEMENT_3D('',#924,#925,#926);
#929=DIRECTION('',(9.999499020346E-1,-6.403921801068E-3,-7.693062236373E-3));
#930=VECTOR('',#929,4.000158003031E0);
#931=CARTESIAN_POINT('',(7.206675010015E1,-3.703292509168E1,6.022183543995E2));
#932=LINE('',#931,#930);
#933=DIRECTION('',(9.006159569339E-3,2.401937965541E-1,9.706831765240E-1));
#934=VECTOR('',#933,4.E0);
#935=CARTESIAN_POINT('',(7.415320454960E1,-6.431840182017E1,6.048299287688E2));
#936=LINE('',#935,#934);
#937=DIRECTION('',(-9.006159569347E-3,-2.401937965542E-1,-9.706831765240E-1));
#938=VECTOR('',#937,3.999999999999E0);
#939=CARTESIAN_POINT('',(7.417939770621E1,-6.124591710681E1,6.081902139895E2));
#940=LINE('',#939,#938);
#941=DIRECTION('',(9.006159569337E-3,2.401937965541E-1,9.706831765240E-1));
#942=VECTOR('',#941,4.000000000001E0);
#943=CARTESIAN_POINT('',(7.402666162118E1,-3.713817438616E1,5.981054047318E2));
#944=LINE('',#943,#942);
#945=DIRECTION('',(-9.006159569333E-3,-2.401937965541E-1,-9.706831765240E-1));
#946=VECTOR('',#945,4.000000000001E0);
#947=CARTESIAN_POINT('',(7.405285477779E1,-3.406568967281E1,6.014656899526E2));
#948=LINE('',#947,#946);
#949=DIRECTION('',(9.006159569344E-3,2.401937965541E-1,9.706831765240E-1));
#950=VECTOR('',#949,4.E0);
#951=CARTESIAN_POINT('',(4.602808315845E1,-3.720044534139E1,5.983805890237E2));
#952=LINE('',#951,#950);
#953=DIRECTION('',(-9.006159569344E-3,-2.401937965541E-1,-9.706831765240E-1));
#954=VECTOR('',#953,4.E0);
#955=CARTESIAN_POINT('',(4.605427631506E1,-3.412796062803E1,6.017408742444E2));
#956=LINE('',#955,#954);
#957=DIRECTION('',(9.006159569351E-3,2.401937965541E-1,9.706831765240E-1));
#958=VECTOR('',#957,4.E0);
#959=CARTESIAN_POINT('',(4.615462608687E1,-6.438067277539E1,6.051051130606E2));
#960=LINE('',#959,#958);
#961=DIRECTION('',(-9.006159569326E-3,-2.401937965541E-1,-9.706831765240E-1));
#962=VECTOR('',#961,4.E0);
#963=CARTESIAN_POINT('',(4.618081924348E1,-6.130818806203E1,6.084653982813E2));
#964=LINE('',#963,#962);
#965=DIRECTION('',(9.999492308118E-1,2.223962686591E-3,-9.828010421529E-3));
#966=VECTOR('',#965,4.E0);
#967=CARTESIAN_POINT('',(4.417679732676E1,-6.042704634021E1,6.082659550036E2));
#968=LINE('',#967,#966);
#969=DIRECTION('',(9.006159569345E-3,2.401937965541E-1,9.706831765240E-1));
#970=VECTOR('',#969,3.999999999999E0);
#971=CARTESIAN_POINT('',(4.414077268849E1,-6.138782152642E1,6.043832222976E2));
#972=LINE('',#971,#970);
#973=DIRECTION('',(-9.999492308118E-1,-2.223962686550E-3,9.828010421700E-3));
#974=VECTOR('',#973,4.E0);
#975=CARTESIAN_POINT('',(4.814056961173E1,-6.137892567568E1,6.043439102559E2));
#976=LINE('',#975,#974);
#977=DIRECTION('',(-9.006159569346E-3,-2.401937965541E-1,-9.706831765240E-1));
#978=VECTOR('',#977,4.E0);
#979=CARTESIAN_POINT('',(4.817659425001E1,-6.041815048946E1,6.082266429620E2));
#980=LINE('',#979,#978);
#981=DIRECTION('',(4.519390300802E-3,-9.707224083572E-1,2.401615727472E-1));
#982=VECTOR('',#981,2.4E1);
#983=CARTESIAN_POINT('',(4.406833195954E1,-3.712970853963E1,6.025020772577E2));
#984=LINE('',#983,#982);
#985=DIRECTION('',(9.006159569346E-3,2.401937965541E-1,9.706831765240E-1));
#986=VECTOR('',#985,4.E0);
#987=CARTESIAN_POINT('',(4.403230732127E1,-3.809048372585E1,5.986193445516E2));
#988=LINE('',#987,#986);
#989=DIRECTION('',(-4.519390300802E-3,9.707224083572E-1,-2.401615727472E-1));
#990=VECTOR('',#989,2.4E1);
#991=CARTESIAN_POINT('',(4.414077268849E1,-6.138782152642E1,6.043832222976E2));
#992=LINE('',#991,#990);
#993=DIRECTION('',(-9.999492308118E-1,-2.223962686564E-3,9.828010421614E-3));
#994=VECTOR('',#993,4.E0);
#995=CARTESIAN_POINT('',(4.806812888279E1,-3.712081268889E1,6.024627652160E2));
#996=LINE('',#995,#994);
#997=DIRECTION('',(9.006159569346E-3,2.401937965541E-1,9.706831765240E-1));
#998=VECTOR('',#997,4.E0);
#999=CARTESIAN_POINT('',(4.803210424451E1,-3.808158787510E1,5.985800325099E2));
#1000=LINE('',#999,#998);
#1001=DIRECTION('',(9.999492308118E-1,2.223962686543E-3,-9.828010421671E-3));
#1002=VECTOR('',#1001,4.E0);
#1003=CARTESIAN_POINT('',(4.403230732127E1,-3.809048372585E1,5.986193445516E2));
#1004=LINE('',#1003,#1002);
#1005=DIRECTION('',(4.519390300795E-3,-9.707224083572E-1,2.401615727473E-1));
#1006=VECTOR('',#1005,4.035553410154E0);
#1007=CARTESIAN_POINT('',(4.804989064185E1,-3.320341056353E1,6.014935803621E2));
#1008=LINE('',#1007,#1006);
#1009=DIRECTION('',(9.006159569346E-3,2.401937965541E-1,9.706831765240E-1));
#1010=VECTOR('',#1009,4.E0);
#1011=CARTESIAN_POINT('',(4.801386600357E1,-3.416418574974E1,5.976108476560E2));
#1012=LINE('',#1011,#1010);
#1013=DIRECTION('',(-4.519390300794E-3,9.707224083572E-1,-2.401615727472E-1));
#1014=VECTOR('',#1013,4.035553410154E0);
#1015=CARTESIAN_POINT('',(4.803210424451E1,-3.808158787510E1,5.985800325099E2));
#1016=LINE('',#1015,#1014);
#1017=DIRECTION('',(-9.999492308118E-1,-2.223962686539E-3,9.828010421661E-3));
#1018=VECTOR('',#1017,2.400000035763E1);
#1019=CARTESIAN_POINT('',(7.204867253894E1,-3.315003545825E1,6.012577081085E2));
#1020=LINE('',#1019,#1018);
#1021=DIRECTION('',(9.006159569351E-3,2.401937965541E-1,9.706831765240E-1));
#1022=VECTOR('',#1021,3.999999999999E0);
#1023=CARTESIAN_POINT('',(7.201264790067E1,-3.411081064447E1,5.973749754024E2));
#1024=LINE('',#1023,#1022);
#1025=DIRECTION('',(9.999492308118E-1,2.223962686543E-3,-9.828010421647E-3));
#1026=VECTOR('',#1025,2.400000035763E1);
#1027=CARTESIAN_POINT('',(4.801386600357E1,-3.416418574974E1,5.976108476560E2));
#1028=LINE('',#1027,#1026);
#1029=DIRECTION('',(-4.519390300796E-3,9.707224083572E-1,-2.401615727472E-1));
#1030=VECTOR('',#1029,4.E0);
#1031=CARTESIAN_POINT('',(7.206675010015E1,-3.703292509168E1,6.022183543995E2));
#1032=LINE('',#1031,#1030);
#1033=DIRECTION('',(9.006159569344E-3,2.401937965541E-1,9.706831765240E-1));
#1034=VECTOR('',#1033,3.999999999999E0);
#1035=CARTESIAN_POINT('',(7.203072546187E1,-3.799370027790E1,5.983356216934E2));
#1036=LINE('',#1035,#1034);
#1037=DIRECTION('',(4.519390300800E-3,-9.707224083572E-1,2.401615727472E-1));
#1038=VECTOR('',#1037,4.E0);
#1039=CARTESIAN_POINT('',(7.201264790067E1,-3.411081064447E1,5.973749754024E2));
#1040=LINE('',#1039,#1038);
#1041=DIRECTION('',(9.006159569339E-3,2.401937965541E-1,9.706831765240E-1));
#1042=VECTOR('',#1041,4.E0);
#1043=CARTESIAN_POINT('',(7.603068306512E1,-3.801931697694E1,5.983048482289E2));
#1044=LINE('',#1043,#1042);
#1045=DIRECTION('',(-4.519390300802E-3,9.707224083572E-1,-2.401615727472E-1));
#1046=VECTOR('',#1045,2.4E1);
#1047=CARTESIAN_POINT('',(7.617517307062E1,-6.035587959130E1,6.079514586810E2));
#1048=LINE('',#1047,#1046);
#1049=DIRECTION('',(9.006159569343E-3,2.401937965541E-1,9.706831765240E-1));
#1050=VECTOR('',#1049,4.E0);
#1051=CARTESIAN_POINT('',(7.613914843234E1,-6.131665477752E1,6.040687259749E2));
#1052=LINE('',#1051,#1050);
#1053=DIRECTION('',(4.519390300802E-3,-9.707224083572E-1,2.401615727472E-1));
#1054=VECTOR('',#1053,2.4E1);
#1055=CARTESIAN_POINT('',(7.603068306512E1,-3.801931697694E1,5.983048482289E2));
#1056=LINE('',#1055,#1054);
#1057=DIRECTION('',(9.999492308118E-1,2.223962686530E-3,-9.828010421813E-3));
#1058=VECTOR('',#1057,4.E0);
#1059=CARTESIAN_POINT('',(7.217537614737E1,-6.036477544205E1,6.079907707226E2));
#1060=LINE('',#1059,#1058);
#1061=DIRECTION('',(9.006159569349E-3,2.401937965541E-1,9.706831765240E-1));
#1062=VECTOR('',#1061,4.E0);
#1063=CARTESIAN_POINT('',(7.213935150910E1,-6.132555062826E1,6.041080380165E2));
#1064=LINE('',#1063,#1062);
#1065=DIRECTION('',(-9.999492308118E-1,-2.223962686553E-3,9.828010421728E-3));
#1066=VECTOR('',#1065,4.E0);
#1067=CARTESIAN_POINT('',(7.613914843234E1,-6.131665477752E1,6.040687259749E2));
#1068=LINE('',#1067,#1066);
#1069=DIRECTION('',(-4.519390300793E-3,9.707224083572E-1,-2.401615727473E-1));
#1070=VECTOR('',#1069,4.E0);
#1071=CARTESIAN_POINT('',(7.219345370858E1,-6.424766507548E1,6.089514170136E2));
#1072=LINE('',#1071,#1070);
#1073=DIRECTION('',(4.519390300796E-3,-9.707224083572E-1,2.401615727472E-1));
#1074=VECTOR('',#1073,4.E0);
#1075=CARTESIAN_POINT('',(7.213935150910E1,-6.132555062826E1,6.041080380165E2));
#1076=LINE('',#1075,#1074);
#1077=DIRECTION('',(9.006159569343E-3,2.401937965541E-1,9.706831765240E-1));
#1078=VECTOR('',#1077,4.E0);
#1079=CARTESIAN_POINT('',(4.815864717321E1,-6.526181536696E1,6.053045565612E2));
#1080=LINE('',#1079,#1078);
#1081=DIRECTION('',(-9.999492308118E-1,-2.223962686544E-3,9.828010421661E-3));
#1082=VECTOR('',#1081,2.400000035763E1);
#1083=CARTESIAN_POINT('',(7.215742907030E1,-6.520844026169E1,6.050686843075E2));
#1084=LINE('',#1083,#1082);
#1085=DIRECTION('',(-9.006159569341E-3,-2.401937965541E-1,-9.706831765240E-1));
#1086=VECTOR('',#1085,4.E0);
#1087=CARTESIAN_POINT('',(7.219345370858E1,-6.424766507548E1,6.089514170136E2));
#1088=LINE('',#1087,#1086);
#1089=DIRECTION('',(9.999492308118E-1,2.223962686546E-3,-9.828010421656E-3));
#1090=VECTOR('',#1089,2.400000035763E1);
#1091=CARTESIAN_POINT('',(4.819467181148E1,-6.430104018075E1,6.091872892673E2));
#1092=LINE('',#1091,#1090);
#1093=DIRECTION('',(-4.519390300799E-3,9.707224083573E-1,-2.401615727472E-1));
#1094=VECTOR('',#1093,4.000000059605E0);
#1095=CARTESIAN_POINT('',(4.815864717321E1,-6.526181536696E1,6.053045565612E2));
#1096=LINE('',#1095,#1094);
#1097=DIRECTION('',(4.519390300797E-3,-9.707224083572E-1,2.401615727473E-1));
#1098=VECTOR('',#1097,4.000000059605E0);
#1099=CARTESIAN_POINT('',(4.817659425001E1,-6.041815048946E1,6.082266429620E2));
#1100=LINE('',#1099,#1098);
#1101=DIRECTION('',(8.371926617906E-3,-1.908120284136E-1,9.815908927131E-1));
#1102=VECTOR('',#1101,1.102466184826E0);
#1103=CARTESIAN_POINT('',(7.986233560493E1,-2.951292196991E1,5.961644054602E2));
#1104=LINE('',#1103,#1102);
#1105=DIRECTION('',(-4.817586178568E-4,9.707234749956E-1,-2.401992985024E-1));
#1106=VECTOR('',#1105,7.540898229639E-1);
#1107=CARTESIAN_POINT('',(7.986269889420E1,-3.024493466331E1,5.963455373067E2));
#1108=LINE('',#1107,#1106);
#1109=DIRECTION('',(-9.999492307802E-1,-2.223973635240E-3,9.828011158052E-3));
#1110=VECTOR('',#1109,3.986138198796E1);
#1111=CARTESIAN_POINT('',(7.986233560493E1,-2.951292196991E1,5.961644054602E2));
#1112=LINE('',#1111,#1110);
#1113=DIRECTION('',(8.930083656235E-3,-1.918915062474E-1,9.813755160162E-1));
#1114=VECTOR('',#1113,1.861745127552E0);
#1115=CARTESIAN_POINT('',(7.987405993251E1,-2.949741367240E1,5.960953861709E2));
#1116=LINE('',#1115,#1114);
#1117=DIRECTION('',(9.342841086980E-3,-1.638719098642E-1,9.864373819346E-1));
#1118=VECTOR('',#1117,7.489375589363E-2);
#1119=CARTESIAN_POINT('',(7.987336021205E1,-2.948514068959E1,5.960215081704E2));
#1120=LINE('',#1119,#1118);
#1121=DIRECTION('',(9.999597186687E-1,2.013777510636E-3,-8.746755974229E-3));
#1122=VECTOR('',#1121,3.987368323150E1);
#1123=CARTESIAN_POINT('',(4.000128314560E1,-2.956543741614E1,5.963702735474E2));
#1124=LINE('',#1123,#1122);
#1125=DIRECTION('',(-8.946180671072E-3,1.908108077124E-1,-9.815860642407E-1));
#1126=VECTOR('',#1125,1.893771993356E-1);
#1127=CARTESIAN_POINT('',(4.000297734824E1,-2.960157263251E1,5.965561635671E2));
#1128=LINE('',#1127,#1126);
#1129=DIRECTION('',(-9.999597336762E-1,-2.079109149141E-3,8.729738330269E-3));
#1130=VECTOR('',#1129,1.571155427839E1);
#1131=CARTESIAN_POINT('',(5.574664925425E1,-2.954822720430E1,5.963071339592E2));
#1132=LINE('',#1131,#1130);
#1133=DIRECTION('',(9.708461929219E-3,-1.908093189932E-1,9.815791101854E-1));
#1134=VECTOR('',#1133,6.886894932746E-1);
#1135=CARTESIAN_POINT('',(7.987156537093E1,-2.972328577889E1,5.972465762267E2));
#1136=LINE('',#1135,#1134);
#1137=DIRECTION('',(-4.817586178121E-4,9.707234749985E-1,-2.401992984908E-1));
#1138=VECTOR('',#1137,2.899436297899E-1);
#1139=CARTESIAN_POINT('',(7.987170505377E1,-3.000474086675E1,5.973162204832E2));
#1140=LINE('',#1139,#1138);
#1141=DIRECTION('',(-1.047961841883E-2,-2.401968128896E-1,-9.706676406863E-1));
#1142=VECTOR('',#1141,6.246823712969E-1);
#1143=CARTESIAN_POINT('',(7.987825148666E1,-2.985469415210E1,5.979225794467E2));
#1144=LINE('',#1143,#1142);
#1145=DIRECTION('',(1.798796398676E-2,-1.743361478881E-2,9.996862018789E-1));
#1146=VECTOR('',#1145,1.224633109667E-2);
#1147=CARTESIAN_POINT('',(4.000232343466E1,-2.929952013591E1,5.964219551295E2));
#1148=LINE('',#1147,#1146);
#1149=DIRECTION('',(-9.999596400333E-1,-2.204440311914E-3,8.709692723220E-3));
#1150=VECTOR('',#1149,3.987371610988E1);
#1151=CARTESIAN_POINT('',(7.987443024269E1,-2.921162090873E1,5.960746673145E2));
#1152=LINE('',#1151,#1150);
#1153=DIRECTION('',(-2.214090427803E-2,-1.250977213320E-1,-9.918973437182E-1));
#1154=VECTOR('',#1153,1.478424410210E-2);
#1155=CARTESIAN_POINT('',(7.987475757922E1,-2.920977143348E1,5.960893317669E2));
#1156=LINE('',#1155,#1154);
#1157=DIRECTION('',(9.999600520301E-1,2.256172851582E-3,-8.648932195108E-3));
#1158=VECTOR('',#1157,3.987380673563E1);
#1159=CARTESIAN_POINT('',(4.000254372122E1,-2.929973363373E1,5.964341976178E2));
#1160=LINE('',#1159,#1158);
#1161=DIRECTION('',(9.999596340123E-1,2.169965113838E-3,-8.719036491648E-3));
#1162=VECTOR('',#1161,3.988038229731E1);
#1163=CARTESIAN_POINT('',(4.000312463240E1,-2.917185854777E1,5.964567407546E2));
#1164=LINE('',#1163,#1162);
#1165=DIRECTION('',(-9.999492308118E-1,-2.223962686545E-3,9.828010421651E-3));
#1166=VECTOR('',#1165,1.571155741062E1);
#1167=CARTESIAN_POINT('',(5.574664925425E1,-2.954822720430E1,5.963071339592E2));
#1168=LINE('',#1167,#1166);
#1169=DIRECTION('',(-9.300601111931E-3,1.307543060822E-1,-9.913711768354E-1));
#1170=VECTOR('',#1169,1.740578379016E-2);
#1171=CARTESIAN_POINT('',(4.003588950665E1,-2.958316912173E1,5.964615473092E2));
#1172=LINE('',#1171,#1170);
#1173=DIRECTION('',(9.999449698905E-1,-2.049556552902E-3,-1.028865922853E-2));
#1174=VECTOR('',#1173,1.306187168343E-2);
#1175=CARTESIAN_POINT('',(4.001368662819E1,-3.209113863828E1,5.994320139009E2));
#1176=LINE('',#1175,#1174);
#1177=DIRECTION('',(-9.999493358577E-1,-2.187319377598E-3,9.825545872251E-3));
#1178=VECTOR('',#1177,1.207863764945E-2);
#1179=CARTESIAN_POINT('',(4.000273456734E1,-2.937280114087E1,5.964810511063E2));
#1180=LINE('',#1179,#1178);
#1181=DIRECTION('',(-9.937678626063E-1,4.164709120902E-2,-1.033970746431E-1));
#1182=VECTOR('',#1181,1.179095829039E-2);
#1183=CARTESIAN_POINT('',(7.988671248391E1,-2.921106470123E1,5.961134708849E2));
#1184=LINE('',#1183,#1182);
#1185=DIRECTION('',(6.249137821042E-3,9.874566798722E-1,1.577664528736E-1));
#1186=VECTOR('',#1185,3.544227777857E-2);
#1187=CARTESIAN_POINT('',(7.988671248391E1,-2.921106470123E1,5.961134708849E2));
#1188=LINE('',#1187,#1186);
#1189=CARTESIAN_POINT('',(4.000291063273E1,-2.937280115179E1,5.964995550962E2));
#1190=CARTESIAN_POINT('',(4.000273456734E1,-2.937280114087E1,5.964810511063E2));
#1191=VERTEX_POINT('',#1189);
#1192=VERTEX_POINT('',#1190);
#1193=CARTESIAN_POINT('',(4.000232343466E1,-2.929952013591E1,5.964219551295E2));
#1194=CARTESIAN_POINT('',(4.000128314560E1,-2.956543741614E1,5.963702735474E2));
#1195=VERTEX_POINT('',#1193);
#1196=VERTEX_POINT('',#1194);
#1197=CARTESIAN_POINT('',(4.000297734824E1,-2.960157263251E1,5.965561635671E2));
#1198=VERTEX_POINT('',#1197);
#1199=VERTEX_POINT('',#133);
#1200=VERTEX_POINT('',#136);
#1201=CARTESIAN_POINT('',(7.989796823285E1,-2.967491093261E1,5.986488849083E2));
#1202=VERTEX_POINT('',#1201);
#1203=CARTESIAN_POINT('',(7.989068547225E1,-2.985466674918E1,5.979224572561E2));
#1204=VERTEX_POINT('',#1203);
#1205=CARTESIAN_POINT('',(7.987336021205E1,-2.948514068959E1,5.960215081704E2));
#1206=CARTESIAN_POINT('',(7.987443024269E1,-2.921162090873E1,5.960746673145E2));
#1207=VERTEX_POINT('',#1205);
#1208=VERTEX_POINT('',#1206);
#1209=CARTESIAN_POINT('',(7.987475757922E1,-2.920977143348E1,5.960893317669E2));
#1210=VERTEX_POINT('',#1209);
#1211=CARTESIAN_POINT('',(7.990782617008E1,-2.949635521394E1,5.960963191368E2));
#1212=VERTEX_POINT('',#1211);
#1213=VERTEX_POINT('',#163);
#1214=CARTESIAN_POINT('',(4.000254372122E1,-2.929973363373E1,5.964341976178E2));
#1215=VERTEX_POINT('',#1214);
#1216=CARTESIAN_POINT('',(7.994417299902E1,-2.930706652931E1,6.001348254524E2));
#1217=CARTESIAN_POINT('',(7.994413207718E1,-2.928087304651E1,6.001366575737E2));
#1218=VERTEX_POINT('',#1216);
#1219=VERTEX_POINT('',#1217);
#1220=CARTESIAN_POINT('',(7.993199892515E1,-2.967483507372E1,5.986485504383E2));
#1221=VERTEX_POINT('',#1220);
#1222=CARTESIAN_POINT('',(4.004899012463E1,-2.940799731569E1,6.004774497493E2));
#1223=VERTEX_POINT('',#1222);
#1224=CARTESIAN_POINT('',(4.001368662819E1,-3.209113863828E1,5.994320139009E2));
#1225=CARTESIAN_POINT('',(4.002674778107E1,-3.209116540932E1,5.994318795118E2));
#1226=VERTEX_POINT('',#1224);
#1227=VERTEX_POINT('',#1225);
#1228=CARTESIAN_POINT('',(4.003273598442E1,-2.941237861073E1,6.004601527296E2));
#1229=VERTEX_POINT('',#1228);
#1230=CARTESIAN_POINT('',(3.999985792521E1,-2.931865207190E1,5.975163865049E2));
#1231=CARTESIAN_POINT('',(4.000085008773E1,-3.156958085922E1,5.980733656582E2));
#1232=VERTEX_POINT('',#1230);
#1233=VERTEX_POINT('',#1231);
#1234=CARTESIAN_POINT('',(3.999184163650E1,-3.180977463545E1,5.971026825637E2));
#1235=VERTEX_POINT('',#1234);
#1236=CARTESIAN_POINT('',(3.999081919839E1,-2.937282760343E1,5.964996739073E2));
#1237=VERTEX_POINT('',#1236);
#1238=CARTESIAN_POINT('',(7.986233560493E1,-2.951292196991E1,5.961644054602E2));
#1239=VERTEX_POINT('',#1238);
#1240=CARTESIAN_POINT('',(7.986269889420E1,-3.024493466331E1,5.963455373067E2));
#1241=VERTEX_POINT('',#1240);
#1242=CARTESIAN_POINT('',(7.999432498544E1,-3.024464191693E1,5.963442436184E2));
#1243=VERTEX_POINT('',#1242);
#1244=CARTESIAN_POINT('',(8.017510059747E1,-6.907353825122E1,6.059507065283E2));
#1245=VERTEX_POINT('',#1244);
#1246=CARTESIAN_POINT('',(4.017713136500E1,-6.916249675868E1,6.063438269452E2));
#1247=VERTEX_POINT('',#1246);
#1248=CARTESIAN_POINT('',(4.000322851741E1,-3.180980540197E1,5.971025845206E2));
#1249=VERTEX_POINT('',#1248);
#1250=CARTESIAN_POINT('',(7.215742907030E1,-6.520844026169E1,6.050686843075E2));
#1251=CARTESIAN_POINT('',(4.815864717321E1,-6.526181536696E1,6.053045565612E2));
#1252=VERTEX_POINT('',#1250);
#1253=VERTEX_POINT('',#1251);
#1254=CARTESIAN_POINT('',(7.213935150910E1,-6.132555062826E1,6.041080380165E2));
#1255=VERTEX_POINT('',#1254);
#1256=CARTESIAN_POINT('',(7.613914843234E1,-6.131665477752E1,6.040687259749E2));
#1257=VERTEX_POINT('',#1256);
#1258=CARTESIAN_POINT('',(7.603068306512E1,-3.801931697694E1,5.983048482289E2));
#1259=VERTEX_POINT('',#1258);
#1260=CARTESIAN_POINT('',(7.203072546187E1,-3.799370027790E1,5.983356216934E2));
#1261=VERTEX_POINT('',#1260);
#1262=CARTESIAN_POINT('',(7.201264790067E1,-3.411081064447E1,5.973749754024E2));
#1263=VERTEX_POINT('',#1262);
#1264=CARTESIAN_POINT('',(4.801386600357E1,-3.416418574974E1,5.976108476560E2));
#1265=VERTEX_POINT('',#1264);
#1266=CARTESIAN_POINT('',(4.803210424451E1,-3.808158787510E1,5.985800325099E2));
#1267=VERTEX_POINT('',#1266);
#1268=CARTESIAN_POINT('',(4.403230732127E1,-3.809048372585E1,5.986193445516E2));
#1269=VERTEX_POINT('',#1268);
#1270=CARTESIAN_POINT('',(4.414077268849E1,-6.138782152642E1,6.043832222976E2));
#1271=VERTEX_POINT('',#1270);
#1272=CARTESIAN_POINT('',(4.814056961173E1,-6.137892567568E1,6.043439102559E2));
#1273=VERTEX_POINT('',#1272);
#1274=CARTESIAN_POINT('',(7.217537614737E1,-6.036477544205E1,6.079907707226E2));
#1275=CARTESIAN_POINT('',(7.617517307062E1,-6.035587959130E1,6.079514586810E2));
#1276=VERTEX_POINT('',#1274);
#1277=VERTEX_POINT('',#1275);
#1278=CARTESIAN_POINT('',(7.606670770340E1,-3.705854179073E1,6.021875809350E2));
#1279=VERTEX_POINT('',#1278);
#1280=CARTESIAN_POINT('',(7.206675010015E1,-3.703292509168E1,6.022183543995E2));
#1281=VERTEX_POINT('',#1280);
#1282=CARTESIAN_POINT('',(7.204867253894E1,-3.315003545825E1,6.012577081085E2));
#1283=VERTEX_POINT('',#1282);
#1284=CARTESIAN_POINT('',(4.804989064185E1,-3.320341056353E1,6.014935803621E2));
#1285=VERTEX_POINT('',#1284);
#1286=CARTESIAN_POINT('',(4.806812888279E1,-3.712081268889E1,6.024627652160E2));
#1287=VERTEX_POINT('',#1286);
#1288=CARTESIAN_POINT('',(4.406833195954E1,-3.712970853963E1,6.025020772577E2));
#1289=VERTEX_POINT('',#1288);
#1290=CARTESIAN_POINT('',(4.417679732676E1,-6.042704634021E1,6.082659550036E2));
#1291=VERTEX_POINT('',#1290);
#1292=CARTESIAN_POINT('',(4.817659425001E1,-6.041815048946E1,6.082266429620E2));
#1293=VERTEX_POINT('',#1292);
#1294=CARTESIAN_POINT('',(4.819467181148E1,-6.430104018075E1,6.091872892673E2));
#1295=VERTEX_POINT('',#1294);
#1296=CARTESIAN_POINT('',(4.003238039124E1,-2.937282523818E1,6.006200967414E2));
#1297=CARTESIAN_POINT('',(8.003034962371E1,-2.928386673072E1,6.002269763245E2));
#1298=VERTEX_POINT('',#1296);
#1299=VERTEX_POINT('',#1297);
#1300=CARTESIAN_POINT('',(4.021315600327E1,-6.820172157247E1,6.102265596513E2));
#1301=VERTEX_POINT('',#1300);
#1302=CARTESIAN_POINT('',(8.021112523575E1,-6.811276306501E1,6.098334392344E2));
#1303=VERTEX_POINT('',#1302);
#1304=CARTESIAN_POINT('',(7.219345370858E1,-6.424766507548E1,6.089514170136E2));
#1305=VERTEX_POINT('',#1304);
#1306=CARTESIAN_POINT('',(7.987825148666E1,-2.985469415210E1,5.979225794467E2));
#1307=VERTEX_POINT('',#1306);
#1308=CARTESIAN_POINT('',(7.987156537093E1,-2.972328577889E1,5.972465762267E2));
#1309=VERTEX_POINT('',#1308);
#1310=CARTESIAN_POINT('',(5.574664925425E1,-2.954822720430E1,5.963071339592E2));
#1311=CARTESIAN_POINT('',(4.003588950665E1,-2.958316912173E1,5.964615473092E2));
#1312=VERTEX_POINT('',#1310);
#1313=VERTEX_POINT('',#1311);
#1314=CARTESIAN_POINT('',(4.001223467698E1,-3.156961160542E1,5.980732676971E2));
#1315=VERTEX_POINT('',#1314);
#1316=CARTESIAN_POINT('',(7.987170505377E1,-3.000474086675E1,5.973162204832E2));
#1317=VERTEX_POINT('',#1316);
#1318=CARTESIAN_POINT('',(4.000313669765E1,-2.920781322201E1,5.974719818364E2));
#1319=CARTESIAN_POINT('',(3.999971630346E1,-2.931839096274E1,5.975014313270E2));
#1320=VERTEX_POINT('',#1318);
#1321=VERTEX_POINT('',#1319);
#1322=CARTESIAN_POINT('',(3.999058314749E1,-2.926170008418E1,5.964516046705E2));
#1323=CARTESIAN_POINT('',(3.999369662455E1,-2.917202066322E1,5.967886782527E2));
#1324=VERTEX_POINT('',#1322);
#1325=VERTEX_POINT('',#1323);
#1326=CARTESIAN_POINT('',(3.999065654164E1,-2.937282756071E1,5.964811697855E2));
#1327=VERTEX_POINT('',#1326);
#1328=CARTESIAN_POINT('',(7.988633653981E1,-2.928429305499E1,5.961085219117E2));
#1329=VERTEX_POINT('',#1328);
#1330=CARTESIAN_POINT('',(4.003484667862E1,-2.901095765005E1,5.964848133561E2));
#1331=CARTESIAN_POINT('',(4.004107429436E1,-2.906962376263E1,5.971553303953E2));
#1332=VERTEX_POINT('',#1330);
#1333=VERTEX_POINT('',#1331);
#1334=CARTESIAN_POINT('',(4.001373150267E1,-2.901100257628E1,5.964849976255E2));
#1335=VERTEX_POINT('',#1334);
#1336=CARTESIAN_POINT('',(4.000721572839E1,-2.907084642197E1,5.971687748311E2));
#1337=CARTESIAN_POINT('',(4.002420245730E1,-2.907081600312E1,5.971686948275E2));
#1338=VERTEX_POINT('',#1336);
#1339=VERTEX_POINT('',#1337);
#1340=CARTESIAN_POINT('',(4.000957593048E1,-2.909473789398E1,5.974418366969E2));
#1341=VERTEX_POINT('',#1340);
#1342=CARTESIAN_POINT('',(4.004256785420E1,-2.936599550551E1,6.004819931121E2));
#1343=VERTEX_POINT('',#1342);
#1344=CARTESIAN_POINT('',(4.003058082196E1,-2.909362873529E1,5.974294889569E2));
#1345=CARTESIAN_POINT('',(4.006664709582E1,-2.936688414219E1,6.004833134789E2));
#1346=VERTEX_POINT('',#1344);
#1347=VERTEX_POINT('',#1345);
#1348=CARTESIAN_POINT('',(4.002408335045E1,-2.906965374836E1,5.971554117597E2));
#1349=VERTEX_POINT('',#1348);
#1350=CARTESIAN_POINT('',(4.000214664161E1,-2.919138257575E1,5.971582614701E2));
#1351=CARTESIAN_POINT('',(4.002024424973E1,-2.919134695837E1,5.971581743661E2));
#1352=VERTEX_POINT('',#1350);
#1353=VERTEX_POINT('',#1351);
#1354=CARTESIAN_POINT('',(4.000625051301E1,-2.920573504381E1,5.974321542434E2));
#1355=VERTEX_POINT('',#1354);
#1356=CARTESIAN_POINT('',(4.000006766996E1,-1.537282736586E1,5.974297888558E2));
#1357=CARTESIAN_POINT('',(4.003552178381E1,-1.537080902323E1,6.004832836997E2));
#1358=VERTEX_POINT('',#1356);
#1359=VERTEX_POINT('',#1357);
#1360=CARTESIAN_POINT('',(3.999993720691E1,-1.528510222232E1,5.973980362101E2));
#1361=CARTESIAN_POINT('',(4.000083099136E1,-1.509536526605E1,5.974488698172E2));
#1362=VERTEX_POINT('',#1360);
#1363=VERTEX_POINT('',#1361);
#1364=CARTESIAN_POINT('',(4.001440760340E1,-1.509533523652E1,5.974487519427E2));
#1365=VERTEX_POINT('',#1364);
#1366=CARTESIAN_POINT('',(4.001299399219E1,-1.528509682280E1,5.973979164383E2));
#1367=VERTEX_POINT('',#1366);
#1368=CARTESIAN_POINT('',(4.001528749723E1,-1.509850670456E1,5.974849946424E2));
#1369=CARTESIAN_POINT('',(4.000176626225E1,-1.509853671613E1,5.974851126682E2));
#1370=VERTEX_POINT('',#1368);
#1371=VERTEX_POINT('',#1369);
#1372=CARTESIAN_POINT('',(4.004099246559E1,-1.534925053704E1,6.004859287219E2));
#1373=CARTESIAN_POINT('',(4.001622466072E1,-1.482838477950E1,5.975326177279E2));
#1374=VERTEX_POINT('',#1372);
#1375=VERTEX_POINT('',#1373);
#1376=CARTESIAN_POINT('',(4.000335838839E1,-1.482841093358E1,5.975327302255E2));
#1377=VERTEX_POINT('',#1376);
#1378=CARTESIAN_POINT('',(4.003024855572E1,-1.534936121167E1,6.004870300964E2));
#1379=VERTEX_POINT('',#1378);
#1380=CARTESIAN_POINT('',(7.987734986964E1,-1.528411758797E1,5.961371227619E2));
#1381=CARTESIAN_POINT('',(7.991300525980E1,-1.528412572081E1,6.001369635039E2));
#1382=VERTEX_POINT('',#1380);
#1383=VERTEX_POINT('',#1381);
#1384=CARTESIAN_POINT('',(7.995556472330E1,2.483901832415E1,5.961364397795E2));
#1385=CARTESIAN_POINT('',(7.999079263553E1,2.500567852766E1,6.001362846637E2));
#1386=VERTEX_POINT('',#1384);
#1387=VERTEX_POINT('',#1385);
#1388=CARTESIAN_POINT('',(4.011892441766E1,2.502017671609E1,6.004842411862E2));
#1389=VERTEX_POINT('',#1388);
#1390=CARTESIAN_POINT('',(4.008369650543E1,2.485351651258E1,5.964843963020E2));
#1391=VERTEX_POINT('',#1390);
#1392=CARTESIAN_POINT('',(4.000563019724E1,-1.519226241731E1,5.964850777481E2));
#1393=VERTEX_POINT('',#1392);
#1394=CARTESIAN_POINT('',(7.990230919226E1,-1.527213227685E1,6.001373937772E2));
#1395=VERTEX_POINT('',#1394);
#1396=CARTESIAN_POINT('',(3.999775034580E1,-1.537282652808E1,5.971556834280E2));
#1397=VERTEX_POINT('',#1396);
#1398=CARTESIAN_POINT('',(4.001061446060E1,-1.537279791890E1,5.971556297701E2));
#1399=VERTEX_POINT('',#1398);
#1400=CARTESIAN_POINT('',(4.000437347196E1,-1.537279679658E1,5.964692934940E2));
#1401=VERTEX_POINT('',#1400);
#1402=CARTESIAN_POINT('',(7.987645850460E1,-1.528411922884E1,5.961215028535E2));
#1403=VERTEX_POINT('',#1402);
#1404=CARTESIAN_POINT('',(7.987770188101E1,-1.510550247558E1,5.961371194482E2));
#1405=VERTEX_POINT('',#1404);
#1406=CARTESIAN_POINT('',(4.000862568487E1,-2.915545224483E1,5.964732458905E2));
#1407=VERTEX_POINT('',#1406);
#1408=CARTESIAN_POINT('',(7.988671248391E1,-2.921106470123E1,5.961134708849E2));
#1409=VERTEX_POINT('',#1408);
#1410=VERTEX_POINT('',#138);
#1411=VERTEX_POINT('',#61);
#1412=CARTESIAN_POINT('',(7.988693396758E1,-2.917606698728E1,5.961190624873E2));
#1413=CARTESIAN_POINT('',(7.990735324805E1,-2.917651023163E1,5.961211992042E2));
#1414=VERTEX_POINT('',#1412);
#1415=VERTEX_POINT('',#1413);
#1416=VERTEX_POINT('',#75);
#1417=VERTEX_POINT('',#78);
#1418=CARTESIAN_POINT('',(4.001155345951E1,-2.917197662160E1,5.967886352755E2));
#1419=VERTEX_POINT('',#1418);
#1420=CARTESIAN_POINT('',(4.000284005199E1,-2.926149895837E1,5.964461747402E2));
#1421=VERTEX_POINT('',#1420);
#1422=CARTESIAN_POINT('',(7.988600478791E1,-2.920768784464E1,5.960917864728E2));
#1423=VERTEX_POINT('',#1422);
#1424=CARTESIAN_POINT('',(4.000312463240E1,-2.917185854777E1,5.964567407546E2));
#1425=CARTESIAN_POINT('',(7.988189711869E1,-2.908531950946E1,5.961090222460E2));
#1426=VERTEX_POINT('',#1424);
#1427=VERTEX_POINT('',#1425);
#1428=CARTESIAN_POINT('',(4.011892441766E1,2.512009002340E1,6.004800781318E2));
#1429=CARTESIAN_POINT('',(7.999079263553E1,2.510559183496E1,6.001321216093E2));
#1430=VERTEX_POINT('',#1428);
#1431=VERTEX_POINT('',#1429);
#1432=CARTESIAN_POINT('',(7.995556472330E1,2.493893163146E1,5.961322767251E2));
#1433=VERTEX_POINT('',#1432);
#1434=CARTESIAN_POINT('',(7.571275061320E1,2.494047440136E1,5.961693032029E2));
#1435=VERTEX_POINT('',#1434);
#1436=CARTESIAN_POINT('',(7.556440056552E1,2.423217308013E1,5.791700714934E2));
#1437=VERTEX_POINT('',#1436);
#1438=CARTESIAN_POINT('',(6.756470491364E1,2.423507688407E1,5.792397627879E2));
#1439=VERTEX_POINT('',#1438);
#1440=CARTESIAN_POINT('',(5.256527608286E1,2.424053096875E1,5.793706608202E2));
#1441=VERTEX_POINT('',#1440);
#1442=CARTESIAN_POINT('',(4.456557989473E1,2.424343477288E1,5.794403521194E2));
#1443=VERTEX_POINT('',#1442);
#1444=CARTESIAN_POINT('',(4.471393205401E1,2.495174617600E1,5.964398257941E2));
#1445=VERTEX_POINT('',#1444);
#1446=CARTESIAN_POINT('',(4.008369650543E1,2.495342981989E1,5.964802332476E2));
#1447=VERTEX_POINT('',#1446);
#1448=CARTESIAN_POINT('',(6.756470465360E1,2.413516357686E1,5.792439258446E2));
#1449=CARTESIAN_POINT('',(5.256527580743E1,2.414061766155E1,5.793748238771E2));
#1450=VERTEX_POINT('',#1448);
#1451=VERTEX_POINT('',#1449);
#1452=CARTESIAN_POINT('',(7.571275087715E1,2.484201425621E1,5.961734360071E2));
#1453=VERTEX_POINT('',#1452);
#1454=CARTESIAN_POINT('',(7.571275114110E1,2.051292762193E1,5.961734662527E2));
#1455=VERTEX_POINT('',#1454);
#1456=CARTESIAN_POINT('',(7.556440003762E1,2.051292762214E1,5.791741135606E2));
#1457=VERTEX_POINT('',#1456);
#1458=CARTESIAN_POINT('',(7.556440030157E1,2.413516357681E1,5.791741135583E2));
#1459=VERTEX_POINT('',#1458);
#1460=CARTESIAN_POINT('',(7.321284633344E1,2.051292762193E1,5.961952825915E2));
#1461=CARTESIAN_POINT('',(7.306449522996E1,2.051292762214E1,5.791959298994E2));
#1462=VERTEX_POINT('',#1460);
#1463=VERTEX_POINT('',#1461);
#1464=CARTESIAN_POINT('',(7.321284633344E1,1.801292762193E1,5.961952825915E2));
#1465=VERTEX_POINT('',#1464);
#1466=CARTESIAN_POINT('',(7.306449522996E1,1.801292762214E1,5.791959298993E2));
#1467=VERTEX_POINT('',#1466);
#1468=CARTESIAN_POINT('',(4.471393196602E1,2.485086409388E1,5.964440090146E2));
#1469=CARTESIAN_POINT('',(4.456558042263E1,2.414061766155E1,5.794446361611E2));
#1470=VERTEX_POINT('',#1468);
#1471=VERTEX_POINT('',#1469);
#1472=CARTESIAN_POINT('',(4.456558042263E1,2.051292762214E1,5.794446361611E2));
#1473=VERTEX_POINT('',#1472);
#1474=CARTESIAN_POINT('',(4.471393152611E1,2.051292762193E1,5.964439888532E2));
#1475=VERTEX_POINT('',#1474);
#1476=CARTESIAN_POINT('',(5.271362691062E1,2.484892402372E1,5.963741765692E2));
#1477=VERTEX_POINT('',#1476);
#1478=CARTESIAN_POINT('',(4.706548523029E1,2.051292762214E1,5.794228198223E2));
#1479=CARTESIAN_POINT('',(4.721383633377E1,2.051292762193E1,5.964221725144E2));
#1480=VERTEX_POINT('',#1478);
#1481=VERTEX_POINT('',#1479);
#1482=CARTESIAN_POINT('',(4.706548523029E1,1.801292762214E1,5.794228198223E2));
#1483=VERTEX_POINT('',#1482);
#1484=CARTESIAN_POINT('',(4.721383633377E1,1.801292762193E1,5.964221725144E2));
#1485=VERTEX_POINT('',#1484);
#1486=CARTESIAN_POINT('',(4.456557989473E1,2.414352146558E1,5.794445151739E2));
#1487=VERTEX_POINT('',#1486);
#1488=CARTESIAN_POINT('',(7.990740028506E1,-2.921228945445E1,5.961177559361E2));
#1489=VERTEX_POINT('',#1488);
#1490=CARTESIAN_POINT('',(4.003572762239E1,-2.958089324055E1,5.964442917168E2));
#1491=VERTEX_POINT('',#1490);
#1492=CARTESIAN_POINT('',(4.615462608687E1,-6.438067277539E1,6.051051130606E2));
#1493=CARTESIAN_POINT('',(4.619065072514E1,-6.341989758917E1,6.089878457667E2));
#1494=VERTEX_POINT('',#1492);
#1495=VERTEX_POINT('',#1493);
#1496=CARTESIAN_POINT('',(4.614479460521E1,-6.226896324825E1,6.045826655752E2));
#1497=VERTEX_POINT('',#1496);
#1498=CARTESIAN_POINT('',(4.618081924348E1,-6.130818806203E1,6.084653982813E2));
#1499=VERTEX_POINT('',#1498);
#1500=CARTESIAN_POINT('',(4.602808315845E1,-3.720044534139E1,5.983805890237E2));
#1501=CARTESIAN_POINT('',(4.606410779672E1,-3.623967015517E1,6.022633217297E2));
#1502=VERTEX_POINT('',#1500);
#1503=VERTEX_POINT('',#1501);
#1504=CARTESIAN_POINT('',(4.601825167678E1,-3.508873581425E1,5.978581415383E2));
#1505=VERTEX_POINT('',#1504);
#1506=CARTESIAN_POINT('',(4.605427631506E1,-3.412796062803E1,6.017408742444E2));
#1507=VERTEX_POINT('',#1506);
#1508=CARTESIAN_POINT('',(7.402666162118E1,-3.713817438616E1,5.981054047318E2));
#1509=CARTESIAN_POINT('',(7.406268625945E1,-3.617739919995E1,6.019881374379E2));
#1510=VERTEX_POINT('',#1508);
#1511=VERTEX_POINT('',#1509);
#1512=CARTESIAN_POINT('',(7.401683013952E1,-3.502646485902E1,5.975829572465E2));
#1513=VERTEX_POINT('',#1512);
#1514=CARTESIAN_POINT('',(7.405285477779E1,-3.406568967281E1,6.014656899526E2));
#1515=VERTEX_POINT('',#1514);
#1516=CARTESIAN_POINT('',(7.415320454960E1,-6.431840182017E1,6.048299287688E2));
#1517=CARTESIAN_POINT('',(7.418922918788E1,-6.335762663395E1,6.087126614749E2));
#1518=VERTEX_POINT('',#1516);
#1519=VERTEX_POINT('',#1517);
#1520=CARTESIAN_POINT('',(7.414337306794E1,-6.220669229303E1,6.043074812834E2));
#1521=VERTEX_POINT('',#1520);
#1522=CARTESIAN_POINT('',(7.417939770621E1,-6.124591710681E1,6.081902139895E2));
#1523=VERTEX_POINT('',#1522);
#1524=CARTESIAN_POINT('',(7.990843901811E1,-2.928389607439E1,5.961318325145E2));
#1525=VERTEX_POINT('',#1524);
#1526=CARTESIAN_POINT('',(7.990824552319E1,-2.917691783192E1,5.961368191037E2));
#1527=VERTEX_POINT('',#1526);
#1528=CARTESIAN_POINT('',(4.000612488955E1,-1.501239356500E1,5.965008106312E2));
#1529=VERTEX_POINT('',#1528);
#1530=CARTESIAN_POINT('',(4.003017976090E1,-1.536104934442E1,6.004849697101E2));
#1531=VERTEX_POINT('',#1530);
#1532=CARTESIAN_POINT('',(4.000318268580E1,-2.915472807393E1,5.964591476269E2));
#1533=VERTEX_POINT('',#1532);
#1534=CARTESIAN_POINT('',(7.992300555401E1,-2.928091922028E1,6.001368419420E2));
#1535=VERTEX_POINT('',#1534);
#1536=CARTESIAN_POINT('',(6.013013111784E1,-2.932803135236E1,5.960776069891E2));
#1537=DIRECTION('',(-2.223855277377E-3,9.999975269919E-1,2.185718251371E-5));
#1538=DIRECTION('',(0.E0,-2.185723656162E-5,9.999999997611E-1));
#1539=AXIS2_PLACEMENT_3D('',#1536,#1537,#1538);
#1540=PLANE('',#1539);
#1542=ORIENTED_EDGE('',*,*,#1541,.T.);
#1544=ORIENTED_EDGE('',*,*,#1543,.T.);
#1546=ORIENTED_EDGE('',*,*,#1545,.T.);
#1548=ORIENTED_EDGE('',*,*,#1547,.T.);
#1549=EDGE_LOOP('',(#1542,#1544,#1546,#1548));
#1550=FACE_OUTER_BOUND('',#1549,.F.);
#1551=ADVANCED_FACE('',(#1550),#1540,.F.);
#1552=CARTESIAN_POINT('',(4.021930131263E1,2.108522823912E1,6.083632003896E2));
#1553=DIRECTION('',(-9.999530892186E-1,2.058927563892E-3,9.464680635468E-3));
#1554=DIRECTION('',(-3.671083856315E-3,-9.848056884551E-1,-1.736210791631E-1));
#1555=AXIS2_PLACEMENT_3D('',#1552,#1553,#1554);
#1556=PLANE('',#1555);
#1558=ORIENTED_EDGE('',*,*,#1557,.F.);
#1560=ORIENTED_EDGE('',*,*,#1559,.F.);
#1562=ORIENTED_EDGE('',*,*,#1561,.F.);
#1564=ORIENTED_EDGE('',*,*,#1563,.F.);
#1566=ORIENTED_EDGE('',*,*,#1565,.T.);
#1567=EDGE_LOOP('',(#1558,#1560,#1562,#1564,#1566));
#1568=FACE_OUTER_BOUND('',#1567,.F.);
#1569=ADVANCED_FACE('',(#1568),#1556,.T.);
#1570=CARTESIAN_POINT('',(4.021930131263E1,2.108522823912E1,6.083632003896E2));
#1571=DIRECTION('',(-9.999530892186E-1,2.058927563892E-3,9.464680635468E-3));
#1572=DIRECTION('',(-3.671083856315E-3,-9.848056884551E-1,-1.736210791631E-1));
#1573=AXIS2_PLACEMENT_3D('',#1570,#1571,#1572);
#1574=PLANE('',#1573);
#1576=ORIENTED_EDGE('',*,*,#1575,.T.);
#1577=ORIENTED_EDGE('',*,*,#1541,.F.);
#1579=ORIENTED_EDGE('',*,*,#1578,.F.);
#1581=ORIENTED_EDGE('',*,*,#1580,.T.);
#1583=ORIENTED_EDGE('',*,*,#1582,.F.);
#1585=ORIENTED_EDGE('',*,*,#1584,.T.);
#1587=ORIENTED_EDGE('',*,*,#1586,.F.);
#1588=EDGE_LOOP('',(#1576,#1577,#1579,#1581,#1583,#1585,#1587));
#1589=FACE_OUTER_BOUND('',#1588,.F.);
#1590=ADVANCED_FACE('',(#1589),#1574,.T.);
#1591=CARTESIAN_POINT('',(3.999950906114E1,-2.900460142829E1,5.974179486099E2));
#1592=DIRECTION('',(-2.750585394535E-3,9.663850936121E-1,-2.570841985116E-1));
#1593=DIRECTION('',(9.999563802214E-1,3.633001687888E-4,-9.333041707254E-3));
#1594=AXIS2_PLACEMENT_3D('',#1591,#1592,#1593);
#1595=PLANE('',#1594);
#1597=ORIENTED_EDGE('',*,*,#1596,.F.);
#1599=ORIENTED_EDGE('',*,*,#1598,.F.);
#1601=ORIENTED_EDGE('',*,*,#1600,.F.);
#1602=ORIENTED_EDGE('',*,*,#1557,.T.);
#1603=EDGE_LOOP('',(#1597,#1599,#1601,#1602));
#1604=FACE_OUTER_BOUND('',#1603,.F.);
#1605=ADVANCED_FACE('',(#1604),#1595,.T.);
#1606=CARTESIAN_POINT('',(6.012968396230E1,-2.910064532246E1,5.960835659991E2));
#1607=DIRECTION('',(-1.706447965610E-3,9.986270651357E-1,5.235525583793E-2));
#1608=DIRECTION('',(1.029136418513E-4,-5.235515641299E-2,9.986285230283E-1));
#1609=AXIS2_PLACEMENT_3D('',#1606,#1607,#1608);
#1610=PLANE('',#1609);
#1611=ORIENTED_EDGE('',*,*,#1563,.T.);
#1613=ORIENTED_EDGE('',*,*,#1612,.F.);
#1615=ORIENTED_EDGE('',*,*,#1614,.F.);
#1616=EDGE_LOOP('',(#1611,#1613,#1615));
#1617=FACE_OUTER_BOUND('',#1616,.F.);
#1618=ADVANCED_FACE('',(#1617),#1610,.T.);
#1619=CARTESIAN_POINT('',(6.012968396230E1,-2.910064532246E1,5.960835659991E2));
#1620=DIRECTION('',(-1.706447965610E-3,9.986270651357E-1,5.235525583793E-2));
#1621=DIRECTION('',(1.029136418513E-4,-5.235515641299E-2,9.986285230283E-1));
#1622=AXIS2_PLACEMENT_3D('',#1619,#1620,#1621);
#1623=PLANE('',#1622);
#1625=ORIENTED_EDGE('',*,*,#1624,.T.);
#1626=ORIENTED_EDGE('',*,*,#1596,.T.);
#1628=ORIENTED_EDGE('',*,*,#1627,.T.);
#1630=ORIENTED_EDGE('',*,*,#1629,.F.);
#1631=EDGE_LOOP('',(#1625,#1626,#1628,#1630));
#1632=FACE_OUTER_BOUND('',#1631,.F.);
#1633=ADVANCED_FACE('',(#1632),#1623,.T.);
#1634=CARTESIAN_POINT('',(4.000973825230E1,-2.433890113186E1,5.971359464308E2));
#1635=DIRECTION('',(-8.936188584296E-3,1.391751308510E-1,-9.902274624985E-1));
#1636=DIRECTION('',(9.999597233317E-1,2.070070881630E-3,-8.733070537905E-3));
#1637=AXIS2_PLACEMENT_3D('',#1634,#1635,#1636);
#1638=PLANE('',#1637);
#1640=ORIENTED_EDGE('',*,*,#1639,.T.);
#1642=ORIENTED_EDGE('',*,*,#1641,.F.);
#1644=ORIENTED_EDGE('',*,*,#1643,.F.);
#1645=EDGE_LOOP('',(#1640,#1642,#1644));
#1646=FACE_OUTER_BOUND('',#1645,.F.);
#1647=ADVANCED_FACE('',(#1646),#1638,.T.);
#1648=CARTESIAN_POINT('',(4.000973825230E1,-2.433890113186E1,5.971359464308E2));
#1649=DIRECTION('',(-8.936188584296E-3,1.391751308510E-1,-9.902274624985E-1));
#1650=DIRECTION('',(9.999597233317E-1,2.070070881630E-3,-8.733070537905E-3));
#1651=AXIS2_PLACEMENT_3D('',#1648,#1649,#1650);
#1652=PLANE('',#1651);
#1654=ORIENTED_EDGE('',*,*,#1653,.T.);
#1655=ORIENTED_EDGE('',*,*,#1612,.T.);
#1656=ORIENTED_EDGE('',*,*,#1561,.T.);
#1658=ORIENTED_EDGE('',*,*,#1657,.T.);
#1660=ORIENTED_EDGE('',*,*,#1659,.T.);
#1661=EDGE_LOOP('',(#1654,#1655,#1656,#1658,#1660));
#1662=FACE_OUTER_BOUND('',#1661,.F.);
#1663=ADVANCED_FACE('',(#1662),#1652,.T.);
#1664=CARTESIAN_POINT('',(7.988183271390E1,-2.425635974564E1,5.967877265922E2));
#1665=DIRECTION('',(9.999563438446E-1,2.121635078157E-3,-9.099948876308E-3));
#1666=DIRECTION('',(9.306672708083E-3,-1.391743543382E-1,9.902241589346E-1));
#1667=AXIS2_PLACEMENT_3D('',#1664,#1665,#1666);
#1668=PLANE('',#1667);
#1670=ORIENTED_EDGE('',*,*,#1669,.F.);
#1671=ORIENTED_EDGE('',*,*,#1659,.F.);
#1672=ORIENTED_EDGE('',*,*,#1639,.F.);
#1674=ORIENTED_EDGE('',*,*,#1673,.F.);
#1676=ORIENTED_EDGE('',*,*,#1675,.T.);
#1678=ORIENTED_EDGE('',*,*,#1677,.T.);
#1679=EDGE_LOOP('',(#1670,#1671,#1672,#1674,#1676,#1678));
#1680=FACE_OUTER_BOUND('',#1679,.F.);
#1681=ADVANCED_FACE('',(#1680),#1668,.T.);
#1682=CARTESIAN_POINT('',(4.000437347196E1,-1.537279679658E1,5.964692934940E2));
#1683=DIRECTION('',(-8.722333638359E-3,2.459149452716E-6,-9.999619597214E-1));
#1684=DIRECTION('',(9.999594868611E-1,2.223961326941E-3,-8.722306599165E-3));
#1685=AXIS2_PLACEMENT_3D('',#1682,#1683,#1684);
#1686=PLANE('',#1685);
#1688=ORIENTED_EDGE('',*,*,#1687,.T.);
#1690=ORIENTED_EDGE('',*,*,#1689,.T.);
#1692=ORIENTED_EDGE('',*,*,#1691,.T.);
#1694=ORIENTED_EDGE('',*,*,#1693,.F.);
#1695=ORIENTED_EDGE('',*,*,#1653,.F.);
#1696=ORIENTED_EDGE('',*,*,#1669,.T.);
#1697=ORIENTED_EDGE('',*,*,#1677,.F.);
#1698=EDGE_LOOP('',(#1688,#1690,#1692,#1694,#1695,#1696,#1697));
#1699=FACE_OUTER_BOUND('',#1698,.F.);
#1700=ADVANCED_FACE('',(#1699),#1686,.T.);
#1701=CARTESIAN_POINT('',(4.001118995380E1,-1.517474358131E1,5.972076523709E2));
#1702=DIRECTION('',(-8.825252187904E-3,5.233825397001E-2,-9.985904175863E-1));
#1703=DIRECTION('',(9.999596006635E-1,2.166090922700E-3,-8.723823184478E-3));
#1704=AXIS2_PLACEMENT_3D('',#1701,#1702,#1703);
#1705=PLANE('',#1704);
#1707=ORIENTED_EDGE('',*,*,#1706,.F.);
#1709=ORIENTED_EDGE('',*,*,#1708,.T.);
#1710=ORIENTED_EDGE('',*,*,#1687,.F.);
#1712=ORIENTED_EDGE('',*,*,#1711,.F.);
#1713=EDGE_LOOP('',(#1707,#1709,#1710,#1712));
#1714=FACE_OUTER_BOUND('',#1713,.F.);
#1715=ADVANCED_FACE('',(#1714),#1705,.T.);
#1716=CARTESIAN_POINT('',(4.001350271132E1,-1.511735002588E1,5.974559509710E2));
#1717=DIRECTION('',(-8.853521261787E-3,6.975871774022E-2,-9.975246044387E-1));
#1718=DIRECTION('',(9.999596319221E-1,2.146828211894E-3,-8.725001709385E-3));
#1719=AXIS2_PLACEMENT_3D('',#1716,#1717,#1718);
#1720=PLANE('',#1719);
#1722=ORIENTED_EDGE('',*,*,#1721,.F.);
#1724=ORIENTED_EDGE('',*,*,#1723,.T.);
#1726=ORIENTED_EDGE('',*,*,#1725,.T.);
#1728=ORIENTED_EDGE('',*,*,#1727,.F.);
#1729=ORIENTED_EDGE('',*,*,#1706,.T.);
#1731=ORIENTED_EDGE('',*,*,#1730,.F.);
#1732=EDGE_LOOP('',(#1722,#1724,#1726,#1728,#1729,#1731));
#1733=FACE_OUTER_BOUND('',#1732,.F.);
#1734=ADVANCED_FACE('',(#1733),#1720,.T.);
#1735=CARTESIAN_POINT('',(4.000761681352E1,-2.452814860721E1,5.968772765389E2));
#1736=DIRECTION('',(-8.878756661895E-3,8.715793307833E-2,-9.961549389436E-1));
#1737=DIRECTION('',(9.999596598262E-1,2.127588996581E-3,-8.726516219600E-3));
#1738=AXIS2_PLACEMENT_3D('',#1735,#1736,#1737);
#1739=PLANE('',#1738);
#1741=ORIENTED_EDGE('',*,*,#1740,.T.);
#1742=ORIENTED_EDGE('',*,*,#1721,.T.);
#1743=ORIENTED_EDGE('',*,*,#1730,.T.);
#1745=ORIENTED_EDGE('',*,*,#1744,.T.);
#1746=EDGE_LOOP('',(#1741,#1742,#1743,#1745));
#1747=FACE_OUTER_BOUND('',#1746,.F.);
#1748=ADVANCED_FACE('',(#1747),#1739,.T.);
#1749=CARTESIAN_POINT('',(7.990034909155E1,-3.007947887570E1,5.989799561678E2));
#1750=DIRECTION('',(9.999530892186E-1,-2.058927563893E-3,-9.464680635468E-3));
#1751=DIRECTION('',(3.671083856315E-3,9.848056884551E-1,1.736210791631E-1));
#1752=AXIS2_PLACEMENT_3D('',#1749,#1750,#1751);
#1753=PLANE('',#1752);
#1755=ORIENTED_EDGE('',*,*,#1754,.T.);
#1757=ORIENTED_EDGE('',*,*,#1756,.T.);
#1759=ORIENTED_EDGE('',*,*,#1758,.F.);
#1760=EDGE_LOOP('',(#1755,#1757,#1759));
#1761=FACE_OUTER_BOUND('',#1760,.F.);
#1762=ADVANCED_FACE('',(#1761),#1753,.T.);
#1763=CARTESIAN_POINT('',(7.990034909155E1,-3.007947887570E1,5.989799561678E2));
#1764=DIRECTION('',(9.999530892186E-1,-2.058927563893E-3,-9.464680635468E-3));
#1765=DIRECTION('',(3.671083856315E-3,9.848056884551E-1,1.736210791631E-1));
#1766=AXIS2_PLACEMENT_3D('',#1763,#1764,#1765);
#1767=PLANE('',#1766);
#1769=ORIENTED_EDGE('',*,*,#1768,.T.);
#1771=ORIENTED_EDGE('',*,*,#1770,.F.);
#1773=ORIENTED_EDGE('',*,*,#1772,.T.);
#1774=ORIENTED_EDGE('',*,*,#1723,.F.);
#1775=ORIENTED_EDGE('',*,*,#1740,.F.);
#1777=ORIENTED_EDGE('',*,*,#1776,.F.);
#1778=EDGE_LOOP('',(#1769,#1771,#1773,#1774,#1775,#1777));
#1779=FACE_OUTER_BOUND('',#1778,.F.);
#1780=ADVANCED_FACE('',(#1779),#1767,.T.);
#1781=CARTESIAN_POINT('',(6.014622233334E1,-2.963781573025E1,5.976846211233E2));
#1782=DIRECTION('',(-1.532869031339E-3,9.975615832759E-1,6.977490870409E-2));
#1783=DIRECTION('',(1.311813677168E-4,-6.977478948448E-2,9.975627607042E-1));
#1784=AXIS2_PLACEMENT_3D('',#1781,#1782,#1783);
#1785=PLANE('',#1784);
#1786=ORIENTED_EDGE('',*,*,#1754,.F.);
#1788=ORIENTED_EDGE('',*,*,#1787,.F.);
#1790=ORIENTED_EDGE('',*,*,#1789,.F.);
#1792=ORIENTED_EDGE('',*,*,#1791,.F.);
#1793=ORIENTED_EDGE('',*,*,#1725,.F.);
#1794=EDGE_LOOP('',(#1786,#1788,#1790,#1792,#1793));
#1795=FACE_OUTER_BOUND('',#1794,.F.);
#1796=ADVANCED_FACE('',(#1795),#1785,.F.);
#1797=CARTESIAN_POINT('',(8.000333114501E1,-3.000444812038E1,5.973149267949E2));
#1798=DIRECTION('',(-4.519390300798E-3,9.707224083572E-1,-2.401615727472E-1));
#1799=DIRECTION('',(-9.999492308118E-1,-2.223962686544E-3,9.828010421659E-3));
#1800=AXIS2_PLACEMENT_3D('',#1797,#1798,#1799);
#1801=PLANE('',#1800);
#1803=ORIENTED_EDGE('',*,*,#1802,.F.);
#1805=ORIENTED_EDGE('',*,*,#1804,.T.);
#1806=ORIENTED_EDGE('',*,*,#1787,.T.);
#1807=ORIENTED_EDGE('',*,*,#1758,.T.);
#1809=ORIENTED_EDGE('',*,*,#1808,.F.);
#1811=ORIENTED_EDGE('',*,*,#1810,.T.);
#1813=ORIENTED_EDGE('',*,*,#1812,.F.);
#1815=ORIENTED_EDGE('',*,*,#1814,.F.);
#1817=ORIENTED_EDGE('',*,*,#1816,.T.);
#1819=ORIENTED_EDGE('',*,*,#1818,.F.);
#1821=ORIENTED_EDGE('',*,*,#1820,.T.);
#1822=EDGE_LOOP('',(#1803,#1805,#1806,#1807,#1809,#1811,#1813,#1815,#1817,#1819,
#1821));
#1823=FACE_OUTER_BOUND('',#1822,.F.);
#1824=ADVANCED_FACE('',(#1823),#1801,.T.);
#1825=CARTESIAN_POINT('',(7.992266708402E1,-1.531186974286E1,6.011137260039E2));
#1826=DIRECTION('',(8.857728570435E-3,-6.975870870687E-2,9.975245677196E-1));
#1827=DIRECTION('',(-9.999595946623E-1,-2.147121720185E-3,8.729198772709E-3));
#1828=AXIS2_PLACEMENT_3D('',#1825,#1826,#1827);
#1829=PLANE('',#1828);
#1831=ORIENTED_EDGE('',*,*,#1830,.F.);
#1833=ORIENTED_EDGE('',*,*,#1832,.F.);
#1834=ORIENTED_EDGE('',*,*,#1802,.T.);
#1836=ORIENTED_EDGE('',*,*,#1835,.T.);
#1838=ORIENTED_EDGE('',*,*,#1837,.F.);
#1839=EDGE_LOOP('',(#1831,#1833,#1834,#1836,#1838));
#1840=FACE_OUTER_BOUND('',#1839,.F.);
#1841=ADVANCED_FACE('',(#1840),#1829,.T.);
#1842=CARTESIAN_POINT('',(7.991300525980E1,-1.528412572081E1,6.001369635039E2));
#1843=DIRECTION('',(8.726540946398E-3,-2.449792183060E-6,9.999619230136E-1));
#1844=DIRECTION('',(-9.999594501533E-1,-2.223961337268E-3,8.726513917609E-3));
#1845=AXIS2_PLACEMENT_3D('',#1842,#1843,#1844);
#1846=PLANE('',#1845);
#1847=ORIENTED_EDGE('',*,*,#1830,.T.);
#1848=ORIENTED_EDGE('',*,*,#1837,.T.);
#1850=ORIENTED_EDGE('',*,*,#1849,.T.);
#1852=ORIENTED_EDGE('',*,*,#1851,.T.);
#1854=ORIENTED_EDGE('',*,*,#1853,.F.);
#1855=EDGE_LOOP('',(#1847,#1848,#1850,#1852,#1854));
#1856=FACE_OUTER_BOUND('',#1855,.F.);
#1857=ADVANCED_FACE('',(#1856),#1846,.T.);
#1858=CARTESIAN_POINT('',(4.004086906171E1,-1.537280335963E1,6.004827997858E2));
#1859=DIRECTION('',(8.709549040202E-3,-2.487583054745E-6,9.999620711554E-1));
#1860=DIRECTION('',(-9.999595982955E-1,-2.223961295318E-3,8.709521969392E-3));
#1861=AXIS2_PLACEMENT_3D('',#1858,#1859,#1860);
#1862=PLANE('',#1861);
#1863=ORIENTED_EDGE('',*,*,#1849,.F.);
#1865=ORIENTED_EDGE('',*,*,#1864,.T.);
#1866=EDGE_LOOP('',(#1863,#1865));
#1867=FACE_OUTER_BOUND('',#1866,.F.);
#1868=ADVANCED_FACE('',(#1867),#1862,.T.);
#1869=CARTESIAN_POINT('',(4.003008327987E1,-1.537282728913E1,6.004802113030E2));
#1870=DIRECTION('',(-9.999491195907E-1,-2.223962686403E-3,9.839320090528E-3));
#1871=DIRECTION('',(-9.839344367369E-3,-2.515349780174E-8,-9.999515924796E-1));
#1872=AXIS2_PLACEMENT_3D('',#1869,#1870,#1871);
#1873=PLANE('',#1872);
#1875=ORIENTED_EDGE('',*,*,#1874,.F.);
#1877=ORIENTED_EDGE('',*,*,#1876,.T.);
#1879=ORIENTED_EDGE('',*,*,#1878,.T.);
#1880=ORIENTED_EDGE('',*,*,#1864,.F.);
#1881=EDGE_LOOP('',(#1875,#1877,#1879,#1880));
#1882=FACE_OUTER_BOUND('',#1881,.F.);
#1883=ADVANCED_FACE('',(#1882),#1873,.T.);
#1884=CARTESIAN_POINT('',(6.013538020449E1,-2.909191738280E1,5.977233177896E2));
#1885=DIRECTION('',(-1.358823170312E-3,9.961922344942E-1,8.717330745713E-2));
#1886=DIRECTION('',(1.564155644689E-4,-8.717317513710E-2,9.961931605219E-1));
#1887=AXIS2_PLACEMENT_3D('',#1884,#1885,#1886);
#1888=PLANE('',#1887);
#1890=ORIENTED_EDGE('',*,*,#1889,.T.);
#1892=ORIENTED_EDGE('',*,*,#1891,.T.);
#1894=ORIENTED_EDGE('',*,*,#1893,.T.);
#1896=ORIENTED_EDGE('',*,*,#1895,.T.);
#1897=EDGE_LOOP('',(#1890,#1892,#1894,#1896));
#1898=FACE_OUTER_BOUND('',#1897,.F.);
#1899=ADVANCED_FACE('',(#1898),#1888,.T.);
#1900=CARTESIAN_POINT('',(6.013538020449E1,-2.909191738280E1,5.977233177896E2));
#1901=DIRECTION('',(-1.358823170312E-3,9.961922344942E-1,8.717330745713E-2));
#1902=DIRECTION('',(1.564155644689E-4,-8.717317513710E-2,9.961931605219E-1));
#1903=AXIS2_PLACEMENT_3D('',#1900,#1901,#1902);
#1904=PLANE('',#1903);
#1906=ORIENTED_EDGE('',*,*,#1905,.F.);
#1908=ORIENTED_EDGE('',*,*,#1907,.F.);
#1910=ORIENTED_EDGE('',*,*,#1909,.T.);
#1912=ORIENTED_EDGE('',*,*,#1911,.T.);
#1914=ORIENTED_EDGE('',*,*,#1913,.T.);
#1915=ORIENTED_EDGE('',*,*,#1874,.T.);
#1916=EDGE_LOOP('',(#1906,#1908,#1910,#1912,#1914,#1915));
#1917=FACE_OUTER_BOUND('',#1916,.F.);
#1918=ADVANCED_FACE('',(#1917),#1904,.T.);
#1919=CARTESIAN_POINT('',(4.001396516543E1,-2.458797018636E1,5.975609998096E2));
#1920=DIRECTION('',(-9.999563016176E-1,-2.159880835092E-3,9.095590686458E-3));
#1921=DIRECTION('',(-9.249240766095E-3,8.715713882524E-2,-9.961516374012E-1));
#1922=AXIS2_PLACEMENT_3D('',#1919,#1920,#1921);
#1923=PLANE('',#1922);
#1924=ORIENTED_EDGE('',*,*,#1565,.F.);
#1926=ORIENTED_EDGE('',*,*,#1925,.T.);
#1927=ORIENTED_EDGE('',*,*,#1889,.F.);
#1929=ORIENTED_EDGE('',*,*,#1928,.F.);
#1931=ORIENTED_EDGE('',*,*,#1930,.F.);
#1932=ORIENTED_EDGE('',*,*,#1627,.F.);
#1933=EDGE_LOOP('',(#1924,#1926,#1927,#1929,#1931,#1932));
#1934=FACE_OUTER_BOUND('',#1933,.F.);
#1935=ADVANCED_FACE('',(#1934),#1923,.T.);
#1936=CARTESIAN_POINT('',(4.000761681352E1,-2.452814860721E1,5.968772765389E2));
#1937=DIRECTION('',(-8.878756661895E-3,8.715793307833E-2,-9.961549389436E-1));
#1938=DIRECTION('',(9.999596598262E-1,2.127588996581E-3,-8.726516219600E-3));
#1939=AXIS2_PLACEMENT_3D('',#1936,#1937,#1938);
#1940=PLANE('',#1939);
#1941=ORIENTED_EDGE('',*,*,#1614,.T.);
#1943=ORIENTED_EDGE('',*,*,#1942,.T.);
#1944=ORIENTED_EDGE('',*,*,#1891,.F.);
#1945=ORIENTED_EDGE('',*,*,#1925,.F.);
#1946=EDGE_LOOP('',(#1941,#1943,#1944,#1945));
#1947=FACE_OUTER_BOUND('',#1946,.F.);
#1948=ADVANCED_FACE('',(#1947),#1940,.T.);
#1949=CARTESIAN_POINT('',(4.001061446060E1,-1.537279791890E1,5.971556297701E2));
#1950=DIRECTION('',(-9.999561866073E-1,-2.223962085413E-3,9.092791566214E-3));
#1951=DIRECTION('',(-9.092817689212E-3,1.635172365780E-6,-9.999586594774E-1));
#1952=AXIS2_PLACEMENT_3D('',#1949,#1950,#1951);
#1953=PLANE('',#1952);
#1954=ORIENTED_EDGE('',*,*,#1942,.F.);
#1955=ORIENTED_EDGE('',*,*,#1693,.T.);
#1957=ORIENTED_EDGE('',*,*,#1956,.T.);
#1959=ORIENTED_EDGE('',*,*,#1958,.F.);
#1960=ORIENTED_EDGE('',*,*,#1893,.F.);
#1961=EDGE_LOOP('',(#1954,#1955,#1957,#1959,#1960));
#1962=FACE_OUTER_BOUND('',#1961,.F.);
#1963=ADVANCED_FACE('',(#1962),#1953,.T.);
#1964=CARTESIAN_POINT('',(4.017471708592E1,3.556820379753E1,6.039362775724E2));
#1965=DIRECTION('',(-9.999566375463E-1,2.010961976934E-3,9.092802591807E-3));
#1966=DIRECTION('',(-2.795717668619E-3,-9.961926910496E-1,-8.713384108381E-2));
#1967=AXIS2_PLACEMENT_3D('',#1964,#1965,#1966);
#1968=PLANE('',#1967);
#1969=ORIENTED_EDGE('',*,*,#1956,.F.);
#1971=ORIENTED_EDGE('',*,*,#1970,.F.);
#1973=ORIENTED_EDGE('',*,*,#1972,.F.);
#1975=ORIENTED_EDGE('',*,*,#1974,.T.);
#1977=ORIENTED_EDGE('',*,*,#1976,.F.);
#1979=ORIENTED_EDGE('',*,*,#1978,.F.);
#1980=EDGE_LOOP('',(#1969,#1971,#1973,#1975,#1977,#1979));
#1981=FACE_OUTER_BOUND('',#1980,.F.);
#1982=ADVANCED_FACE('',(#1981),#1968,.T.);
#1983=CARTESIAN_POINT('',(5.996168201671E1,-4.875329730296E0,5.972097723826E2));
#1984=DIRECTION('',(8.882960641790E-3,-8.715548365553E-2,9.961551157721E-1));
#1985=DIRECTION('',(9.999601715735E-1,-8.754303960043E-5,-8.924550567119E-3));
#1986=AXIS2_PLACEMENT_3D('',#1983,#1984,#1985);
#1987=PLANE('',#1986);
#1988=ORIENTED_EDGE('',*,*,#1970,.T.);
#1989=ORIENTED_EDGE('',*,*,#1691,.F.);
#1991=ORIENTED_EDGE('',*,*,#1990,.T.);
#1993=ORIENTED_EDGE('',*,*,#1992,.T.);
#1994=EDGE_LOOP('',(#1988,#1989,#1991,#1993));
#1995=FACE_OUTER_BOUND('',#1994,.F.);
#1996=ADVANCED_FACE('',(#1995),#1987,.F.);
#1997=CARTESIAN_POINT('',(7.990131225021E1,-1.618524314703E1,5.990540193742E2));
#1998=DIRECTION('',(9.999566375463E-1,-2.010961976934E-3,-9.092802591807E-3));
#1999=DIRECTION('',(2.795717668619E-3,9.961926910496E-1,8.713384108381E-2));
#2000=AXIS2_PLACEMENT_3D('',#1997,#1998,#1999);
#2001=PLANE('',#2000);
#2003=ORIENTED_EDGE('',*,*,#2002,.T.);
#2005=ORIENTED_EDGE('',*,*,#2004,.F.);
#2006=ORIENTED_EDGE('',*,*,#1990,.F.);
#2007=EDGE_LOOP('',(#2003,#2005,#2006));
#2008=FACE_OUTER_BOUND('',#2007,.F.);
#2009=ADVANCED_FACE('',(#2008),#2001,.T.);
#2010=CARTESIAN_POINT('',(7.987645850460E1,-1.528411922884E1,5.961215028535E2));
#2011=DIRECTION('',(9.999561866073E-1,2.223962085413E-3,-9.092791566214E-3));
#2012=DIRECTION('',(9.092817689212E-3,-1.635172365780E-6,9.999586594774E-1));
#2013=AXIS2_PLACEMENT_3D('',#2010,#2011,#2012);
#2014=PLANE('',#2013);
#2015=ORIENTED_EDGE('',*,*,#1708,.F.);
#2016=ORIENTED_EDGE('',*,*,#1727,.T.);
#2017=ORIENTED_EDGE('',*,*,#1791,.T.);
#2019=ORIENTED_EDGE('',*,*,#2018,.T.);
#2021=ORIENTED_EDGE('',*,*,#2020,.F.);
#2023=ORIENTED_EDGE('',*,*,#2022,.T.);
#2024=ORIENTED_EDGE('',*,*,#2002,.F.);
#2025=ORIENTED_EDGE('',*,*,#1689,.F.);
#2026=EDGE_LOOP('',(#2015,#2016,#2017,#2019,#2021,#2023,#2024,#2025));
#2027=FACE_OUTER_BOUND('',#2026,.F.);
#2028=ADVANCED_FACE('',(#2027),#2014,.T.);
#2029=CARTESIAN_POINT('',(7.987809913672E1,-1.528411592155E1,5.961371158115E2));
#2030=DIRECTION('',(9.999594502421E-1,2.223961337243E-3,-8.726503739686E-3));
#2031=DIRECTION('',(8.726530768501E-3,-2.449814815704E-6,9.999619231024E-1));
#2032=AXIS2_PLACEMENT_3D('',#2029,#2030,#2031);
#2033=PLANE('',#2032);
#2034=ORIENTED_EDGE('',*,*,#2020,.T.);
#2035=ORIENTED_EDGE('',*,*,#2018,.F.);
#2036=ORIENTED_EDGE('',*,*,#1789,.T.);
#2037=ORIENTED_EDGE('',*,*,#1804,.F.);
#2038=ORIENTED_EDGE('',*,*,#1832,.T.);
#2039=ORIENTED_EDGE('',*,*,#1853,.T.);
#2041=ORIENTED_EDGE('',*,*,#2040,.F.);
#2042=ORIENTED_EDGE('',*,*,#2022,.F.);
#2043=EDGE_LOOP('',(#2034,#2035,#2036,#2037,#2038,#2039,#2041,#2042));
#2044=FACE_OUTER_BOUND('',#2043,.F.);
#2045=ADVANCED_FACE('',(#2044),#2033,.T.);
#2046=CARTESIAN_POINT('',(7.990234798224E1,-1.628414942232E1,5.991370184301E2));
#2047=DIRECTION('',(9.999600592043E-1,-1.930766212522E-3,-8.726519232717E-3));
#2048=DIRECTION('',(1.930692694861E-3,9.999981360692E-1,-1.684889989267E-5));
#2049=AXIS2_PLACEMENT_3D('',#2046,#2047,#2048);
#2050=PLANE('',#2049);
#2051=ORIENTED_EDGE('',*,*,#2040,.T.);
#2053=ORIENTED_EDGE('',*,*,#2052,.T.);
#2055=ORIENTED_EDGE('',*,*,#2054,.F.);
#2057=ORIENTED_EDGE('',*,*,#2056,.T.);
#2058=ORIENTED_EDGE('',*,*,#2004,.T.);
#2059=EDGE_LOOP('',(#2051,#2053,#2055,#2057,#2058));
#2060=FACE_OUTER_BOUND('',#2059,.F.);
#2061=ADVANCED_FACE('',(#2060),#2050,.T.);
#2062=CARTESIAN_POINT('',(5.998846604045E1,-5.195250208026E0,6.003108423234E2));
#2063=DIRECTION('',(8.726535498375E-3,0.E0,9.999619230642E-1));
#2064=DIRECTION('',(9.999619230642E-1,0.E0,-8.726535498375E-3));
#2065=AXIS2_PLACEMENT_3D('',#2062,#2063,#2064);
#2066=PLANE('',#2065);
#2067=ORIENTED_EDGE('',*,*,#1851,.F.);
#2069=ORIENTED_EDGE('',*,*,#2068,.T.);
#2071=ORIENTED_EDGE('',*,*,#2070,.T.);
#2073=ORIENTED_EDGE('',*,*,#2072,.F.);
#2075=ORIENTED_EDGE('',*,*,#2074,.T.);
#2076=ORIENTED_EDGE('',*,*,#2052,.F.);
#2077=EDGE_LOOP('',(#2067,#2069,#2071,#2073,#2075,#2076));
#2078=FACE_OUTER_BOUND('',#2077,.F.);
#2079=ADVANCED_FACE('',(#2078),#2066,.T.);
#2080=CARTESIAN_POINT('',(5.999908895322E1,-4.344738175160E0,6.022457593272E2));
#2081=DIRECTION('',(8.963398103657E-3,-1.736476800989E-1,9.847670489465E-1));
#2082=DIRECTION('',(9.999583133799E-1,-1.574941770272E-4,-9.129441280527E-3));
#2083=AXIS2_PLACEMENT_3D('',#2080,#2081,#2082);
#2084=PLANE('',#2083);
#2086=ORIENTED_EDGE('',*,*,#2085,.T.);
#2088=ORIENTED_EDGE('',*,*,#2087,.T.);
#2090=ORIENTED_EDGE('',*,*,#2089,.F.);
#2091=ORIENTED_EDGE('',*,*,#2070,.F.);
#2092=ORIENTED_EDGE('',*,*,#2068,.F.);
#2093=EDGE_LOOP('',(#2086,#2088,#2090,#2091,#2092));
#2094=FACE_OUTER_BOUND('',#2093,.F.);
#2095=ADVANCED_FACE('',(#2094),#2084,.T.);
#2096=CARTESIAN_POINT('',(4.003536292800E1,-7.764756020589E0,5.994128588951E2));
#2097=DIRECTION('',(-9.999494412260E-1,2.074297926320E-3,9.839323147241E-3));
#2098=DIRECTION('',(8.967235706320E-3,-2.588183314898E-1,9.658843926519E-1));
#2099=AXIS2_PLACEMENT_3D('',#2096,#2097,#2098);
#2100=PLANE('',#2099);
#2101=ORIENTED_EDGE('',*,*,#1878,.F.);
#2103=ORIENTED_EDGE('',*,*,#2102,.F.);
#2105=ORIENTED_EDGE('',*,*,#2104,.T.);
#2107=ORIENTED_EDGE('',*,*,#2106,.F.);
#2109=ORIENTED_EDGE('',*,*,#2108,.F.);
#2110=ORIENTED_EDGE('',*,*,#2085,.F.);
#2111=EDGE_LOOP('',(#2101,#2103,#2105,#2107,#2109,#2110));
#2112=FACE_OUTER_BOUND('',#2111,.F.);
#2113=ADVANCED_FACE('',(#2112),#2100,.T.);
#2114=CARTESIAN_POINT('',(4.000371266440E1,-1.782377153115E1,5.983169229019E2));
#2115=DIRECTION('',(-9.999630288903E-1,1.572788943068E-3,8.453826789977E-3));
#2116=DIRECTION('',(-1.398393472204E-3,9.402989156556E-1,-3.403468726351E-1));
#2117=AXIS2_PLACEMENT_3D('',#2114,#2115,#2116);
#2118=PLANE('',#2117);
#2120=ORIENTED_EDGE('',*,*,#2119,.F.);
#2122=ORIENTED_EDGE('',*,*,#2121,.T.);
#2123=ORIENTED_EDGE('',*,*,#2102,.T.);
#2124=EDGE_LOOP('',(#2120,#2122,#2123));
#2125=FACE_OUTER_BOUND('',#2124,.F.);
#2126=ADVANCED_FACE('',(#2125),#2118,.T.);
#2127=CARTESIAN_POINT('',(4.000006766996E1,-1.537282736586E1,5.974297888558E2));
#2128=DIRECTION('',(-9.999617928625E-1,-2.223960586458E-3,8.453804735976E-3));
#2129=DIRECTION('',(-8.453832439161E-3,3.056309137322E-6,-9.999642657154E-1));
#2130=AXIS2_PLACEMENT_3D('',#2127,#2128,#2129);
#2131=PLANE('',#2130);
#2132=ORIENTED_EDGE('',*,*,#1928,.T.);
#2134=ORIENTED_EDGE('',*,*,#2133,.T.);
#2135=ORIENTED_EDGE('',*,*,#2119,.T.);
#2136=ORIENTED_EDGE('',*,*,#1876,.F.);
#2137=ORIENTED_EDGE('',*,*,#1913,.F.);
#2138=EDGE_LOOP('',(#2132,#2134,#2135,#2136,#2137));
#2139=FACE_OUTER_BOUND('',#2138,.F.);
#2140=ADVANCED_FACE('',(#2139),#2131,.T.);
#2141=CARTESIAN_POINT('',(3.999775034580E1,-1.537282652808E1,5.971556834280E2));
#2142=DIRECTION('',(-4.171120983771E-3,1.258105407703E-5,-9.999913007579E-1));
#2143=DIRECTION('',(9.999888280463E-1,2.223927100474E-3,-4.171082690112E-3));
#2144=AXIS2_PLACEMENT_3D('',#2141,#2142,#2143);
#2145=PLANE('',#2144);
#2146=ORIENTED_EDGE('',*,*,#1895,.F.);
#2147=ORIENTED_EDGE('',*,*,#1958,.T.);
#2149=ORIENTED_EDGE('',*,*,#2148,.F.);
#2150=ORIENTED_EDGE('',*,*,#2133,.F.);
#2151=EDGE_LOOP('',(#2146,#2147,#2149,#2150));
#2152=FACE_OUTER_BOUND('',#2151,.F.);
#2153=ADVANCED_FACE('',(#2152),#2145,.T.);
#2154=CARTESIAN_POINT('',(3.999993720691E1,-1.528510222232E1,5.973980362101E2));
#2155=DIRECTION('',(-3.510735480128E-3,9.403001400863E-1,-3.403282552039E-1));
#2156=DIRECTION('',(9.999578438055E-1,4.135238354737E-4,-9.172764566920E-3));
#2157=AXIS2_PLACEMENT_3D('',#2154,#2155,#2156);
#2158=PLANE('',#2157);
#2159=ORIENTED_EDGE('',*,*,#2148,.T.);
#2160=ORIENTED_EDGE('',*,*,#1978,.T.);
#2162=ORIENTED_EDGE('',*,*,#2161,.T.);
#2163=ORIENTED_EDGE('',*,*,#2121,.F.);
#2164=EDGE_LOOP('',(#2159,#2160,#2162,#2163));
#2165=FACE_OUTER_BOUND('',#2164,.F.);
#2166=ADVANCED_FACE('',(#2165),#2158,.T.);
#2167=CARTESIAN_POINT('',(5.998197346694E1,-3.768860813859E0,6.002984151568E2));
#2168=DIRECTION('',(8.967235706320E-3,-2.588183314898E-1,9.658843926519E-1));
#2169=DIRECTION('',(9.999563626251E-1,-2.093210418840E-4,-9.339648296554E-3));
#2170=AXIS2_PLACEMENT_3D('',#2167,#2168,#2169);
#2171=PLANE('',#2170);
#2173=ORIENTED_EDGE('',*,*,#2172,.F.);
#2174=ORIENTED_EDGE('',*,*,#2104,.F.);
#2175=ORIENTED_EDGE('',*,*,#2161,.F.);
#2176=ORIENTED_EDGE('',*,*,#1976,.T.);
#2177=EDGE_LOOP('',(#2173,#2174,#2175,#2176));
#2178=FACE_OUTER_BOUND('',#2177,.F.);
#2179=ADVANCED_FACE('',(#2178),#2171,.F.);
#2180=CARTESIAN_POINT('',(6.013686066206E1,-1.514755524017E1,5.983591547763E2));
#2181=DIRECTION('',(-1.358823170312E-3,9.961922344942E-1,8.717330745713E-2));
#2182=DIRECTION('',(1.564155644689E-4,-8.717317513710E-2,9.961931605219E-1));
#2183=AXIS2_PLACEMENT_3D('',#2180,#2181,#2182);
#2184=PLANE('',#2183);
#2185=ORIENTED_EDGE('',*,*,#2106,.T.);
#2186=ORIENTED_EDGE('',*,*,#2172,.T.);
#2188=ORIENTED_EDGE('',*,*,#2187,.T.);
#2190=ORIENTED_EDGE('',*,*,#2189,.T.);
#2191=EDGE_LOOP('',(#2185,#2186,#2188,#2190));
#2192=FACE_OUTER_BOUND('',#2191,.F.);
#2193=ADVANCED_FACE('',(#2192),#2184,.T.);
#2194=CARTESIAN_POINT('',(4.013074688987E1,3.566349114088E1,5.994840999347E2));
#2195=DIRECTION('',(-9.999600592043E-1,1.930766212521E-3,8.726519232717E-3));
#2196=DIRECTION('',(-1.930692694860E-3,-9.999981360692E-1,1.684889988951E-5));
#2197=AXIS2_PLACEMENT_3D('',#2194,#2195,#2196);
#2198=PLANE('',#2197);
#2199=ORIENTED_EDGE('',*,*,#1974,.F.);
#2200=ORIENTED_EDGE('',*,*,#1972,.T.);
#2202=ORIENTED_EDGE('',*,*,#2201,.T.);
#2204=ORIENTED_EDGE('',*,*,#2203,.F.);
#2205=ORIENTED_EDGE('',*,*,#2072,.T.);
#2207=ORIENTED_EDGE('',*,*,#2206,.T.);
#2209=ORIENTED_EDGE('',*,*,#2208,.F.);
#2210=ORIENTED_EDGE('',*,*,#2187,.F.);
#2211=EDGE_LOOP('',(#2199,#2200,#2202,#2204,#2205,#2207,#2209,#2210));
#2212=FACE_OUTER_BOUND('',#2211,.F.);
#2213=ADVANCED_FACE('',(#2212),#2198,.T.);
#2214=CARTESIAN_POINT('',(5.995355989845E1,-5.195250208026E0,5.963109946312E2));
#2215=DIRECTION('',(8.726535498374E-3,0.E0,9.999619230642E-1));
#2216=DIRECTION('',(9.999619230642E-1,0.E0,-8.726535498374E-3));
#2217=AXIS2_PLACEMENT_3D('',#2214,#2215,#2216);
#2218=PLANE('',#2217);
#2219=ORIENTED_EDGE('',*,*,#2056,.F.);
#2221=ORIENTED_EDGE('',*,*,#2220,.T.);
#2223=ORIENTED_EDGE('',*,*,#2222,.T.);
#2225=ORIENTED_EDGE('',*,*,#2224,.T.);
#2227=ORIENTED_EDGE('',*,*,#2226,.T.);
#2229=ORIENTED_EDGE('',*,*,#2228,.T.);
#2231=ORIENTED_EDGE('',*,*,#2230,.T.);
#2233=ORIENTED_EDGE('',*,*,#2232,.T.);
#2235=ORIENTED_EDGE('',*,*,#2234,.T.);
#2237=ORIENTED_EDGE('',*,*,#2236,.T.);
#2238=ORIENTED_EDGE('',*,*,#2201,.F.);
#2239=ORIENTED_EDGE('',*,*,#1992,.F.);
#2240=EDGE_LOOP('',(#2219,#2221,#2223,#2225,#2227,#2229,#2231,#2233,#2235,#2237,
#2238,#2239));
#2241=FACE_OUTER_BOUND('',#2240,.F.);
#2242=ADVANCED_FACE('',(#2241),#2218,.F.);
#2243=CARTESIAN_POINT('',(7.995556472330E1,2.483901832415E1,5.961364397795E2));
#2244=DIRECTION('',(-8.734106753669E-3,-4.162895679705E-2,-9.990949631217E-1));
#2245=DIRECTION('',(-9.999618569622E-1,3.636056217296E-4,8.726534921510E-3));
#2246=AXIS2_PLACEMENT_3D('',#2243,#2244,#2245);
#2247=PLANE('',#2246);
#2249=ORIENTED_EDGE('',*,*,#2248,.T.);
#2250=ORIENTED_EDGE('',*,*,#2220,.F.);
#2252=ORIENTED_EDGE('',*,*,#2251,.F.);
#2254=ORIENTED_EDGE('',*,*,#2253,.T.);
#2255=EDGE_LOOP('',(#2249,#2250,#2252,#2254));
#2256=FACE_OUTER_BOUND('',#2255,.F.);
#2257=ADVANCED_FACE('',(#2256),#2247,.T.);
#2258=CARTESIAN_POINT('',(7.571275166900E1,2.484056613500E1,5.961735872399E2));
#2259=DIRECTION('',(9.999619890516E-1,-3.629755039569E-4,-8.711412094904E-3));
#2260=DIRECTION('',(-8.711412668774E-3,0.E0,-9.999620549247E-1));
#2261=AXIS2_PLACEMENT_3D('',#2258,#2259,#2260);
#2262=PLANE('',#2261);
#2264=ORIENTED_EDGE('',*,*,#2263,.F.);
#2265=ORIENTED_EDGE('',*,*,#2248,.F.);
#2267=ORIENTED_EDGE('',*,*,#2266,.T.);
#2269=ORIENTED_EDGE('',*,*,#2268,.T.);
#2270=EDGE_LOOP('',(#2264,#2265,#2267,#2269));
#2271=FACE_OUTER_BOUND('',#2270,.F.);
#2272=ADVANCED_FACE('',(#2271),#2262,.T.);
#2273=CARTESIAN_POINT('',(7.574765728309E1,2.501013025954E1,6.001733139450E2));
#2274=DIRECTION('',(9.999619230642E-1,0.E0,-8.726535498367E-3));
#2275=DIRECTION('',(-8.726535498367E-3,0.E0,-9.999619230642E-1));
#2276=AXIS2_PLACEMENT_3D('',#2273,#2274,#2275);
#2277=PLANE('',#2276);
#2278=ORIENTED_EDGE('',*,*,#2222,.F.);
#2279=ORIENTED_EDGE('',*,*,#2263,.T.);
#2281=ORIENTED_EDGE('',*,*,#2280,.F.);
#2283=ORIENTED_EDGE('',*,*,#2282,.T.);
#2284=EDGE_LOOP('',(#2278,#2279,#2281,#2283));
#2285=FACE_OUTER_BOUND('',#2284,.F.);
#2286=ADVANCED_FACE('',(#2285),#2277,.T.);
#2287=CARTESIAN_POINT('',(6.006499023013E1,2.251292762214E1,5.793093748608E2));
#2288=DIRECTION('',(-8.726535498370E-3,1.265506218336E-11,-9.999619230642E-1));
#2289=DIRECTION('',(-9.999619230642E-1,0.E0,8.726535498370E-3));
#2290=AXIS2_PLACEMENT_3D('',#2287,#2288,#2289);
#2291=PLANE('',#2290);
#2292=ORIENTED_EDGE('',*,*,#2280,.T.);
#2294=ORIENTED_EDGE('',*,*,#2293,.T.);
#2296=ORIENTED_EDGE('',*,*,#2295,.T.);
#2298=ORIENTED_EDGE('',*,*,#2297,.F.);
#2300=ORIENTED_EDGE('',*,*,#2299,.F.);
#2302=ORIENTED_EDGE('',*,*,#2301,.T.);
#2304=ORIENTED_EDGE('',*,*,#2303,.F.);
#2306=ORIENTED_EDGE('',*,*,#2305,.T.);
#2308=ORIENTED_EDGE('',*,*,#2307,.T.);
#2310=ORIENTED_EDGE('',*,*,#2309,.T.);
#2311=EDGE_LOOP('',(#2292,#2294,#2296,#2298,#2300,#2302,#2304,#2306,#2308,
#2310));
#2312=FACE_OUTER_BOUND('',#2311,.F.);
#2313=ADVANCED_FACE('',(#2312),#2291,.T.);
#2314=CARTESIAN_POINT('',(6.756470465311E1,2.413516357686E1,5.792439258446E2));
#2315=DIRECTION('',(-8.718970805302E-3,-4.162896229600E-2,-9.990950950967E-1));
#2316=DIRECTION('',(0.E0,9.991330730923E-1,-4.163054471249E-2));
#2317=AXIS2_PLACEMENT_3D('',#2314,#2315,#2316);
#2318=PLANE('',#2317);
#2319=ORIENTED_EDGE('',*,*,#2293,.F.);
#2320=ORIENTED_EDGE('',*,*,#2268,.F.);
#2322=ORIENTED_EDGE('',*,*,#2321,.T.);
#2324=ORIENTED_EDGE('',*,*,#2323,.T.);
#2325=EDGE_LOOP('',(#2319,#2320,#2322,#2324));
#2326=FACE_OUTER_BOUND('',#2325,.F.);
#2327=ADVANCED_FACE('',(#2326),#2318,.T.);
#2328=CARTESIAN_POINT('',(6.E1,2.229828321210E1,5.327567146610E2));
#2329=DIRECTION('',(0.E0,9.991330730923E-1,-4.163054471249E-2));
#2330=DIRECTION('',(0.E0,4.163054471249E-2,9.991330730923E-1));
#2331=AXIS2_PLACEMENT_3D('',#2328,#2329,#2330);
#2332=PLANE('',#2331);
#2334=ORIENTED_EDGE('',*,*,#2333,.F.);
#2336=ORIENTED_EDGE('',*,*,#2335,.F.);
#2338=ORIENTED_EDGE('',*,*,#2337,.F.);
#2340=ORIENTED_EDGE('',*,*,#2339,.F.);
#2341=ORIENTED_EDGE('',*,*,#2321,.F.);
#2342=ORIENTED_EDGE('',*,*,#2266,.F.);
#2343=ORIENTED_EDGE('',*,*,#2253,.F.);
#2345=ORIENTED_EDGE('',*,*,#2344,.F.);
#2347=ORIENTED_EDGE('',*,*,#2346,.F.);
#2349=ORIENTED_EDGE('',*,*,#2348,.F.);
#2350=EDGE_LOOP('',(#2334,#2336,#2338,#2340,#2341,#2342,#2343,#2345,#2347,
#2349));
#2351=FACE_OUTER_BOUND('',#2350,.F.);
#2352=ADVANCED_FACE('',(#2351),#2332,.T.);
#2353=CARTESIAN_POINT('',(5.271362691062E1,2.484892402372E1,5.963741765692E2));
#2354=DIRECTION('',(-8.734106753669E-3,-4.162895679705E-2,-9.990949631217E-1));
#2355=DIRECTION('',(-9.999618569622E-1,3.636056217296E-4,8.726534921510E-3));
#2356=AXIS2_PLACEMENT_3D('',#2353,#2354,#2355);
#2357=PLANE('',#2356);
#2359=ORIENTED_EDGE('',*,*,#2358,.T.);
#2360=ORIENTED_EDGE('',*,*,#2333,.T.);
#2362=ORIENTED_EDGE('',*,*,#2361,.T.);
#2363=ORIENTED_EDGE('',*,*,#2236,.F.);
#2364=EDGE_LOOP('',(#2359,#2360,#2362,#2363));
#2365=FACE_OUTER_BOUND('',#2364,.F.);
#2366=ADVANCED_FACE('',(#2365),#2357,.T.);
#2367=CARTESIAN_POINT('',(4.456557989473E1,2.414352146558E1,5.794445151739E2));
#2368=DIRECTION('',(-9.999619890516E-1,3.629755039569E-4,8.711412094904E-3));
#2369=DIRECTION('',(8.711412668774E-3,0.E0,9.999620549247E-1));
#2370=AXIS2_PLACEMENT_3D('',#2367,#2368,#2369);
#2371=PLANE('',#2370);
#2373=ORIENTED_EDGE('',*,*,#2372,.F.);
#2375=ORIENTED_EDGE('',*,*,#2374,.T.);
#2376=ORIENTED_EDGE('',*,*,#2335,.T.);
#2377=ORIENTED_EDGE('',*,*,#2358,.F.);
#2378=EDGE_LOOP('',(#2373,#2375,#2376,#2377));
#2379=FACE_OUTER_BOUND('',#2378,.F.);
#2380=ADVANCED_FACE('',(#2379),#2371,.T.);
#2381=CARTESIAN_POINT('',(5.256527580715E1,2.414061766155E1,5.793748238771E2));
#2382=DIRECTION('',(0.E0,-9.991330730924E-1,4.163054471218E-2));
#2383=DIRECTION('',(8.718970805301E-3,4.162896229570E-2,9.990950950967E-1));
#2384=AXIS2_PLACEMENT_3D('',#2381,#2382,#2383);
#2385=PLANE('',#2384);
#2387=ORIENTED_EDGE('',*,*,#2386,.F.);
#2389=ORIENTED_EDGE('',*,*,#2388,.F.);
#2390=ORIENTED_EDGE('',*,*,#2372,.T.);
#2392=ORIENTED_EDGE('',*,*,#2391,.F.);
#2393=EDGE_LOOP('',(#2387,#2389,#2390,#2392));
#2394=FACE_OUTER_BOUND('',#2393,.F.);
#2395=ADVANCED_FACE('',(#2394),#2385,.T.);
#2396=CARTESIAN_POINT('',(5.271362691062E1,2.484892402372E1,5.963741765692E2));
#2397=DIRECTION('',(-3.632766172336E-4,9.991331390251E-1,-4.162737719237E-2));
#2398=DIRECTION('',(-8.718970805301E-3,-4.162896229570E-2,-9.990950950967E-1));
#2399=AXIS2_PLACEMENT_3D('',#2396,#2397,#2398);
#2400=PLANE('',#2399);
#2401=ORIENTED_EDGE('',*,*,#2386,.T.);
#2402=ORIENTED_EDGE('',*,*,#2391,.T.);
#2404=ORIENTED_EDGE('',*,*,#2403,.T.);
#2405=ORIENTED_EDGE('',*,*,#2297,.T.);
#2406=EDGE_LOOP('',(#2401,#2402,#2404,#2405));
#2407=FACE_OUTER_BOUND('',#2406,.F.);
#2408=ADVANCED_FACE('',(#2407),#2400,.T.);
#2409=CARTESIAN_POINT('',(4.474883766810E1,2.251292762187E1,6.004438365454E2));
#2410=DIRECTION('',(-9.999619230642E-1,0.E0,8.726535498367E-3));
#2411=DIRECTION('',(8.726535498367E-3,0.E0,9.999619230642E-1));
#2412=AXIS2_PLACEMENT_3D('',#2409,#2410,#2411);
#2413=PLANE('',#2412);
#2414=ORIENTED_EDGE('',*,*,#2403,.F.);
#2415=ORIENTED_EDGE('',*,*,#2234,.F.);
#2417=ORIENTED_EDGE('',*,*,#2416,.T.);
#2418=ORIENTED_EDGE('',*,*,#2299,.T.);
#2419=EDGE_LOOP('',(#2414,#2415,#2417,#2418));
#2420=FACE_OUTER_BOUND('',#2419,.F.);
#2421=ADVANCED_FACE('',(#2420),#2413,.T.);
#2422=CARTESIAN_POINT('',(5.524843786027E1,2.051292762187E1,6.003522079227E2));
#2423=DIRECTION('',(-1.110223024625E-13,-1.E0,-1.264766069653E-11));
#2424=DIRECTION('',(0.E0,1.264766069653E-11,-1.E0));
#2425=AXIS2_PLACEMENT_3D('',#2422,#2423,#2424);
#2426=PLANE('',#2425);
#2428=ORIENTED_EDGE('',*,*,#2427,.F.);
#2429=ORIENTED_EDGE('',*,*,#2301,.F.);
#2430=ORIENTED_EDGE('',*,*,#2416,.F.);
#2431=ORIENTED_EDGE('',*,*,#2232,.F.);
#2432=EDGE_LOOP('',(#2428,#2429,#2430,#2431));
#2433=FACE_OUTER_BOUND('',#2432,.F.);
#2434=ADVANCED_FACE('',(#2433),#2426,.T.);
#2435=CARTESIAN_POINT('',(4.724874247576E1,2.001292762187E1,6.004220202067E2));
#2436=DIRECTION('',(-9.999619230642E-1,0.E0,8.726535498367E-3));
#2437=DIRECTION('',(8.726535498367E-3,0.E0,9.999619230642E-1));
#2438=AXIS2_PLACEMENT_3D('',#2435,#2436,#2437);
#2439=PLANE('',#2438);
#2440=ORIENTED_EDGE('',*,*,#2427,.T.);
#2441=ORIENTED_EDGE('',*,*,#2230,.F.);
#2443=ORIENTED_EDGE('',*,*,#2442,.T.);
#2444=ORIENTED_EDGE('',*,*,#2303,.T.);
#2445=EDGE_LOOP('',(#2440,#2441,#2443,#2444));
#2446=FACE_OUTER_BOUND('',#2445,.F.);
#2447=ADVANCED_FACE('',(#2446),#2439,.T.);
#2448=CARTESIAN_POINT('',(6.524805709092E1,1.801292762187E1,6.002649425677E2));
#2449=DIRECTION('',(-1.110223024625E-13,-1.E0,-1.264766069653E-11));
#2450=DIRECTION('',(0.E0,1.264766069653E-11,-1.E0));
#2451=AXIS2_PLACEMENT_3D('',#2448,#2449,#2450);
#2452=PLANE('',#2451);
#2453=ORIENTED_EDGE('',*,*,#2228,.F.);
#2455=ORIENTED_EDGE('',*,*,#2454,.F.);
#2456=ORIENTED_EDGE('',*,*,#2305,.F.);
#2457=ORIENTED_EDGE('',*,*,#2442,.F.);
#2458=EDGE_LOOP('',(#2453,#2455,#2456,#2457));
#2459=FACE_OUTER_BOUND('',#2458,.F.);
#2460=ADVANCED_FACE('',(#2459),#2452,.T.);
#2461=CARTESIAN_POINT('',(7.324775247543E1,2.251292762187E1,6.001951302837E2));
#2462=DIRECTION('',(9.999619230642E-1,0.E0,-8.726535498367E-3));
#2463=DIRECTION('',(-8.726535498367E-3,0.E0,-9.999619230642E-1));
#2464=AXIS2_PLACEMENT_3D('',#2461,#2462,#2463);
#2465=PLANE('',#2464);
#2467=ORIENTED_EDGE('',*,*,#2466,.T.);
#2468=ORIENTED_EDGE('',*,*,#2307,.F.);
#2469=ORIENTED_EDGE('',*,*,#2454,.T.);
#2470=ORIENTED_EDGE('',*,*,#2226,.F.);
#2471=EDGE_LOOP('',(#2467,#2468,#2469,#2470));
#2472=FACE_OUTER_BOUND('',#2471,.F.);
#2473=ADVANCED_FACE('',(#2472),#2465,.T.);
#2474=CARTESIAN_POINT('',(6.774796189858E1,2.051292762187E1,6.002431262289E2));
#2475=DIRECTION('',(-1.110223024625E-13,-1.E0,-1.264766069653E-11));
#2476=DIRECTION('',(0.E0,1.264766069653E-11,-1.E0));
#2477=AXIS2_PLACEMENT_3D('',#2474,#2475,#2476);
#2478=PLANE('',#2477);
#2479=ORIENTED_EDGE('',*,*,#2466,.F.);
#2480=ORIENTED_EDGE('',*,*,#2224,.F.);
#2481=ORIENTED_EDGE('',*,*,#2282,.F.);
#2482=ORIENTED_EDGE('',*,*,#2309,.F.);
#2483=EDGE_LOOP('',(#2479,#2480,#2481,#2482));
#2484=FACE_OUTER_BOUND('',#2483,.F.);
#2485=ADVANCED_FACE('',(#2484),#2478,.T.);
#2486=CARTESIAN_POINT('',(5.256527580715E1,2.424053096885E1,5.793706608226E2));
#2487=DIRECTION('',(-8.718970805302E-3,-4.162896229600E-2,-9.990950950967E-1));
#2488=DIRECTION('',(0.E0,-9.991330730923E-1,4.163054471249E-2));
#2489=AXIS2_PLACEMENT_3D('',#2486,#2487,#2488);
#2490=PLANE('',#2489);
#2492=ORIENTED_EDGE('',*,*,#2491,.F.);
#2493=ORIENTED_EDGE('',*,*,#2337,.T.);
#2494=ORIENTED_EDGE('',*,*,#2374,.F.);
#2495=ORIENTED_EDGE('',*,*,#2388,.T.);
#2496=EDGE_LOOP('',(#2492,#2493,#2494,#2495));
#2497=FACE_OUTER_BOUND('',#2496,.F.);
#2498=ADVANCED_FACE('',(#2497),#2490,.T.);
#2499=CARTESIAN_POINT('',(6.756470465311E1,2.413516357686E1,5.792439258446E2));
#2500=DIRECTION('',(-8.734106753670E-3,-4.162895679705E-2,-9.990949631217E-1));
#2501=DIRECTION('',(-9.999618569622E-1,3.636056217296E-4,8.726534921511E-3));
#2502=AXIS2_PLACEMENT_3D('',#2499,#2500,#2501);
#2503=PLANE('',#2502);
#2504=ORIENTED_EDGE('',*,*,#2295,.F.);
#2505=ORIENTED_EDGE('',*,*,#2323,.F.);
#2506=ORIENTED_EDGE('',*,*,#2339,.T.);
#2507=ORIENTED_EDGE('',*,*,#2491,.T.);
#2508=EDGE_LOOP('',(#2504,#2505,#2506,#2507));
#2509=FACE_OUTER_BOUND('',#2508,.F.);
#2510=ADVANCED_FACE('',(#2509),#2503,.T.);
#2511=CARTESIAN_POINT('',(4.008369650543E1,2.485351651258E1,5.964843963020E2));
#2512=DIRECTION('',(-9.999612850266E-1,3.663214677787E-4,8.791715226623E-3));
#2513=DIRECTION('',(8.799343614372E-3,4.162893298675E-2,9.990943916820E-1));
#2514=AXIS2_PLACEMENT_3D('',#2511,#2512,#2513);
#2515=PLANE('',#2514);
#2516=ORIENTED_EDGE('',*,*,#2203,.T.);
#2517=ORIENTED_EDGE('',*,*,#2361,.F.);
#2518=ORIENTED_EDGE('',*,*,#2348,.T.);
#2520=ORIENTED_EDGE('',*,*,#2519,.T.);
#2521=EDGE_LOOP('',(#2516,#2517,#2518,#2520));
#2522=FACE_OUTER_BOUND('',#2521,.F.);
#2523=ADVANCED_FACE('',(#2522),#2515,.T.);
#2524=CARTESIAN_POINT('',(4.011892441766E1,2.502017671609E1,6.004842411862E2));
#2525=DIRECTION('',(8.734106753671E-3,4.162895679705E-2,9.990949631217E-1));
#2526=DIRECTION('',(9.999618569622E-1,-3.636056217297E-4,-8.726534921512E-3));
#2527=AXIS2_PLACEMENT_3D('',#2524,#2525,#2526);
#2528=PLANE('',#2527);
#2529=ORIENTED_EDGE('',*,*,#2074,.F.);
#2530=ORIENTED_EDGE('',*,*,#2519,.F.);
#2531=ORIENTED_EDGE('',*,*,#2346,.T.);
#2533=ORIENTED_EDGE('',*,*,#2532,.T.);
#2534=EDGE_LOOP('',(#2529,#2530,#2531,#2533));
#2535=FACE_OUTER_BOUND('',#2534,.F.);
#2536=ADVANCED_FACE('',(#2535),#2528,.T.);
#2537=CARTESIAN_POINT('',(7.999079263553E1,2.500567852766E1,6.001362846637E2));
#2538=DIRECTION('',(9.999612850266E-1,-3.663214677787E-4,-8.791715226623E-3));
#2539=DIRECTION('',(-8.799343614372E-3,-4.162893298675E-2,-9.990943916820E-1));
#2540=AXIS2_PLACEMENT_3D('',#2537,#2538,#2539);
#2541=PLANE('',#2540);
#2542=ORIENTED_EDGE('',*,*,#2054,.T.);
#2543=ORIENTED_EDGE('',*,*,#2532,.F.);
#2544=ORIENTED_EDGE('',*,*,#2344,.T.);
#2545=ORIENTED_EDGE('',*,*,#2251,.T.);
#2546=EDGE_LOOP('',(#2542,#2543,#2544,#2545));
#2547=FACE_OUTER_BOUND('',#2546,.F.);
#2548=ADVANCED_FACE('',(#2547),#2541,.T.);
#2549=CARTESIAN_POINT('',(6.002174035177E1,-4.357745286800E0,5.382110024355E2));
#2550=DIRECTION('',(-4.834495984401E-4,9.848053175747E-1,1.736613162253E-1));
#2551=DIRECTION('',(2.368470458976E-4,-1.736612188850E-1,9.848054249235E-1));
#2552=AXIS2_PLACEMENT_3D('',#2549,#2550,#2551);
#2553=PLANE('',#2552);
#2554=ORIENTED_EDGE('',*,*,#2089,.T.);
#2556=ORIENTED_EDGE('',*,*,#2555,.F.);
#2558=ORIENTED_EDGE('',*,*,#2557,.T.);
#2559=ORIENTED_EDGE('',*,*,#2206,.F.);
#2560=EDGE_LOOP('',(#2554,#2556,#2558,#2559));
#2561=FACE_OUTER_BOUND('',#2560,.F.);
#2562=ADVANCED_FACE('',(#2561),#2553,.T.);
#2563=CARTESIAN_POINT('',(4.002918963124E1,-7.898916566662E0,5.987543989305E2));
#2564=DIRECTION('',(-9.999530892186E-1,2.058927563894E-3,9.464680635467E-3));
#2565=DIRECTION('',(8.963398103657E-3,-1.736476800989E-1,9.847670489465E-1));
#2566=AXIS2_PLACEMENT_3D('',#2563,#2564,#2565);
#2567=PLANE('',#2566);
#2568=ORIENTED_EDGE('',*,*,#2108,.T.);
#2570=ORIENTED_EDGE('',*,*,#2569,.T.);
#2571=ORIENTED_EDGE('',*,*,#2555,.T.);
#2572=ORIENTED_EDGE('',*,*,#2087,.F.);
#2573=EDGE_LOOP('',(#2568,#2570,#2571,#2572));
#2574=FACE_OUTER_BOUND('',#2573,.F.);
#2575=ADVANCED_FACE('',(#2574),#2567,.T.);
#2576=CARTESIAN_POINT('',(5.997219875891E1,-3.823795134863E0,5.992914581803E2));
#2577=DIRECTION('',(8.963398103657E-3,-1.736476800989E-1,9.847670489465E-1));
#2578=DIRECTION('',(9.999583133799E-1,-1.574941770272E-4,-9.129441280527E-3));
#2579=AXIS2_PLACEMENT_3D('',#2576,#2577,#2578);
#2580=PLANE('',#2579);
#2581=ORIENTED_EDGE('',*,*,#2189,.F.);
#2582=ORIENTED_EDGE('',*,*,#2208,.T.);
#2583=ORIENTED_EDGE('',*,*,#2557,.F.);
#2584=ORIENTED_EDGE('',*,*,#2569,.F.);
#2585=EDGE_LOOP('',(#2581,#2582,#2583,#2584));
#2586=FACE_OUTER_BOUND('',#2585,.F.);
#2587=ADVANCED_FACE('',(#2586),#2580,.F.);
#2588=CARTESIAN_POINT('',(4.000110103925E1,-2.458799245291E1,5.975610537446E2));
#2589=DIRECTION('',(-4.327541599978E-3,8.716671367189E-2,-9.961843385696E-1));
#2590=DIRECTION('',(9.999897129387E-1,1.730884475578E-3,-4.192619186131E-3));
#2591=AXIS2_PLACEMENT_3D('',#2588,#2589,#2590);
#2592=PLANE('',#2591);
#2593=ORIENTED_EDGE('',*,*,#1629,.T.);
#2594=ORIENTED_EDGE('',*,*,#1930,.T.);
#2595=ORIENTED_EDGE('',*,*,#1911,.F.);
#2597=ORIENTED_EDGE('',*,*,#2596,.F.);
#2598=EDGE_LOOP('',(#2593,#2594,#2595,#2597));
#2599=FACE_OUTER_BOUND('',#2598,.F.);
#2600=ADVANCED_FACE('',(#2599),#2592,.T.);
#2601=CARTESIAN_POINT('',(4.000346124133E1,-2.461188392492E1,5.978341156104E2));
#2602=DIRECTION('',(-9.999620078290E-1,-2.104185989611E-3,8.459036586120E-3));
#2603=DIRECTION('',(-8.610255410615E-3,8.715850121902E-2,-9.961572462051E-1));
#2604=AXIS2_PLACEMENT_3D('',#2601,#2602,#2603);
#2605=PLANE('',#2604);
#2607=ORIENTED_EDGE('',*,*,#2606,.T.);
#2608=ORIENTED_EDGE('',*,*,#2596,.T.);
#2609=ORIENTED_EDGE('',*,*,#1909,.F.);
#2611=ORIENTED_EDGE('',*,*,#2610,.F.);
#2612=EDGE_LOOP('',(#2607,#2608,#2609,#2611));
#2613=FACE_OUTER_BOUND('',#2612,.F.);
#2614=ADVANCED_FACE('',(#2613),#2605,.T.);
#2615=CARTESIAN_POINT('',(4.000123223770E1,-3.161369584635E1,5.981120899602E2));
#2616=DIRECTION('',(-9.999599595508E-1,1.678114959388E-3,8.789950251539E-3));
#2617=DIRECTION('',(-6.382481743427E-4,9.663837048879E-1,-2.571033402475E-1));
#2618=AXIS2_PLACEMENT_3D('',#2615,#2616,#2617);
#2619=PLANE('',#2618);
#2621=ORIENTED_EDGE('',*,*,#2620,.T.);
#2623=ORIENTED_EDGE('',*,*,#2622,.F.);
#2625=ORIENTED_EDGE('',*,*,#2624,.T.);
#2627=ORIENTED_EDGE('',*,*,#2626,.F.);
#2629=ORIENTED_EDGE('',*,*,#2628,.F.);
#2630=ORIENTED_EDGE('',*,*,#1545,.F.);
#2632=ORIENTED_EDGE('',*,*,#2631,.F.);
#2633=ORIENTED_EDGE('',*,*,#1598,.T.);
#2634=ORIENTED_EDGE('',*,*,#1624,.F.);
#2635=ORIENTED_EDGE('',*,*,#2606,.F.);
#2637=ORIENTED_EDGE('',*,*,#2636,.F.);
#2638=EDGE_LOOP('',(#2621,#2623,#2625,#2627,#2629,#2630,#2632,#2633,#2634,#2635,
#2637));
#2639=FACE_OUTER_BOUND('',#2638,.F.);
#2640=ADVANCED_FACE('',(#2639),#2619,.T.);
#2641=CARTESIAN_POINT('',(4.004175528111E1,-2.168849693746E1,6.000805042926E2));
#2642=DIRECTION('',(-9.999457213319E-1,2.056956086473E-3,1.021387887140E-2));
#2643=DIRECTION('',(8.894444243306E-3,-3.420192377437E-1,9.396508553047E-1));
#2644=AXIS2_PLACEMENT_3D('',#2641,#2642,#2643);
#2645=PLANE('',#2644);
#2647=ORIENTED_EDGE('',*,*,#2646,.F.);
#2649=ORIENTED_EDGE('',*,*,#2648,.F.);
#2651=ORIENTED_EDGE('',*,*,#2650,.F.);
#2653=ORIENTED_EDGE('',*,*,#2652,.F.);
#2654=ORIENTED_EDGE('',*,*,#2624,.F.);
#2655=ORIENTED_EDGE('',*,*,#2622,.T.);
#2656=ORIENTED_EDGE('',*,*,#2620,.F.);
#2657=EDGE_LOOP('',(#2647,#2649,#2651,#2653,#2654,#2655,#2656));
#2658=FACE_OUTER_BOUND('',#2657,.F.);
#2659=ADVANCED_FACE('',(#2658),#2645,.T.);
#2660=CARTESIAN_POINT('',(4.003395403093E1,-2.487775789508E1,6.008729244667E2));
#2661=DIRECTION('',(-9.999491178215E-1,-2.224948434219E-3,9.839277032276E-3));
#2662=DIRECTION('',(-9.995767486523E-3,8.715550205173E-2,-9.961445693746E-1));
#2663=AXIS2_PLACEMENT_3D('',#2660,#2661,#2662);
#2664=PLANE('',#2663);
#2665=ORIENTED_EDGE('',*,*,#1907,.T.);
#2666=ORIENTED_EDGE('',*,*,#2646,.T.);
#2667=ORIENTED_EDGE('',*,*,#2636,.T.);
#2668=ORIENTED_EDGE('',*,*,#2610,.T.);
#2669=EDGE_LOOP('',(#2665,#2666,#2667,#2668));
#2670=FACE_OUTER_BOUND('',#2669,.F.);
#2671=ADVANCED_FACE('',(#2670),#2664,.T.);
#2672=CARTESIAN_POINT('',(4.003709322268E1,-2.490634415802E1,6.011858522573E2));
#2673=DIRECTION('',(-9.999491170245E-1,-2.225731989577E-3,9.839180811057E-3));
#2674=DIRECTION('',(-1.006623256183E-2,1.564340530130E-1,-9.876371084664E-1));
#2675=AXIS2_PLACEMENT_3D('',#2672,#2673,#2674);
#2676=PLANE('',#2675);
#2677=ORIENTED_EDGE('',*,*,#2648,.T.);
#2679=ORIENTED_EDGE('',*,*,#2678,.F.);
#2681=ORIENTED_EDGE('',*,*,#2680,.T.);
#2682=EDGE_LOOP('',(#2677,#2679,#2681));
#2683=FACE_OUTER_BOUND('',#2682,.F.);
#2684=ADVANCED_FACE('',(#2683),#2676,.T.);
#2685=CARTESIAN_POINT('',(6.000785498717E1,-1.935984208007E1,6.022463221780E2));
#2686=DIRECTION('',(8.970302956870E-3,-1.908084527499E-1,9.815863018727E-1));
#2687=DIRECTION('',(9.999579301681E-1,-1.693241221299E-4,-9.171108066927E-3));
#2688=AXIS2_PLACEMENT_3D('',#2685,#2686,#2687);
#2689=PLANE('',#2688);
#2690=ORIENTED_EDGE('',*,*,#2678,.T.);
#2692=ORIENTED_EDGE('',*,*,#2691,.F.);
#2693=EDGE_LOOP('',(#2690,#2692));
#2694=FACE_OUTER_BOUND('',#2693,.F.);
#2695=ADVANCED_FACE('',(#2694),#2689,.T.);
#2696=CARTESIAN_POINT('',(7.992002626103E1,-2.482526711169E1,6.008420042562E2));
#2697=DIRECTION('',(8.953429003217E-3,-1.564364330602E-1,9.876474464709E-1));
#2698=DIRECTION('',(-9.999597000805E-1,-2.051642357436E-3,8.740078860409E-3));
#2699=AXIS2_PLACEMENT_3D('',#2696,#2697,#2698);
#2700=PLANE('',#2699);
#2702=ORIENTED_EDGE('',*,*,#2701,.F.);
#2704=ORIENTED_EDGE('',*,*,#2703,.F.);
#2705=ORIENTED_EDGE('',*,*,#2691,.T.);
#2706=EDGE_LOOP('',(#2702,#2704,#2705));
#2707=FACE_OUTER_BOUND('',#2706,.F.);
#2708=ADVANCED_FACE('',(#2707),#2700,.T.);
#2709=CARTESIAN_POINT('',(7.991688363485E1,-2.479330424539E1,6.005294911151E2));
#2710=DIRECTION('',(8.882963970661E-3,-8.715792412577E-2,9.961549022181E-1));
#2711=DIRECTION('',(-9.999596224602E-1,-2.127955711699E-3,8.730707520086E-3));
#2712=AXIS2_PLACEMENT_3D('',#2709,#2710,#2711);
#2713=PLANE('',#2712);
#2714=ORIENTED_EDGE('',*,*,#2701,.T.);
#2715=ORIENTED_EDGE('',*,*,#1905,.T.);
#2716=EDGE_LOOP('',(#2714,#2715));
#2717=FACE_OUTER_BOUND('',#2716,.F.);
#2718=ADVANCED_FACE('',(#2717),#2713,.T.);
#2719=CARTESIAN_POINT('',(4.005052484537E1,-1.539733544163E1,6.014596745143E2));
#2720=DIRECTION('',(8.840736661765E-3,-6.975874518197E-2,9.975247159073E-1));
#2721=DIRECTION('',(-9.999597450337E-1,-2.145936338461E-3,8.712248241481E-3));
#2722=AXIS2_PLACEMENT_3D('',#2719,#2720,#2721);
#2723=PLANE('',#2722);
#2724=ORIENTED_EDGE('',*,*,#2703,.T.);
#2725=ORIENTED_EDGE('',*,*,#1835,.F.);
#2726=EDGE_LOOP('',(#2724,#2725));
#2727=FACE_OUTER_BOUND('',#2726,.F.);
#2728=ADVANCED_FACE('',(#2727),#2723,.T.);
#2729=CARTESIAN_POINT('',(4.000536191253E1,-3.009340662784E1,5.977080472118E2));
#2730=DIRECTION('',(-9.999492308118E-1,-2.223962686544E-3,9.828010421659E-3));
#2731=DIRECTION('',(4.519390300798E-3,-9.707224083572E-1,2.401615727472E-1));
#2732=AXIS2_PLACEMENT_3D('',#2729,#2730,#2731);
#2733=PLANE('',#2732);
#2735=ORIENTED_EDGE('',*,*,#2734,.F.);
#2737=ORIENTED_EDGE('',*,*,#2736,.F.);
#2738=ORIENTED_EDGE('',*,*,#2680,.F.);
#2739=ORIENTED_EDGE('',*,*,#1820,.F.);
#2741=ORIENTED_EDGE('',*,*,#2740,.F.);
#2743=ORIENTED_EDGE('',*,*,#2742,.T.);
#2745=ORIENTED_EDGE('',*,*,#2744,.F.);
#2747=ORIENTED_EDGE('',*,*,#2746,.T.);
#2748=EDGE_LOOP('',(#2735,#2737,#2738,#2739,#2741,#2743,#2745,#2747));
#2749=FACE_OUTER_BOUND('',#2748,.F.);
#2750=ADVANCED_FACE('',(#2749),#2733,.T.);
#2751=CARTESIAN_POINT('',(6.001664581635E1,-3.540667767813E1,6.077575755939E2));
#2752=DIRECTION('',(-5.600421500281E-3,-9.335785378954E-1,-3.583291069118E-1));
#2753=DIRECTION('',(-1.443196593366E-4,3.583354773477E-1,-9.335928796032E-1));
#2754=AXIS2_PLACEMENT_3D('',#2751,#2752,#2753);
#2755=PLANE('',#2754);
#2757=ORIENTED_EDGE('',*,*,#2756,.F.);
#2758=ORIENTED_EDGE('',*,*,#2652,.T.);
#2760=ORIENTED_EDGE('',*,*,#2759,.T.);
#2761=ORIENTED_EDGE('',*,*,#2734,.T.);
#2762=EDGE_LOOP('',(#2757,#2758,#2760,#2761));
#2763=FACE_OUTER_BOUND('',#2762,.F.);
#2764=ADVANCED_FACE('',(#2763),#2755,.T.);
#2765=CARTESIAN_POINT('',(4.001223467698E1,-3.156961160542E1,5.980732676971E2));
#2766=DIRECTION('',(-5.460662373460E-4,-9.707212193169E-1,2.402082766676E-1));
#2767=DIRECTION('',(-9.999592946223E-1,2.693411379404E-3,8.611308475795E-3));
#2768=AXIS2_PLACEMENT_3D('',#2765,#2766,#2767);
#2769=PLANE('',#2768);
#2770=ORIENTED_EDGE('',*,*,#2756,.T.);
#2771=ORIENTED_EDGE('',*,*,#2746,.F.);
#2773=ORIENTED_EDGE('',*,*,#2772,.F.);
#2774=ORIENTED_EDGE('',*,*,#2626,.T.);
#2775=EDGE_LOOP('',(#2770,#2771,#2773,#2774));
#2776=FACE_OUTER_BOUND('',#2775,.F.);
#2777=ADVANCED_FACE('',(#2776),#2769,.T.);
#2778=CARTESIAN_POINT('',(6.008572817522E1,-4.970356933781E1,6.013440352818E2));
#2779=DIRECTION('',(9.006159569341E-3,2.401937965541E-1,9.706831765240E-1));
#2780=DIRECTION('',(-9.999492308118E-1,-2.223962686544E-3,9.828010421659E-3));
#2781=AXIS2_PLACEMENT_3D('',#2778,#2779,#2780);
#2782=PLANE('',#2781);
#2783=ORIENTED_EDGE('',*,*,#2628,.T.);
#2784=ORIENTED_EDGE('',*,*,#2772,.T.);
#2785=ORIENTED_EDGE('',*,*,#2744,.T.);
#2787=ORIENTED_EDGE('',*,*,#2786,.T.);
#2789=ORIENTED_EDGE('',*,*,#2788,.T.);
#2790=ORIENTED_EDGE('',*,*,#1814,.T.);
#2792=ORIENTED_EDGE('',*,*,#2791,.T.);
#2794=ORIENTED_EDGE('',*,*,#2793,.T.);
#2795=ORIENTED_EDGE('',*,*,#1578,.T.);
#2796=ORIENTED_EDGE('',*,*,#1547,.F.);
#2797=EDGE_LOOP('',(#2783,#2784,#2785,#2787,#2789,#2790,#2792,#2794,#2795,
#2796));
#2798=FACE_OUTER_BOUND('',#2797,.F.);
#2800=ORIENTED_EDGE('',*,*,#2799,.T.);
#2802=ORIENTED_EDGE('',*,*,#2801,.T.);
#2804=ORIENTED_EDGE('',*,*,#2803,.T.);
#2806=ORIENTED_EDGE('',*,*,#2805,.T.);
#2808=ORIENTED_EDGE('',*,*,#2807,.T.);
#2810=ORIENTED_EDGE('',*,*,#2809,.T.);
#2812=ORIENTED_EDGE('',*,*,#2811,.T.);
#2814=ORIENTED_EDGE('',*,*,#2813,.T.);
#2816=ORIENTED_EDGE('',*,*,#2815,.F.);
#2818=ORIENTED_EDGE('',*,*,#2817,.T.);
#2820=ORIENTED_EDGE('',*,*,#2819,.T.);
#2822=ORIENTED_EDGE('',*,*,#2821,.T.);
#2823=EDGE_LOOP('',(#2800,#2802,#2804,#2806,#2808,#2810,#2812,#2814,#2816,#2818,
#2820,#2822));
#2824=FACE_BOUND('',#2823,.F.);
#2826=ORIENTED_EDGE('',*,*,#2825,.F.);
#2828=ORIENTED_EDGE('',*,*,#2827,.F.);
#2829=EDGE_LOOP('',(#2826,#2828));
#2830=FACE_BOUND('',#2829,.F.);
#2832=ORIENTED_EDGE('',*,*,#2831,.F.);
#2834=ORIENTED_EDGE('',*,*,#2833,.F.);
#2835=EDGE_LOOP('',(#2832,#2834));
#2836=FACE_BOUND('',#2835,.F.);
#2838=ORIENTED_EDGE('',*,*,#2837,.F.);
#2840=ORIENTED_EDGE('',*,*,#2839,.F.);
#2841=EDGE_LOOP('',(#2838,#2840));
#2842=FACE_BOUND('',#2841,.F.);
#2844=ORIENTED_EDGE('',*,*,#2843,.F.);
#2846=ORIENTED_EDGE('',*,*,#2845,.F.);
#2847=EDGE_LOOP('',(#2844,#2846));
#2848=FACE_BOUND('',#2847,.F.);
#2849=ADVANCED_FACE('',(#2798,#2824,#2830,#2836,#2842,#2848),#2782,.F.);
#2850=CARTESIAN_POINT('',(4.018613752457E1,-6.892230296213E1,6.073145101217E2));
#2851=DIRECTION('',(4.519390300798E-3,-9.707224083572E-1,2.401615727472E-1));
#2852=DIRECTION('',(9.999492308118E-1,2.223962686544E-3,-9.828010421659E-3));
#2853=AXIS2_PLACEMENT_3D('',#2850,#2851,#2852);
#2854=PLANE('',#2853);
#2856=ORIENTED_EDGE('',*,*,#2855,.T.);
#2857=ORIENTED_EDGE('',*,*,#2786,.F.);
#2858=ORIENTED_EDGE('',*,*,#2742,.F.);
#2860=ORIENTED_EDGE('',*,*,#2859,.F.);
#2861=EDGE_LOOP('',(#2856,#2857,#2858,#2860));
#2862=FACE_OUTER_BOUND('',#2861,.F.);
#2863=ADVANCED_FACE('',(#2862),#2854,.T.);
#2864=CARTESIAN_POINT('',(8.018410675704E1,-6.883334445467E1,6.069213897048E2));
#2865=DIRECTION('',(9.999492308118E-1,2.223962686544E-3,-9.828010421659E-3));
#2866=DIRECTION('',(-4.519390300798E-3,9.707224083572E-1,-2.401615727472E-1));
#2867=AXIS2_PLACEMENT_3D('',#2864,#2865,#2866);
#2868=PLANE('',#2867);
#2869=ORIENTED_EDGE('',*,*,#1816,.F.);
#2870=ORIENTED_EDGE('',*,*,#2788,.F.);
#2871=ORIENTED_EDGE('',*,*,#2855,.F.);
#2873=ORIENTED_EDGE('',*,*,#2872,.F.);
#2874=EDGE_LOOP('',(#2869,#2870,#2871,#2873));
#2875=FACE_OUTER_BOUND('',#2874,.F.);
#2876=ADVANCED_FACE('',(#2875),#2868,.T.);
#2877=CARTESIAN_POINT('',(6.012175281349E1,-4.874279415159E1,6.052267679879E2));
#2878=DIRECTION('',(9.006159569341E-3,2.401937965541E-1,9.706831765240E-1));
#2879=DIRECTION('',(-9.999492308118E-1,-2.223962686544E-3,9.828010421659E-3));
#2880=AXIS2_PLACEMENT_3D('',#2877,#2878,#2879);
#2881=PLANE('',#2880);
#2882=ORIENTED_EDGE('',*,*,#1818,.T.);
#2883=ORIENTED_EDGE('',*,*,#2872,.T.);
#2884=ORIENTED_EDGE('',*,*,#2859,.T.);
#2885=ORIENTED_EDGE('',*,*,#2740,.T.);
#2886=EDGE_LOOP('',(#2882,#2883,#2884,#2885));
#2887=FACE_OUTER_BOUND('',#2886,.F.);
#2889=ORIENTED_EDGE('',*,*,#2888,.F.);
#2891=ORIENTED_EDGE('',*,*,#2890,.F.);
#2892=EDGE_LOOP('',(#2889,#2891));
#2893=FACE_BOUND('',#2892,.F.);
#2895=ORIENTED_EDGE('',*,*,#2894,.F.);
#2897=ORIENTED_EDGE('',*,*,#2896,.F.);
#2898=EDGE_LOOP('',(#2895,#2897));
#2899=FACE_BOUND('',#2898,.F.);
#2901=ORIENTED_EDGE('',*,*,#2900,.F.);
#2903=ORIENTED_EDGE('',*,*,#2902,.F.);
#2904=EDGE_LOOP('',(#2901,#2903));
#2905=FACE_BOUND('',#2904,.F.);
#2907=ORIENTED_EDGE('',*,*,#2906,.F.);
#2909=ORIENTED_EDGE('',*,*,#2908,.F.);
#2910=EDGE_LOOP('',(#2907,#2909));
#2911=FACE_BOUND('',#2910,.F.);
#2913=ORIENTED_EDGE('',*,*,#2912,.T.);
#2915=ORIENTED_EDGE('',*,*,#2914,.T.);
#2917=ORIENTED_EDGE('',*,*,#2916,.T.);
#2919=ORIENTED_EDGE('',*,*,#2918,.T.);
#2921=ORIENTED_EDGE('',*,*,#2920,.T.);
#2923=ORIENTED_EDGE('',*,*,#2922,.T.);
#2925=ORIENTED_EDGE('',*,*,#2924,.F.);
#2927=ORIENTED_EDGE('',*,*,#2926,.T.);
#2929=ORIENTED_EDGE('',*,*,#2928,.T.);
#2931=ORIENTED_EDGE('',*,*,#2930,.T.);
#2933=ORIENTED_EDGE('',*,*,#2932,.T.);
#2935=ORIENTED_EDGE('',*,*,#2934,.T.);
#2936=EDGE_LOOP('',(#2913,#2915,#2917,#2919,#2921,#2923,#2925,#2927,#2929,#2931,
#2933,#2935));
#2937=FACE_BOUND('',#2936,.F.);
#2938=ADVANCED_FACE('',(#2887,#2893,#2899,#2905,#2911,#2937),#2881,.T.);
#2939=CARTESIAN_POINT('',(7.417080420769E1,-6.266206256521E1,6.069954129674E2));
#2940=DIRECTION('',(9.006159569341E-3,2.401937965541E-1,9.706831765240E-1));
#2941=DIRECTION('',(4.519390300798E-3,-9.707224083572E-1,2.401615727472E-1));
#2942=AXIS2_PLACEMENT_3D('',#2939,#2940,#2941);
#2943=CYLINDRICAL_SURFACE('',#2942,1.0877E0);
#2945=ORIENTED_EDGE('',*,*,#2944,.F.);
#2946=ORIENTED_EDGE('',*,*,#2827,.T.);
#2948=ORIENTED_EDGE('',*,*,#2947,.F.);
#2949=ORIENTED_EDGE('',*,*,#2888,.T.);
#2950=EDGE_LOOP('',(#2945,#2946,#2948,#2949));
#2951=FACE_OUTER_BOUND('',#2950,.F.);
#2952=ADVANCED_FACE('',(#2951),#2943,.F.);
#2953=CARTESIAN_POINT('',(7.417080420769E1,-6.266206256521E1,6.069954129674E2));
#2954=DIRECTION('',(9.006159569341E-3,2.401937965541E-1,9.706831765240E-1));
#2955=DIRECTION('',(4.519390300798E-3,-9.707224083572E-1,2.401615727472E-1));
#2956=AXIS2_PLACEMENT_3D('',#2953,#2954,#2955);
#2957=CYLINDRICAL_SURFACE('',#2956,1.0877E0);
#2958=ORIENTED_EDGE('',*,*,#2944,.T.);
#2959=ORIENTED_EDGE('',*,*,#2890,.T.);
#2960=ORIENTED_EDGE('',*,*,#2947,.T.);
#2961=ORIENTED_EDGE('',*,*,#2825,.T.);
#2962=EDGE_LOOP('',(#2958,#2959,#2960,#2961));
#2963=FACE_OUTER_BOUND('',#2962,.F.);
#2964=ADVANCED_FACE('',(#2963),#2957,.F.);
#2965=CARTESIAN_POINT('',(7.404426127927E1,-3.548183513121E1,6.002708889305E2));
#2966=DIRECTION('',(9.006159569341E-3,2.401937965541E-1,9.706831765240E-1));
#2967=DIRECTION('',(4.519390300798E-3,-9.707224083572E-1,2.401615727472E-1));
#2968=AXIS2_PLACEMENT_3D('',#2965,#2966,#2967);
#2969=CYLINDRICAL_SURFACE('',#2968,1.0877E0);
#2971=ORIENTED_EDGE('',*,*,#2970,.F.);
#2972=ORIENTED_EDGE('',*,*,#2833,.T.);
#2974=ORIENTED_EDGE('',*,*,#2973,.F.);
#2975=ORIENTED_EDGE('',*,*,#2894,.T.);
#2976=EDGE_LOOP('',(#2971,#2972,#2974,#2975));
#2977=FACE_OUTER_BOUND('',#2976,.F.);
#2978=ADVANCED_FACE('',(#2977),#2969,.F.);
#2979=CARTESIAN_POINT('',(7.404426127927E1,-3.548183513121E1,6.002708889305E2));
#2980=DIRECTION('',(9.006159569341E-3,2.401937965541E-1,9.706831765240E-1));
#2981=DIRECTION('',(4.519390300798E-3,-9.707224083572E-1,2.401615727472E-1));
#2982=AXIS2_PLACEMENT_3D('',#2979,#2980,#2981);
#2983=CYLINDRICAL_SURFACE('',#2982,1.0877E0);
#2984=ORIENTED_EDGE('',*,*,#2970,.T.);
#2985=ORIENTED_EDGE('',*,*,#2896,.T.);
#2986=ORIENTED_EDGE('',*,*,#2973,.T.);
#2987=ORIENTED_EDGE('',*,*,#2831,.T.);
#2988=EDGE_LOOP('',(#2984,#2985,#2986,#2987));
#2989=FACE_OUTER_BOUND('',#2988,.F.);
#2990=ADVANCED_FACE('',(#2989),#2983,.F.);
#2991=CARTESIAN_POINT('',(4.604568281654E1,-3.554410608643E1,6.005460732223E2));
#2992=DIRECTION('',(9.006159569341E-3,2.401937965541E-1,9.706831765240E-1));
#2993=DIRECTION('',(4.519390300798E-3,-9.707224083572E-1,2.401615727472E-1));
#2994=AXIS2_PLACEMENT_3D('',#2991,#2992,#2993);
#2995=CYLINDRICAL_SURFACE('',#2994,1.0877E0);
#2997=ORIENTED_EDGE('',*,*,#2996,.F.);
#2998=ORIENTED_EDGE('',*,*,#2839,.T.);
#3000=ORIENTED_EDGE('',*,*,#2999,.F.);
#3001=ORIENTED_EDGE('',*,*,#2900,.T.);
#3002=EDGE_LOOP('',(#2997,#2998,#3000,#3001));
#3003=FACE_OUTER_BOUND('',#3002,.F.);
#3004=ADVANCED_FACE('',(#3003),#2995,.F.);
#3005=CARTESIAN_POINT('',(4.604568281654E1,-3.554410608643E1,6.005460732223E2));
#3006=DIRECTION('',(9.006159569341E-3,2.401937965541E-1,9.706831765240E-1));
#3007=DIRECTION('',(4.519390300798E-3,-9.707224083572E-1,2.401615727472E-1));
#3008=AXIS2_PLACEMENT_3D('',#3005,#3006,#3007);
#3009=CYLINDRICAL_SURFACE('',#3008,1.0877E0);
#3010=ORIENTED_EDGE('',*,*,#2996,.T.);
#3011=ORIENTED_EDGE('',*,*,#2902,.T.);
#3012=ORIENTED_EDGE('',*,*,#2999,.T.);
#3013=ORIENTED_EDGE('',*,*,#2837,.T.);
#3014=EDGE_LOOP('',(#3010,#3011,#3012,#3013));
#3015=FACE_OUTER_BOUND('',#3014,.F.);
#3016=ADVANCED_FACE('',(#3015),#3009,.F.);
#3017=CARTESIAN_POINT('',(4.617222574496E1,-6.272433352043E1,6.072705972592E2));
#3018=DIRECTION('',(9.006159569341E-3,2.401937965541E-1,9.706831765240E-1));
#3019=DIRECTION('',(4.519390300798E-3,-9.707224083572E-1,2.401615727472E-1));
#3020=AXIS2_PLACEMENT_3D('',#3017,#3018,#3019);
#3021=CYLINDRICAL_SURFACE('',#3020,1.0877E0);
#3023=ORIENTED_EDGE('',*,*,#3022,.F.);
#3024=ORIENTED_EDGE('',*,*,#2845,.T.);
#3026=ORIENTED_EDGE('',*,*,#3025,.F.);
#3027=ORIENTED_EDGE('',*,*,#2906,.T.);
#3028=EDGE_LOOP('',(#3023,#3024,#3026,#3027));
#3029=FACE_OUTER_BOUND('',#3028,.F.);
#3030=ADVANCED_FACE('',(#3029),#3021,.F.);
#3031=CARTESIAN_POINT('',(4.617222574496E1,-6.272433352043E1,6.072705972592E2));
#3032=DIRECTION('',(9.006159569341E-3,2.401937965541E-1,9.706831765240E-1));
#3033=DIRECTION('',(4.519390300798E-3,-9.707224083572E-1,2.401615727472E-1));
#3034=AXIS2_PLACEMENT_3D('',#3031,#3032,#3033);
#3035=CYLINDRICAL_SURFACE('',#3034,1.0877E0);
#3036=ORIENTED_EDGE('',*,*,#3022,.T.);
#3037=ORIENTED_EDGE('',*,*,#2908,.T.);
#3038=ORIENTED_EDGE('',*,*,#3025,.T.);
#3039=ORIENTED_EDGE('',*,*,#2843,.T.);
#3040=EDGE_LOOP('',(#3036,#3037,#3038,#3039));
#3041=FACE_OUTER_BOUND('',#3040,.F.);
#3042=ADVANCED_FACE('',(#3041),#3035,.F.);
#3043=CARTESIAN_POINT('',(4.817659425001E1,-6.041815048946E1,6.082266429620E2));
#3044=DIRECTION('',(4.519390300803E-3,-9.707224083572E-1,2.401615727472E-1));
#3045=DIRECTION('',(-9.999492308118E-1,-2.223962686550E-3,9.828010421661E-3));
#3046=AXIS2_PLACEMENT_3D('',#3043,#3044,#3045);
#3047=PLANE('',#3046);
#3048=ORIENTED_EDGE('',*,*,#2912,.F.);
#3050=ORIENTED_EDGE('',*,*,#3049,.F.);
#3051=ORIENTED_EDGE('',*,*,#2803,.F.);
#3053=ORIENTED_EDGE('',*,*,#3052,.F.);
#3054=EDGE_LOOP('',(#3048,#3050,#3051,#3053));
#3055=FACE_OUTER_BOUND('',#3054,.F.);
#3056=ADVANCED_FACE('',(#3055),#3047,.F.);
#3057=CARTESIAN_POINT('',(4.417679732676E1,-6.042704634021E1,6.082659550036E2));
#3058=DIRECTION('',(-9.999492308118E-1,-2.223962686550E-3,9.828010421661E-3));
#3059=DIRECTION('',(-4.519390300803E-3,9.707224083572E-1,-2.401615727472E-1));
#3060=AXIS2_PLACEMENT_3D('',#3057,#3058,#3059);
#3061=PLANE('',#3060);
#3062=ORIENTED_EDGE('',*,*,#2934,.F.);
#3064=ORIENTED_EDGE('',*,*,#3063,.F.);
#3065=ORIENTED_EDGE('',*,*,#2805,.F.);
#3066=ORIENTED_EDGE('',*,*,#3049,.T.);
#3067=EDGE_LOOP('',(#3062,#3064,#3065,#3066));
#3068=FACE_OUTER_BOUND('',#3067,.F.);
#3069=ADVANCED_FACE('',(#3068),#3061,.F.);
#3070=CARTESIAN_POINT('',(4.406833195954E1,-3.712970853963E1,6.025020772577E2));
#3071=DIRECTION('',(-4.519390300801E-3,9.707224083572E-1,-2.401615727472E-1));
#3072=DIRECTION('',(9.999492308118E-1,2.223962686548E-3,-9.828010421660E-3));
#3073=AXIS2_PLACEMENT_3D('',#3070,#3071,#3072);
#3074=PLANE('',#3073);
#3075=ORIENTED_EDGE('',*,*,#2932,.F.);
#3077=ORIENTED_EDGE('',*,*,#3076,.F.);
#3078=ORIENTED_EDGE('',*,*,#2807,.F.);
#3079=ORIENTED_EDGE('',*,*,#3063,.T.);
#3080=EDGE_LOOP('',(#3075,#3077,#3078,#3079));
#3081=FACE_OUTER_BOUND('',#3080,.F.);
#3082=ADVANCED_FACE('',(#3081),#3074,.F.);
#3083=CARTESIAN_POINT('',(4.806812888279E1,-3.712081268889E1,6.024627652160E2));
#3084=DIRECTION('',(-9.999492308118E-1,-2.223962686543E-3,9.828010421659E-3));
#3085=DIRECTION('',(-4.519390300796E-3,9.707224083572E-1,-2.401615727472E-1));
#3086=AXIS2_PLACEMENT_3D('',#3083,#3084,#3085);
#3087=PLANE('',#3086);
#3088=ORIENTED_EDGE('',*,*,#2930,.F.);
#3090=ORIENTED_EDGE('',*,*,#3089,.F.);
#3091=ORIENTED_EDGE('',*,*,#2809,.F.);
#3092=ORIENTED_EDGE('',*,*,#3076,.T.);
#3093=EDGE_LOOP('',(#3088,#3090,#3091,#3092));
#3094=FACE_OUTER_BOUND('',#3093,.F.);
#3095=ADVANCED_FACE('',(#3094),#3087,.F.);
#3096=CARTESIAN_POINT('',(4.804989064185E1,-3.320341056353E1,6.014935803621E2));
#3097=DIRECTION('',(-4.519390300795E-3,9.707224083572E-1,-2.401615727472E-1));
#3098=DIRECTION('',(9.999492308118E-1,2.223962686541E-3,-9.828010421659E-3));
#3099=AXIS2_PLACEMENT_3D('',#3096,#3097,#3098);
#3100=PLANE('',#3099);
#3101=ORIENTED_EDGE('',*,*,#2928,.F.);
#3103=ORIENTED_EDGE('',*,*,#3102,.F.);
#3104=ORIENTED_EDGE('',*,*,#2811,.F.);
#3105=ORIENTED_EDGE('',*,*,#3089,.T.);
#3106=EDGE_LOOP('',(#3101,#3103,#3104,#3105));
#3107=FACE_OUTER_BOUND('',#3106,.F.);
#3108=ADVANCED_FACE('',(#3107),#3100,.F.);
#3109=CARTESIAN_POINT('',(7.204867253894E1,-3.315003545825E1,6.012577081085E2));
#3110=DIRECTION('',(9.999492308118E-1,2.223962686541E-3,-9.828010421658E-3));
#3111=DIRECTION('',(4.519390300794E-3,-9.707224083572E-1,2.401615727472E-1));
#3112=AXIS2_PLACEMENT_3D('',#3109,#3110,#3111);
#3113=PLANE('',#3112);
#3114=ORIENTED_EDGE('',*,*,#2926,.F.);
#3116=ORIENTED_EDGE('',*,*,#3115,.F.);
#3117=ORIENTED_EDGE('',*,*,#2813,.F.);
#3118=ORIENTED_EDGE('',*,*,#3102,.T.);
#3119=EDGE_LOOP('',(#3114,#3116,#3117,#3118));
#3120=FACE_OUTER_BOUND('',#3119,.F.);
#3121=ADVANCED_FACE('',(#3120),#3113,.F.);
#3122=CARTESIAN_POINT('',(7.206675010015E1,-3.703292509168E1,6.022183543995E2));
#3123=DIRECTION('',(4.368353330366E-3,9.707038322179E-1,-2.402394380752E-1));
#3124=DIRECTION('',(9.999499020346E-1,-6.403921801052E-3,-7.693062236412E-3));
#3125=AXIS2_PLACEMENT_3D('',#3122,#3123,#3124);
#3126=PLANE('',#3125);
#3127=ORIENTED_EDGE('',*,*,#2924,.T.);
#3129=ORIENTED_EDGE('',*,*,#3128,.F.);
#3130=ORIENTED_EDGE('',*,*,#2815,.T.);
#3131=ORIENTED_EDGE('',*,*,#3115,.T.);
#3132=EDGE_LOOP('',(#3127,#3129,#3130,#3131));
#3133=FACE_OUTER_BOUND('',#3132,.F.);
#3134=ADVANCED_FACE('',(#3133),#3126,.F.);
#3135=CARTESIAN_POINT('',(7.606670770340E1,-3.705854179073E1,6.021875809350E2));
#3136=DIRECTION('',(9.999492308118E-1,2.223962686550E-3,-9.828010421661E-3));
#3137=DIRECTION('',(4.519390300803E-3,-9.707224083572E-1,2.401615727472E-1));
#3138=AXIS2_PLACEMENT_3D('',#3135,#3136,#3137);
#3139=PLANE('',#3138);
#3140=ORIENTED_EDGE('',*,*,#2922,.F.);
#3142=ORIENTED_EDGE('',*,*,#3141,.F.);
#3143=ORIENTED_EDGE('',*,*,#2817,.F.);
#3144=ORIENTED_EDGE('',*,*,#3128,.T.);
#3145=EDGE_LOOP('',(#3140,#3142,#3143,#3144));
#3146=FACE_OUTER_BOUND('',#3145,.F.);
#3147=ADVANCED_FACE('',(#3146),#3139,.F.);
#3148=CARTESIAN_POINT('',(7.617517307062E1,-6.035587959130E1,6.079514586810E2));
#3149=DIRECTION('',(4.519390300803E-3,-9.707224083572E-1,2.401615727472E-1));
#3150=DIRECTION('',(-9.999492308118E-1,-2.223962686550E-3,9.828010421661E-3));
#3151=AXIS2_PLACEMENT_3D('',#3148,#3149,#3150);
#3152=PLANE('',#3151);
#3153=ORIENTED_EDGE('',*,*,#2920,.F.);
#3155=ORIENTED_EDGE('',*,*,#3154,.F.);
#3156=ORIENTED_EDGE('',*,*,#2819,.F.);
#3157=ORIENTED_EDGE('',*,*,#3141,.T.);
#3158=EDGE_LOOP('',(#3153,#3155,#3156,#3157));
#3159=FACE_OUTER_BOUND('',#3158,.F.);
#3160=ADVANCED_FACE('',(#3159),#3152,.F.);
#3161=CARTESIAN_POINT('',(7.213028010692E1,-5.720246708256E1,6.041180748735E2));
#3162=DIRECTION('',(-9.999492308118E-1,-2.223962686544E-3,9.828010421659E-3));
#3163=DIRECTION('',(4.519390300798E-3,-9.707224083572E-1,2.401615727472E-1));
#3164=AXIS2_PLACEMENT_3D('',#3161,#3162,#3163);
#3165=PLANE('',#3164);
#3166=ORIENTED_EDGE('',*,*,#3154,.T.);
#3167=ORIENTED_EDGE('',*,*,#2918,.F.);
#3169=ORIENTED_EDGE('',*,*,#3168,.T.);
#3170=ORIENTED_EDGE('',*,*,#2821,.F.);
#3171=EDGE_LOOP('',(#3166,#3167,#3169,#3170));
#3172=FACE_OUTER_BOUND('',#3171,.F.);
#3173=ADVANCED_FACE('',(#3172),#3165,.T.);
#3174=CARTESIAN_POINT('',(7.216643522987E1,-6.496824646514E1,6.060393674841E2));
#3175=DIRECTION('',(-4.519390300798E-3,9.707224083572E-1,-2.401615727472E-1));
#3176=DIRECTION('',(-9.999492308118E-1,-2.223962686544E-3,9.828010421659E-3));
#3177=AXIS2_PLACEMENT_3D('',#3174,#3175,#3176);
#3178=PLANE('',#3177);
#3180=ORIENTED_EDGE('',*,*,#3179,.F.);
#3181=ORIENTED_EDGE('',*,*,#2799,.F.);
#3182=ORIENTED_EDGE('',*,*,#3168,.F.);
#3183=ORIENTED_EDGE('',*,*,#2916,.F.);
#3184=EDGE_LOOP('',(#3180,#3181,#3182,#3183));
#3185=FACE_OUTER_BOUND('',#3184,.F.);
#3186=ADVANCED_FACE('',(#3185),#3178,.T.);
#3187=CARTESIAN_POINT('',(4.816765333278E1,-6.502162157041E1,6.062752397377E2));
#3188=DIRECTION('',(9.999492308118E-1,2.223962686544E-3,-9.828010421659E-3));
#3189=DIRECTION('',(-4.519390300798E-3,9.707224083572E-1,-2.401615727472E-1));
#3190=AXIS2_PLACEMENT_3D('',#3187,#3188,#3189);
#3191=PLANE('',#3190);
#3192=ORIENTED_EDGE('',*,*,#3052,.T.);
#3193=ORIENTED_EDGE('',*,*,#2801,.F.);
#3194=ORIENTED_EDGE('',*,*,#3179,.T.);
#3195=ORIENTED_EDGE('',*,*,#2914,.F.);
#3196=EDGE_LOOP('',(#3192,#3193,#3194,#3195));
#3197=FACE_OUTER_BOUND('',#3196,.F.);
#3198=ADVANCED_FACE('',(#3197),#3191,.T.);
#3199=CARTESIAN_POINT('',(7.987117396374E1,-2.893461665450E1,5.970514251097E2));
#3200=DIRECTION('',(9.999593276721E-1,-1.695638225270E-3,-8.858205944961E-3));
#3201=DIRECTION('',(4.817586178376E-4,-9.707234749958E-1,2.401992985017E-1));
#3202=AXIS2_PLACEMENT_3D('',#3199,#3200,#3201);
#3203=PLANE('',#3202);
#3205=ORIENTED_EDGE('',*,*,#3204,.F.);
#3206=ORIENTED_EDGE('',*,*,#2791,.F.);
#3207=ORIENTED_EDGE('',*,*,#1812,.T.);
#3209=ORIENTED_EDGE('',*,*,#3208,.T.);
#3210=EDGE_LOOP('',(#3205,#3206,#3207,#3209));
#3211=FACE_OUTER_BOUND('',#3210,.F.);
#3212=ADVANCED_FACE('',(#3211),#3203,.T.);
#3213=CARTESIAN_POINT('',(6.001914427970E1,-1.806453855657E1,5.372395029392E2));
#3214=DIRECTION('',(-3.077193596456E-4,9.816247558757E-1,1.908212356127E-1));
#3215=DIRECTION('',(2.437511393350E-4,-1.908211653497E-1,9.816247875028E-1));
#3216=AXIS2_PLACEMENT_3D('',#3213,#3214,#3215);
#3217=PLANE('',#3216);
#3218=ORIENTED_EDGE('',*,*,#2793,.F.);
#3219=ORIENTED_EDGE('',*,*,#3204,.T.);
#3221=ORIENTED_EDGE('',*,*,#3220,.T.);
#3222=ORIENTED_EDGE('',*,*,#1808,.T.);
#3223=ORIENTED_EDGE('',*,*,#1756,.F.);
#3224=ORIENTED_EDGE('',*,*,#1772,.F.);
#3226=ORIENTED_EDGE('',*,*,#3225,.F.);
#3227=ORIENTED_EDGE('',*,*,#1580,.F.);
#3228=EDGE_LOOP('',(#3218,#3219,#3221,#3222,#3223,#3224,#3226,#3227));
#3229=FACE_OUTER_BOUND('',#3228,.F.);
#3231=ORIENTED_EDGE('',*,*,#3230,.T.);
#3233=ORIENTED_EDGE('',*,*,#3232,.T.);
#3235=ORIENTED_EDGE('',*,*,#3234,.F.);
#3236=EDGE_LOOP('',(#3231,#3233,#3235));
#3237=FACE_BOUND('',#3236,.F.);
#3238=ADVANCED_FACE('',(#3229,#3237),#3217,.F.);
#3239=CARTESIAN_POINT('',(7.994081393340E1,-2.283707639377E1,6.026050672075E2));
#3240=DIRECTION('',(9.999449712091E-1,-2.049569491864E-3,-1.028852849299E-2));
#3241=DIRECTION('',(-8.870728982006E-3,3.583670085904E-1,-9.335386426503E-1));
#3242=AXIS2_PLACEMENT_3D('',#3239,#3240,#3241);
#3243=PLANE('',#3242);
#3244=ORIENTED_EDGE('',*,*,#3220,.F.);
#3245=ORIENTED_EDGE('',*,*,#3208,.F.);
#3246=ORIENTED_EDGE('',*,*,#1810,.F.);
#3247=EDGE_LOOP('',(#3244,#3245,#3246));
#3248=FACE_OUTER_BOUND('',#3247,.F.);
#3249=ADVANCED_FACE('',(#3248),#3243,.T.);
#3250=CARTESIAN_POINT('',(5.997197377534E1,-1.859660826907E1,5.983199769705E2));
#3251=DIRECTION('',(8.970302956869E-3,-1.908084527499E-1,9.815863018727E-1));
#3252=DIRECTION('',(9.999579301681E-1,-1.693241221302E-4,-9.171108066926E-3));
#3253=AXIS2_PLACEMENT_3D('',#3250,#3251,#3252);
#3254=PLANE('',#3253);
#3256=ORIENTED_EDGE('',*,*,#3255,.T.);
#3257=ORIENTED_EDGE('',*,*,#1582,.T.);
#3258=ORIENTED_EDGE('',*,*,#3225,.T.);
#3259=ORIENTED_EDGE('',*,*,#1770,.T.);
#3260=EDGE_LOOP('',(#3256,#3257,#3258,#3259));
#3261=FACE_OUTER_BOUND('',#3260,.F.);
#3262=ADVANCED_FACE('',(#3261),#3254,.F.);
#3263=CARTESIAN_POINT('',(6.012015022508E1,-2.923402905820E1,5.950370606519E2));
#3264=DIRECTION('',(2.051993716921E-3,-9.998452225250E-1,-1.747341740419E-2));
#3265=DIRECTION('',(-3.731296669232E-5,1.747337762517E-2,-9.998473281867E-1));
#3266=AXIS2_PLACEMENT_3D('',#3263,#3264,#3265);
#3267=PLANE('',#3266);
#3268=ORIENTED_EDGE('',*,*,#1584,.F.);
#3269=ORIENTED_EDGE('',*,*,#3255,.F.);
#3270=ORIENTED_EDGE('',*,*,#1768,.F.);
#3272=ORIENTED_EDGE('',*,*,#3271,.F.);
#3273=EDGE_LOOP('',(#3268,#3269,#3270,#3272));
#3274=FACE_OUTER_BOUND('',#3273,.F.);
#3275=ADVANCED_FACE('',(#3274),#3267,.F.);
#3276=CARTESIAN_POINT('',(5.997022147245E1,-1.863496326927E1,5.981330099303E2));
#3277=DIRECTION('',(8.963398103657E-3,-1.736476800989E-1,9.847670489465E-1));
#3278=DIRECTION('',(9.999583133799E-1,-1.574941770260E-4,-9.129441280527E-3));
#3279=AXIS2_PLACEMENT_3D('',#3276,#3277,#3278);
#3280=PLANE('',#3279);
#3281=ORIENTED_EDGE('',*,*,#1559,.T.);
#3282=ORIENTED_EDGE('',*,*,#1586,.T.);
#3283=ORIENTED_EDGE('',*,*,#3271,.T.);
#3284=ORIENTED_EDGE('',*,*,#1641,.T.);
#3285=ORIENTED_EDGE('',*,*,#1657,.F.);
#3286=EDGE_LOOP('',(#3281,#3282,#3283,#3284,#3285));
#3287=FACE_OUTER_BOUND('',#3286,.F.);
#3288=ADVANCED_FACE('',(#3287),#3280,.F.);
#3289=CARTESIAN_POINT('',(6.014622233334E1,-2.963781573025E1,5.976846211233E2));
#3290=DIRECTION('',(-1.532869031339E-3,9.975615832759E-1,6.977490870409E-2));
#3291=DIRECTION('',(1.311813677168E-4,-6.977478948448E-2,9.975627607042E-1));
#3292=AXIS2_PLACEMENT_3D('',#3289,#3290,#3291);
#3293=PLANE('',#3292);
#3294=ORIENTED_EDGE('',*,*,#3230,.F.);
#3295=ORIENTED_EDGE('',*,*,#3234,.T.);
#3296=ORIENTED_EDGE('',*,*,#3232,.F.);
#3297=EDGE_LOOP('',(#3294,#3295,#3296));
#3298=FACE_OUTER_BOUND('',#3297,.F.);
#3299=ADVANCED_FACE('',(#3298),#3293,.F.);
#3300=CARTESIAN_POINT('',(6.002057929201E1,-1.889415736097E1,6.043079630803E2));
#3301=DIRECTION('',(8.870728982006E-3,-3.583670085904E-1,9.335386426503E-1));
#3302=DIRECTION('',(9.999539204854E-1,-2.470437739040E-4,-9.596659583295E-3));
#3303=AXIS2_PLACEMENT_3D('',#3300,#3301,#3302);
#3304=PLANE('',#3303);
#3305=ORIENTED_EDGE('',*,*,#2736,.T.);
#3306=ORIENTED_EDGE('',*,*,#2759,.F.);
#3307=ORIENTED_EDGE('',*,*,#2650,.T.);
#3308=EDGE_LOOP('',(#3305,#3306,#3307));
#3309=FACE_OUTER_BOUND('',#3308,.F.);
#3310=ADVANCED_FACE('',(#3309),#3304,.T.);
#3311=CARTESIAN_POINT('',(6.008917897553E1,-4.968439266541E1,6.016994758212E2));
#3312=DIRECTION('',(8.925913651239E-3,2.570986558839E-1,9.663439393964E-1));
#3313=DIRECTION('',(-9.999492308118E-1,-2.223962686544E-3,9.828010421659E-3));
#3314=AXIS2_PLACEMENT_3D('',#3311,#3312,#3313);
#3315=PLANE('',#3314);
#3316=ORIENTED_EDGE('',*,*,#1575,.F.);
#3317=ORIENTED_EDGE('',*,*,#1600,.T.);
#3318=ORIENTED_EDGE('',*,*,#2631,.T.);
#3319=ORIENTED_EDGE('',*,*,#1543,.F.);
#3320=EDGE_LOOP('',(#3316,#3317,#3318,#3319));
#3321=FACE_OUTER_BOUND('',#3320,.F.);
#3322=ADVANCED_FACE('',(#3321),#3315,.F.);
#3323=CARTESIAN_POINT('',(6.014716625390E1,-2.953494255054E1,5.983017374194E2));
#3324=DIRECTION('',(8.344148014640E-4,-9.902656198006E-1,-1.391880238842E-1));
#3325=DIRECTION('',(-2.138447482156E-4,1.391878924580E-1,-9.902659667299E-1));
#3326=AXIS2_PLACEMENT_3D('',#3323,#3324,#3325);
#3327=PLANE('',#3326);
#3328=ORIENTED_EDGE('',*,*,#1744,.F.);
#3329=ORIENTED_EDGE('',*,*,#1673,.T.);
#3330=ORIENTED_EDGE('',*,*,#1643,.T.);
#3331=ORIENTED_EDGE('',*,*,#1776,.T.);
#3332=EDGE_LOOP('',(#3328,#3329,#3330,#3331));
#3333=FACE_OUTER_BOUND('',#3332,.F.);
#3334=ADVANCED_FACE('',(#3333),#3327,.T.);
#3335=CARTESIAN_POINT('',(7.988347668821E1,-2.425853147586E1,5.968031874162E2));
#3336=DIRECTION('',(9.999596858150E-1,2.070655041425E-3,-8.737226819819E-3));
#3337=DIRECTION('',(8.940385715428E-3,-1.391751221611E-1,9.902274258344E-1));
#3338=AXIS2_PLACEMENT_3D('',#3335,#3336,#3337);
#3339=PLANE('',#3338);
#3340=ORIENTED_EDGE('',*,*,#1675,.F.);
#3341=ORIENTED_EDGE('',*,*,#1711,.T.);
#3342=EDGE_LOOP('',(#3340,#3341));
#3343=FACE_OUTER_BOUND('',#3342,.F.);
#3344=ADVANCED_FACE('',(#3343),#3339,.T.);
#3348=DIMENSIONAL_EXPONENTS(0.E0,0.E0,0.E0,0.E0,0.E0,0.E0,0.E0);
#3350=PLANE_ANGLE_MEASURE_WITH_UNIT(PLANE_ANGLE_MEASURE(1.745329251994E-2),
#3349);
#3351=(CONVERSION_BASED_UNIT('DEGREE',#3350)NAMED_UNIT(*)PLANE_ANGLE_UNIT());
#3353=UNCERTAINTY_MEASURE_WITH_UNIT(LENGTH_MEASURE(1.071042012725E-2),#3347,
'closure',
'Maximum model space distance between geometric entities at asserted connectivities');
#3354=(GEOMETRIC_REPRESENTATION_CONTEXT(3)GLOBAL_UNCERTAINTY_ASSIGNED_CONTEXT((
#3353))GLOBAL_UNIT_ASSIGNED_CONTEXT((#3347,#3351,#3352))REPRESENTATION_CONTEXT(
'ID1','3'));
#3356=APPLICATION_CONTEXT(
'CONFIGURATION CONTROLLED 3D DESIGNS OF MECHANICAL PARTS AND ASSEMBLIES');
#3357=APPLICATION_PROTOCOL_DEFINITION('international standard',
'config_control_design',1994,#3356);
#3358=DESIGN_CONTEXT('',#3356,'design');
#3359=MECHANICAL_CONTEXT('',#3356,'mechanical');
#3360=PRODUCT('332000144','332000144','NOT SPECIFIED',(#3359));
#3361=PRODUCT_DEFINITION_FORMATION_WITH_SPECIFIED_SOURCE('1','LAST_VERSION',
#3360,.MADE.);
#3365=PRODUCT_CATEGORY('part','');
#3366=PRODUCT_RELATED_PRODUCT_CATEGORY('detail','',(#3360));
#3367=PRODUCT_CATEGORY_RELATIONSHIP('','',#3365,#3366);
#3368=SECURITY_CLASSIFICATION_LEVEL('unclassified');
#3369=SECURITY_CLASSIFICATION('','',#3368);
#3370=CC_DESIGN_SECURITY_CLASSIFICATION(#3369,(#3361));
#3371=APPROVAL_STATUS('approved');
#3372=APPROVAL(#3371,'');
#3373=CC_DESIGN_APPROVAL(#3372,(#3369,#3361,#3362));
#3374=CALENDAR_DATE(126,28,7);
#3375=COORDINATED_UNIVERSAL_TIME_OFFSET(8,0,.AHEAD.);
#3376=LOCAL_TIME(10,47,4.9E1,#3375);
#3377=DATE_AND_TIME(#3374,#3376);
#3378=APPROVAL_DATE_TIME(#3377,#3372);
#3379=DATE_TIME_ROLE('creation_date');
#3380=CC_DESIGN_DATE_AND_TIME_ASSIGNMENT(#3377,#3379,(#3362));
#3381=DATE_TIME_ROLE('classification_date');
#3382=CC_DESIGN_DATE_AND_TIME_ASSIGNMENT(#3377,#3381,(#3369));
#3383=PERSON('UNSPECIFIED','UNSPECIFIED',$,$,$,$);
#3384=ORGANIZATION('UNSPECIFIED','UNSPECIFIED','UNSPECIFIED');
#3385=PERSON_AND_ORGANIZATION(#3383,#3384);
#3386=APPROVAL_ROLE('approver');
#3387=APPROVAL_PERSON_ORGANIZATION(#3385,#3372,#3386);
#3388=PERSON_AND_ORGANIZATION_ROLE('creator');
#3389=CC_DESIGN_PERSON_AND_ORGANIZATION_ASSIGNMENT(#3385,#3388,(#3361,#3362));
#3390=PERSON_AND_ORGANIZATION_ROLE('design_supplier');
#3391=CC_DESIGN_PERSON_AND_ORGANIZATION_ASSIGNMENT(#3385,#3390,(#3361));
#3392=PERSON_AND_ORGANIZATION_ROLE('classification_officer');
#3393=CC_DESIGN_PERSON_AND_ORGANIZATION_ASSIGNMENT(#3385,#3392,(#3369));
#3394=PERSON_AND_ORGANIZATION_ROLE('design_owner');
#3395=CC_DESIGN_PERSON_AND_ORGANIZATION_ASSIGNMENT(#3385,#3394,(#3360));
#18=B_SPLINE_CURVE_WITH_KNOTS('',3,(#14,#15,#16,#17),.UNSPECIFIED.,.F.,.F.,(4,
4),(0.E0,1.E0),.UNSPECIFIED.);
#23=B_SPLINE_CURVE_WITH_KNOTS('',3,(#19,#20,#21,#22),.UNSPECIFIED.,.F.,.F.,(4,
4),(0.E0,1.E0),.UNSPECIFIED.);
#40=B_SPLINE_CURVE_WITH_KNOTS('',3,(#36,#37,#38,#39),.UNSPECIFIED.,.F.,.F.,(4,
4),(0.E0,1.E0),.UNSPECIFIED.);
#57=B_SPLINE_CURVE_WITH_KNOTS('',3,(#53,#54,#55,#56),.UNSPECIFIED.,.F.,.F.,(4,
4),(0.E0,1.E0),.UNSPECIFIED.);
#62=B_SPLINE_CURVE_WITH_KNOTS('',3,(#58,#59,#60,#61),.UNSPECIFIED.,.F.,.F.,(4,
4),(0.E0,1.E0),.UNSPECIFIED.);
#79=B_SPLINE_CURVE_WITH_KNOTS('',3,(#75,#76,#77,#78),.UNSPECIFIED.,.F.,.F.,(4,
4),(0.E0,1.E0),.UNSPECIFIED.);
#84=B_SPLINE_CURVE_WITH_KNOTS('',3,(#80,#81,#82,#83),.UNSPECIFIED.,.F.,.F.,(4,
4),(0.E0,1.E0),.UNSPECIFIED.);
#137=B_SPLINE_CURVE_WITH_KNOTS('',3,(#133,#134,#135,#136),.UNSPECIFIED.,.F.,.F.,
(4,4),(0.E0,1.E0),.UNSPECIFIED.);
#142=B_SPLINE_CURVE_WITH_KNOTS('',3,(#138,#139,#140,#141),.UNSPECIFIED.,.F.,.F.,
(4,4),(0.E0,1.E0),.UNSPECIFIED.);
#147=B_SPLINE_CURVE_WITH_KNOTS('',3,(#143,#144,#145,#146),.UNSPECIFIED.,.F.,.F.,
(4,4),(0.E0,1.E0),.UNSPECIFIED.);
#164=B_SPLINE_CURVE_WITH_KNOTS('',3,(#160,#161,#162,#163),.UNSPECIFIED.,.F.,.F.,
(4,4),(0.E0,1.E0),.UNSPECIFIED.);
#257=B_SPLINE_CURVE_WITH_KNOTS('',3,(#253,#254,#255,#256),.UNSPECIFIED.,.F.,.F.,
(4,4),(0.E0,1.E0),.UNSPECIFIED.);
#302=B_SPLINE_CURVE_WITH_KNOTS('',3,(#298,#299,#300,#301),.UNSPECIFIED.,.F.,.F.,
(4,4),(0.E0,1.E0),.UNSPECIFIED.);
#307=B_SPLINE_CURVE_WITH_KNOTS('',3,(#303,#304,#305,#306),.UNSPECIFIED.,.F.,.F.,
(4,4),(0.E0,1.E0),.UNSPECIFIED.);
#760=B_SPLINE_CURVE_WITH_KNOTS('',3,(#756,#757,#758,#759),.UNSPECIFIED.,.F.,.F.,
(4,4),(0.E0,1.E0),.UNSPECIFIED.);
#825=CIRCLE('',#824,1.0877E0);
#830=CIRCLE('',#829,1.0877E0);
#835=CIRCLE('',#834,1.0877E0);
#840=CIRCLE('',#839,1.0877E0);
#845=CIRCLE('',#844,1.0877E0);
#850=CIRCLE('',#849,1.0877E0);
#855=CIRCLE('',#854,1.0877E0);
#860=CIRCLE('',#859,1.0877E0);
#893=CIRCLE('',#892,1.0877E0);
#898=CIRCLE('',#897,1.0877E0);
#903=CIRCLE('',#902,1.0877E0);
#908=CIRCLE('',#907,1.0877E0);
#913=CIRCLE('',#912,1.0877E0);
#918=CIRCLE('',#917,1.0877E0);
#923=CIRCLE('',#922,1.0877E0);
#928=CIRCLE('',#927,1.0877E0);
#1541=EDGE_CURVE('',#1191,#1192,#27,.T.);
#1543=EDGE_CURVE('',#1192,#1327,#1180,.T.);
#1545=EDGE_CURVE('',#1327,#1237,#715,.T.);
#1547=EDGE_CURVE('',#1237,#1191,#816,.T.);
#1557=EDGE_CURVE('',#1421,#1419,#5,.T.);
#1559=EDGE_CURVE('',#1426,#1421,#9,.T.);
#1561=EDGE_CURVE('',#1533,#1426,#13,.T.);
#1563=EDGE_CURVE('',#1407,#1533,#18,.T.);
#1565=EDGE_CURVE('',#1407,#1419,#228,.T.);
#1575=EDGE_CURVE('',#1421,#1192,#23,.T.);
#1578=EDGE_CURVE('',#1198,#1191,#31,.T.);
#1580=EDGE_CURVE('',#1198,#1196,#1128,.T.);
#1582=EDGE_CURVE('',#1195,#1196,#35,.T.);
#1584=EDGE_CURVE('',#1195,#1215,#1148,.T.);
#1586=EDGE_CURVE('',#1421,#1215,#40,.T.);
#1596=EDGE_CURVE('',#1325,#1419,#44,.T.);
#1598=EDGE_CURVE('',#1324,#1325,#48,.T.);
#1600=EDGE_CURVE('',#1421,#1324,#52,.T.);
#1612=EDGE_CURVE('',#1411,#1533,#57,.T.);
#1614=EDGE_CURVE('',#1407,#1411,#62,.T.);
#1624=EDGE_CURVE('',#1352,#1325,#723,.T.);
#1627=EDGE_CURVE('',#1419,#1353,#244,.T.);
#1629=EDGE_CURVE('',#1352,#1353,#66,.T.);
#1639=EDGE_CURVE('',#1423,#1427,#88,.T.);
#1641=EDGE_CURVE('',#1210,#1427,#70,.T.);
#1643=EDGE_CURVE('',#1423,#1210,#74,.T.);
#1653=EDGE_CURVE('',#1416,#1411,#100,.T.);
#1657=EDGE_CURVE('',#1426,#1427,#1164,.T.);
#1659=EDGE_CURVE('',#1427,#1416,#84,.T.);
#1669=EDGE_CURVE('',#1416,#1417,#79,.T.);
#1673=EDGE_CURVE('',#1409,#1423,#92,.T.);
#1675=EDGE_CURVE('',#1409,#1414,#1188,.T.);
#1677=EDGE_CURVE('',#1414,#1417,#104,.T.);
#1687=EDGE_CURVE('',#1414,#1415,#112,.T.);
#1689=EDGE_CURVE('',#1415,#1403,#319,.T.);
#1691=EDGE_CURVE('',#1403,#1401,#289,.T.);
#1693=EDGE_CURVE('',#1411,#1401,#96,.T.);
#1706=EDGE_CURVE('',#1489,#1409,#108,.T.);
#1708=EDGE_CURVE('',#1489,#1415,#302,.T.);
#1711=EDGE_CURVE('',#1409,#1414,#116,.T.);
#1721=EDGE_CURVE('',#1199,#1329,#120,.T.);
#1723=EDGE_CURVE('',#1199,#1200,#137,.T.);
#1725=EDGE_CURVE('',#1200,#1212,#168,.T.);
#1727=EDGE_CURVE('',#1489,#1212,#307,.T.);
#1730=EDGE_CURVE('',#1329,#1409,#124,.T.);
#1740=EDGE_CURVE('',#1410,#1199,#142,.T.);
#1744=EDGE_CURVE('',#1409,#1410,#1184,.T.);
#1754=EDGE_CURVE('',#1202,#1200,#151,.T.);
#1756=EDGE_CURVE('',#1200,#1204,#1116,.T.);
#1758=EDGE_CURVE('',#1202,#1204,#128,.T.);
#1768=EDGE_CURVE('',#1210,#1208,#1156,.T.);
#1770=EDGE_CURVE('',#1207,#1208,#132,.T.);
#1772=EDGE_CURVE('',#1207,#1200,#1120,.T.);
#1776=EDGE_CURVE('',#1210,#1410,#147,.T.);
#1787=EDGE_CURVE('',#1221,#1202,#155,.T.);
#1789=EDGE_CURVE('',#1213,#1221,#159,.T.);
#1791=EDGE_CURVE('',#1212,#1213,#164,.T.);
#1802=EDGE_CURVE('',#1218,#1223,#172,.T.);
#1804=EDGE_CURVE('',#1218,#1221,#331,.T.);
#1808=EDGE_CURVE('',#1307,#1204,#176,.T.);
#1810=EDGE_CURVE('',#1307,#1317,#1144,.T.);
#1812=EDGE_CURVE('',#1241,#1317,#180,.T.);
#1814=EDGE_CURVE('',#1243,#1241,#184,.T.);
#1816=EDGE_CURVE('',#1243,#1299,#876,.T.);
#1818=EDGE_CURVE('',#1298,#1299,#188,.T.);
#1820=EDGE_CURVE('',#1298,#1223,#792,.T.);
#1830=EDGE_CURVE('',#1219,#1535,#192,.T.);
#1832=EDGE_CURVE('',#1218,#1219,#196,.T.);
#1835=EDGE_CURVE('',#1223,#1347,#776,.T.);
#1837=EDGE_CURVE('',#1535,#1347,#200,.T.);
#1849=EDGE_CURVE('',#1347,#1359,#208,.T.);
#1851=EDGE_CURVE('',#1359,#1383,#343,.T.);
#1853=EDGE_CURVE('',#1219,#1383,#204,.T.);
#1864=EDGE_CURVE('',#1347,#1359,#216,.T.);
#1874=EDGE_CURVE('',#1346,#1347,#212,.T.);
#1876=EDGE_CURVE('',#1346,#1358,#391,.T.);
#1878=EDGE_CURVE('',#1358,#1359,#367,.T.);
#1889=EDGE_CURVE('',#1349,#1335,#232,.T.);
#1891=EDGE_CURVE('',#1335,#1332,#248,.T.);
#1893=EDGE_CURVE('',#1332,#1333,#265,.T.);
#1895=EDGE_CURVE('',#1333,#1349,#399,.T.);
#1905=EDGE_CURVE('',#1343,#1347,#220,.T.);
#1907=EDGE_CURVE('',#1341,#1343,#224,.T.);
#1909=EDGE_CURVE('',#1341,#1338,#695,.T.);
#1911=EDGE_CURVE('',#1338,#1339,#687,.T.);
#1913=EDGE_CURVE('',#1339,#1346,#395,.T.);
#1925=EDGE_CURVE('',#1407,#1335,#252,.T.);
#1928=EDGE_CURVE('',#1339,#1349,#236,.T.);
#1930=EDGE_CURVE('',#1353,#1339,#240,.T.);
#1942=EDGE_CURVE('',#1411,#1332,#257,.T.);
#1956=EDGE_CURVE('',#1401,#1399,#269,.T.);
#1958=EDGE_CURVE('',#1333,#1399,#261,.T.);
#1970=EDGE_CURVE('',#1393,#1401,#273,.T.);
#1972=EDGE_CURVE('',#1529,#1393,#277,.T.);
#1974=EDGE_CURVE('',#1529,#1365,#427,.T.);
#1976=EDGE_CURVE('',#1367,#1365,#281,.T.);
#1978=EDGE_CURVE('',#1399,#1367,#285,.T.);
#1990=EDGE_CURVE('',#1403,#1405,#297,.T.);
#1992=EDGE_CURVE('',#1405,#1393,#451,.T.);
#2002=EDGE_CURVE('',#1403,#1382,#315,.T.);
#2004=EDGE_CURVE('',#1405,#1382,#293,.T.);
#2018=EDGE_CURVE('',#1213,#1525,#327,.T.);
#2020=EDGE_CURVE('',#1527,#1525,#323,.T.);
#2022=EDGE_CURVE('',#1527,#1382,#311,.T.);
#2040=EDGE_CURVE('',#1382,#1383,#335,.T.);
#2052=EDGE_CURVE('',#1383,#1387,#351,.T.);
#2054=EDGE_CURVE('',#1386,#1387,#339,.T.);
#2056=EDGE_CURVE('',#1386,#1405,#443,.T.);
#2068=EDGE_CURVE('',#1359,#1395,#363,.T.);
#2070=EDGE_CURVE('',#1395,#1374,#359,.T.);
#2072=EDGE_CURVE('',#1389,#1374,#347,.T.);
#2074=EDGE_CURVE('',#1389,#1387,#651,.T.);
#2085=EDGE_CURVE('',#1359,#1531,#383,.T.);
#2087=EDGE_CURVE('',#1531,#1379,#671,.T.);
#2089=EDGE_CURVE('',#1374,#1379,#355,.T.);
#2102=EDGE_CURVE('',#1362,#1358,#371,.T.);
#2104=EDGE_CURVE('',#1362,#1363,#419,.T.);
#2106=EDGE_CURVE('',#1371,#1363,#375,.T.);
#2108=EDGE_CURVE('',#1531,#1371,#379,.T.);
#2119=EDGE_CURVE('',#1397,#1358,#387,.T.);
#2121=EDGE_CURVE('',#1397,#1362,#411,.T.);
#2133=EDGE_CURVE('',#1349,#1397,#407,.T.);
#2148=EDGE_CURVE('',#1397,#1399,#403,.T.);
#2161=EDGE_CURVE('',#1367,#1362,#423,.T.);
#2172=EDGE_CURVE('',#1363,#1365,#415,.T.);
#2187=EDGE_CURVE('',#1365,#1370,#439,.T.);
#2189=EDGE_CURVE('',#1370,#1371,#675,.T.);
#2201=EDGE_CURVE('',#1393,#1391,#447,.T.);
#2203=EDGE_CURVE('',#1389,#1391,#431,.T.);
#2206=EDGE_CURVE('',#1374,#1375,#667,.T.);
#2208=EDGE_CURVE('',#1370,#1375,#435,.T.);
#2220=EDGE_CURVE('',#1386,#1453,#455,.T.);
#2222=EDGE_CURVE('',#1453,#1455,#471,.T.);
#2224=EDGE_CURVE('',#1455,#1462,#619,.T.);
#2226=EDGE_CURVE('',#1462,#1465,#611,.T.);
#2228=EDGE_CURVE('',#1465,#1485,#591,.T.);
#2230=EDGE_CURVE('',#1485,#1481,#587,.T.);
#2232=EDGE_CURVE('',#1481,#1475,#583,.T.);
#2234=EDGE_CURVE('',#1475,#1470,#567,.T.);
#2236=EDGE_CURVE('',#1470,#1391,#539,.T.);
#2248=EDGE_CURVE('',#1435,#1453,#467,.T.);
#2251=EDGE_CURVE('',#1433,#1386,#459,.T.);
#2253=EDGE_CURVE('',#1433,#1435,#523,.T.);
#2263=EDGE_CURVE('',#1453,#1459,#463,.T.);
#2266=EDGE_CURVE('',#1435,#1437,#519,.T.);
#2268=EDGE_CURVE('',#1437,#1459,#495,.T.);
#2280=EDGE_CURVE('',#1457,#1459,#475,.T.);
#2282=EDGE_CURVE('',#1457,#1455,#623,.T.);
#2293=EDGE_CURVE('',#1459,#1450,#491,.T.);
#2295=EDGE_CURVE('',#1450,#1451,#639,.T.);
#2297=EDGE_CURVE('',#1471,#1451,#479,.T.);
#2299=EDGE_CURVE('',#1473,#1471,#483,.T.);
#2301=EDGE_CURVE('',#1473,#1480,#575,.T.);
#2303=EDGE_CURVE('',#1483,#1480,#487,.T.);
#2305=EDGE_CURVE('',#1483,#1467,#599,.T.);
#2307=EDGE_CURVE('',#1467,#1463,#607,.T.);
#2309=EDGE_CURVE('',#1463,#1457,#627,.T.);
#2321=EDGE_CURVE('',#1437,#1439,#515,.T.);
#2323=EDGE_CURVE('',#1439,#1450,#643,.T.);
#2333=EDGE_CURVE('',#1445,#1447,#499,.T.);
#2335=EDGE_CURVE('',#1443,#1445,#503,.T.);
#2337=EDGE_CURVE('',#1441,#1443,#507,.T.);
#2339=EDGE_CURVE('',#1439,#1441,#511,.T.);
#2344=EDGE_CURVE('',#1431,#1433,#527,.T.);
#2346=EDGE_CURVE('',#1430,#1431,#531,.T.);
#2348=EDGE_CURVE('',#1447,#1430,#535,.T.);
#2358=EDGE_CURVE('',#1470,#1445,#547,.T.);
#2361=EDGE_CURVE('',#1447,#1391,#647,.T.);
#2372=EDGE_CURVE('',#1487,#1470,#543,.T.);
#2374=EDGE_CURVE('',#1487,#1443,#635,.T.);
#2386=EDGE_CURVE('',#1451,#1477,#551,.T.);
#2388=EDGE_CURVE('',#1487,#1451,#555,.T.);
#2391=EDGE_CURVE('',#1477,#1470,#559,.T.);
#2403=EDGE_CURVE('',#1470,#1471,#563,.T.);
#2416=EDGE_CURVE('',#1475,#1473,#579,.T.);
#2427=EDGE_CURVE('',#1480,#1481,#571,.T.);
#2442=EDGE_CURVE('',#1485,#1483,#603,.T.);
#2454=EDGE_CURVE('',#1467,#1465,#595,.T.);
#2466=EDGE_CURVE('',#1462,#1463,#615,.T.);
#2491=EDGE_CURVE('',#1441,#1451,#631,.T.);
#2519=EDGE_CURVE('',#1430,#1389,#655,.T.);
#2532=EDGE_CURVE('',#1431,#1387,#659,.T.);
#2555=EDGE_CURVE('',#1377,#1379,#663,.T.);
#2557=EDGE_CURVE('',#1377,#1375,#679,.T.);
#2569=EDGE_CURVE('',#1371,#1377,#683,.T.);
#2596=EDGE_CURVE('',#1352,#1338,#691,.T.);
#2606=EDGE_CURVE('',#1355,#1352,#727,.T.);
#2610=EDGE_CURVE('',#1355,#1341,#699,.T.);
#2620=EDGE_CURVE('',#1320,#1321,#755,.T.);
#2622=EDGE_CURVE('',#1232,#1321,#703,.T.);
#2624=EDGE_CURVE('',#1232,#1233,#751,.T.);
#2626=EDGE_CURVE('',#1235,#1233,#707,.T.);
#2628=EDGE_CURVE('',#1237,#1235,#711,.T.);
#2631=EDGE_CURVE('',#1324,#1327,#719,.T.);
#2636=EDGE_CURVE('',#1320,#1355,#731,.T.);
#2646=EDGE_CURVE('',#1343,#1320,#735,.T.);
#2648=EDGE_CURVE('',#1229,#1343,#739,.T.);
#2650=EDGE_CURVE('',#1226,#1229,#743,.T.);
#2652=EDGE_CURVE('',#1233,#1226,#747,.T.);
#2678=EDGE_CURVE('',#1223,#1343,#760,.T.);
#2680=EDGE_CURVE('',#1223,#1229,#788,.T.);
#2691=EDGE_CURVE('',#1223,#1343,#764,.T.);
#2701=EDGE_CURVE('',#1347,#1343,#768,.T.);
#2703=EDGE_CURVE('',#1223,#1347,#772,.T.);
#2734=EDGE_CURVE('',#1227,#1315,#780,.T.);
#2736=EDGE_CURVE('',#1229,#1227,#784,.T.);
#2740=EDGE_CURVE('',#1301,#1298,#796,.T.);
#2742=EDGE_CURVE('',#1301,#1247,#868,.T.);
#2744=EDGE_CURVE('',#1249,#1247,#800,.T.);
#2746=EDGE_CURVE('',#1249,#1315,#808,.T.);
#2756=EDGE_CURVE('',#1233,#1315,#804,.T.);
#2759=EDGE_CURVE('',#1226,#1227,#1176,.T.);
#2772=EDGE_CURVE('',#1235,#1249,#812,.T.);
#2786=EDGE_CURVE('',#1247,#1245,#864,.T.);
#2788=EDGE_CURVE('',#1245,#1243,#880,.T.);
#2791=EDGE_CURVE('',#1241,#1239,#1108,.T.);
#2793=EDGE_CURVE('',#1239,#1198,#1112,.T.);
#2799=EDGE_CURVE('',#1252,#1253,#1084,.T.);
#2801=EDGE_CURVE('',#1253,#1273,#1096,.T.);
#2803=EDGE_CURVE('',#1273,#1271,#976,.T.);
#2805=EDGE_CURVE('',#1271,#1269,#992,.T.);
#2807=EDGE_CURVE('',#1269,#1267,#1004,.T.);
#2809=EDGE_CURVE('',#1267,#1265,#1016,.T.);
#2811=EDGE_CURVE('',#1265,#1263,#1028,.T.);
#2813=EDGE_CURVE('',#1263,#1261,#1040,.T.);
#2815=EDGE_CURVE('',#1259,#1261,#820,.T.);
#2817=EDGE_CURVE('',#1259,#1257,#1056,.T.);
#2819=EDGE_CURVE('',#1257,#1255,#1068,.T.);
#2821=EDGE_CURVE('',#1255,#1252,#1076,.T.);
#2825=EDGE_CURVE('',#1521,#1518,#825,.T.);
#2827=EDGE_CURVE('',#1518,#1521,#830,.T.);
#2831=EDGE_CURVE('',#1513,#1510,#835,.T.);
#2833=EDGE_CURVE('',#1510,#1513,#840,.T.);
#2837=EDGE_CURVE('',#1505,#1502,#845,.T.);
#2839=EDGE_CURVE('',#1502,#1505,#850,.T.);
#2843=EDGE_CURVE('',#1497,#1494,#855,.T.);
#2845=EDGE_CURVE('',#1494,#1497,#860,.T.);
#2855=EDGE_CURVE('',#1303,#1245,#884,.T.);
#2859=EDGE_CURVE('',#1303,#1301,#872,.T.);
#2872=EDGE_CURVE('',#1299,#1303,#888,.T.);
#2888=EDGE_CURVE('',#1523,#1519,#893,.T.);
#2890=EDGE_CURVE('',#1519,#1523,#898,.T.);
#2894=EDGE_CURVE('',#1515,#1511,#903,.T.);
#2896=EDGE_CURVE('',#1511,#1515,#908,.T.);
#2900=EDGE_CURVE('',#1507,#1503,#913,.T.);
#2902=EDGE_CURVE('',#1503,#1507,#918,.T.);
#2906=EDGE_CURVE('',#1499,#1495,#923,.T.);
#2908=EDGE_CURVE('',#1495,#1499,#928,.T.);
#2912=EDGE_CURVE('',#1291,#1293,#968,.T.);
#2914=EDGE_CURVE('',#1293,#1295,#1100,.T.);
#2916=EDGE_CURVE('',#1295,#1305,#1092,.T.);
#2918=EDGE_CURVE('',#1305,#1276,#1072,.T.);
#2920=EDGE_CURVE('',#1276,#1277,#1060,.T.);
#2922=EDGE_CURVE('',#1277,#1279,#1048,.T.);
#2924=EDGE_CURVE('',#1281,#1279,#932,.T.);
#2926=EDGE_CURVE('',#1281,#1283,#1032,.T.);
#2928=EDGE_CURVE('',#1283,#1285,#1020,.T.);
#2930=EDGE_CURVE('',#1285,#1287,#1008,.T.);
#2932=EDGE_CURVE('',#1287,#1289,#996,.T.);
#2934=EDGE_CURVE('',#1289,#1291,#984,.T.);
#2944=EDGE_CURVE('',#1518,#1519,#936,.T.);
#2947=EDGE_CURVE('',#1523,#1521,#940,.T.);
#2970=EDGE_CURVE('',#1510,#1511,#944,.T.);
#2973=EDGE_CURVE('',#1515,#1513,#948,.T.);
#2996=EDGE_CURVE('',#1502,#1503,#952,.T.);
#2999=EDGE_CURVE('',#1507,#1505,#956,.T.);
#3022=EDGE_CURVE('',#1494,#1495,#960,.T.);
#3025=EDGE_CURVE('',#1499,#1497,#964,.T.);
#3049=EDGE_CURVE('',#1271,#1291,#972,.T.);
#3052=EDGE_CURVE('',#1293,#1273,#980,.T.);
#3063=EDGE_CURVE('',#1269,#1289,#988,.T.);
#3076=EDGE_CURVE('',#1267,#1287,#1000,.T.);
#3089=EDGE_CURVE('',#1265,#1285,#1012,.T.);
#3102=EDGE_CURVE('',#1263,#1283,#1024,.T.);
#3115=EDGE_CURVE('',#1261,#1281,#1036,.T.);
#3128=EDGE_CURVE('',#1259,#1279,#1044,.T.);
#3141=EDGE_CURVE('',#1257,#1277,#1052,.T.);
#3154=EDGE_CURVE('',#1255,#1276,#1064,.T.);
#3168=EDGE_CURVE('',#1305,#1252,#1088,.T.);
#3179=EDGE_CURVE('',#1253,#1295,#1080,.T.);
#3204=EDGE_CURVE('',#1239,#1309,#1104,.T.);
#3208=EDGE_CURVE('',#1317,#1309,#1140,.T.);
#3220=EDGE_CURVE('',#1309,#1307,#1136,.T.);
#3225=EDGE_CURVE('',#1196,#1207,#1124,.T.);
#3230=EDGE_CURVE('',#1312,#1313,#1168,.T.);
#3232=EDGE_CURVE('',#1313,#1491,#1172,.T.);
#3234=EDGE_CURVE('',#1312,#1491,#1132,.T.);
#3255=EDGE_CURVE('',#1208,#1195,#1152,.T.);
#3271=EDGE_CURVE('',#1215,#1210,#1160,.T.);
#3345=CLOSED_SHELL('',(#1551,#1569,#1590,#1605,#1618,#1633,#1647,#1663,#1681,
#1700,#1715,#1734,#1748,#1762,#1780,#1796,#1824,#1841,#1857,#1868,#1883,#1899,
#1918,#1935,#1948,#1963,#1982,#1996,#2009,#2028,#2045,#2061,#2079,#2095,#2113,
#2126,#2140,#2153,#2166,#2179,#2193,#2213,#2242,#2257,#2272,#2286,#2313,#2327,
#2352,#2366,#2380,#2395,#2408,#2421,#2434,#2447,#2460,#2473,#2485,#2498,#2510,
#2523,#2536,#2548,#2562,#2575,#2587,#2600,#2614,#2640,#2659,#2671,#2684,#2695,
#2708,#2718,#2728,#2750,#2764,#2777,#2849,#2863,#2876,#2938,#2952,#2964,#2978,
#2990,#3004,#3016,#3030,#3042,#3056,#3069,#3082,#3095,#3108,#3121,#3134,#3147,
#3160,#3173,#3186,#3198,#3212,#3238,#3249,#3262,#3275,#3288,#3299,#3310,#3322,
#3334,#3344));
#3346=MANIFOLD_SOLID_BREP('',#3345);
#3347=(LENGTH_UNIT()NAMED_UNIT(*)SI_UNIT(.MILLI.,.METRE.));
#3349=(NAMED_UNIT(*)PLANE_ANGLE_UNIT()SI_UNIT($,.RADIAN.));
#3352=(NAMED_UNIT(*)SI_UNIT($,.STERADIAN.)SOLID_ANGLE_UNIT());
#3355=ADVANCED_BREP_SHAPE_REPRESENTATION('',(#3346),#3354);
#3362=PRODUCT_DEFINITION('design','',#3361,#3358);
#3363=PRODUCT_DEFINITION_SHAPE('','SHAPE FOR 332000144.',#3362);
#3364=SHAPE_DEFINITION_REPRESENTATION(#3363,#3355);
ENDSEC;
END-ISO-10303-21;
