ISO-10303-21;
HEADER;
FILE_DESCRIPTION (( 'STEP AP214' ),
    '1' );
FILE_NAME ('332000145,Íó²¿ÉãÏñÍ·Ö§¼Ü_D405_305_mount-dyx0922.STEP',
    '2026-09-22T09:44:03',
    ( '' ),
    ( '' ),
    'SwSTEP 2.0',
    'SolidWorks 2023',
    '' );
FILE_SCHEMA (( 'AUTOMOTIVE_DESIGN' ));
ENDSEC;

DATA;
#1 = CIRCLE ( 'NONE', #5436, 28.64999999999999858 ) ;
#2 = STYLED_ITEM ( 'NONE', ( #5511 ), #153 ) ;
#3 = SURFACE_SIDE_STYLE ('',( #4976 ) ) ;
#4 = EDGE_CURVE ( 'NONE', #3756, #389, #4968, .T. ) ;
#5 = CYLINDRICAL_SURFACE ( 'NONE', #341, 0.9999999999999987788 ) ;
#6 = LINE ( 'NONE', #2830, #3347 ) ;
#7 = DIRECTION ( 'NONE',  ( 3.334351900848735085E-51, 5.551115123125790098E-17, 1.000000000000000000 ) ) ;
#8 = DIRECTION ( 'NONE',  ( -0.7071067811865578978, -3.955897015043052028E-17, -0.7071067811865370256 ) ) ;
#9 = FILL_AREA_STYLE_COLOUR ( '', #1422 ) ;
#10 = ORIENTED_EDGE ( 'NONE', *, *, #5102, .T. ) ;
#11 = AXIS2_PLACEMENT_3D ( 'NONE', #5485, #1945, #3179 ) ;
#12 = CARTESIAN_POINT ( 'NONE',  ( 19.89769439075432444, 42.15194644042737337, -19.72504198876711357 ) ) ;
#13 = MECHANICAL_DESIGN_GEOMETRIC_PRESENTATION_REPRESENTATION (  '', ( #3780 ), #5730 ) ;
#14 = B_SPLINE_CURVE_WITH_KNOTS ( 'NONE', 3,
 ( #2290, #2409, #1442, #3668, #615, #1858 ),
 .UNSPECIFIED., .F., .F.,
 ( 4, 2, 4 ),
 ( 0.000000000000000000, 0.5000000000000000000, 1.000000000000000000 ),
 .UNSPECIFIED. ) ;
#15 = CARTESIAN_POINT ( 'NONE',  ( -18.78480093288623465, 41.42207443761645891, -20.77388597639667012 ) ) ;
#16 = CARTESIAN_POINT ( 'NONE',  ( -15.50000047547162652, 77.41654362713833848, 21.33501007208138489 ) ) ;
#17 = ORIENTED_EDGE ( 'NONE', *, *, #4916, .T. ) ;
#18 = CONICAL_SURFACE ( 'NONE', #3582, 4.000000000000003553, 0.7853981633974566057 ) ;
#19 = VERTEX_POINT ( 'NONE', #936 ) ;
#20 = LINE ( 'NONE', #1819, #3473 ) ;
#21 =( NAMED_UNIT ( * ) SI_UNIT ( $, .STERADIAN. ) SOLID_ANGLE_UNIT ( ) );
#22 = DIRECTION ( 'NONE',  ( -1.000000000000000000, 0.000000000000000000, 0.000000000000000000 ) ) ;
#23 = MECHANICAL_DESIGN_GEOMETRIC_PRESENTATION_REPRESENTATION (  '', ( #3979 ), #1055 ) ;
#24 = VERTEX_POINT ( 'NONE', #878 ) ;
#25 = VECTOR ( 'NONE', #1463, 1000.000000000000000 ) ;
#26 = COLOUR_RGB ( '',0.9254901960784314152, 0.9254901960784314152, 0.9254901960784314152 ) ;
#27 = DIRECTION ( 'NONE',  ( -1.000000000000000000, -4.336808689942019662E-19, 2.407412430484050162E-35 ) ) ;
#28 = CIRCLE ( 'NONE', #3129, 13.99999999999999822 ) ;
#29 = SURFACE_STYLE_USAGE ( .BOTH. , #4069 ) ;
#30 = ORIENTED_EDGE ( 'NONE', *, *, #1438, .F. ) ;
#31 = EDGE_CURVE ( 'NONE', #5498, #3137, #2559, .T. ) ;
#32 =( GEOMETRIC_REPRESENTATION_CONTEXT ( 3 ) GLOBAL_UNCERTAINTY_ASSIGNED_CONTEXT ( ( #3862 ) ) GLOBAL_UNIT_ASSIGNED_CONTEXT ( ( #4880, #4017, #1867 ) ) REPRESENTATION_CONTEXT ( 'NONE', 'WORKASPACE' ) );
#33 = DIRECTION ( 'NONE',  ( -0.000000000000000000, -0.4999972845804206423, 0.8660269715269878210 ) ) ;
#34 =( NAMED_UNIT ( * ) PLANE_ANGLE_UNIT ( ) SI_UNIT ( $, .RADIAN. ) );
#35 =( LENGTH_UNIT ( ) NAMED_UNIT ( * ) SI_UNIT ( .MILLI., .METRE. ) );
#36 = EDGE_CURVE ( 'NONE', #5361, #5346, #3980, .T. ) ;
#37 = VECTOR ( 'NONE', #5556, 1000.000000000000114 ) ;
#38 = MECHANICAL_DESIGN_GEOMETRIC_PRESENTATION_REPRESENTATION (  '', ( #973 ), #4808 ) ;
#39 = CARTESIAN_POINT ( 'NONE',  ( 21.48357554601030017, 75.36698101602149791, 8.884895459591799494 ) ) ;
#40 = VERTEX_POINT ( 'NONE', #4495 ) ;
#41 = EDGE_CURVE ( 'NONE', #4818, #220, #377, .T. ) ;
#42 = SURFACE_STYLE_USAGE ( .BOTH. , #1870 ) ;
#43 = FACE_OUTER_BOUND ( 'NONE', #2757, .T. ) ;
#44 =( NAMED_UNIT ( * ) SI_UNIT ( $, .STERADIAN. ) SOLID_ANGLE_UNIT ( ) );
#45 = CARTESIAN_POINT ( 'NONE',  ( 0.001455524130052703990, 42.27079934983056830, -15.12202618804811571 ) ) ;
#46 = DIRECTION ( 'NONE',  ( 1.000000000000000000, 0.000000000000000000, 0.000000000000000000 ) ) ;
#47 = SURFACE_SIDE_STYLE ('',( #80 ) ) ;
#48 = VERTEX_POINT ( 'NONE', #1826 ) ;
#49 = EDGE_LOOP ( 'NONE', ( #4284, #237, #3422, #1034 ) ) ;
#50 = AXIS2_PLACEMENT_3D ( 'NONE', #4094, #1855, #2762 ) ;
#51 = B_SPLINE_CURVE_WITH_KNOTS ( 'NONE', 3,
 ( #1268, #121, #1886, #3642, #4099, #3700, #5455, #3205, #1827, #2858 ),
 .UNSPECIFIED., .F., .F.,
 ( 4, 2, 2, 2, 4 ),
 ( 0.000000000000000000, 0.2499999999999996669, 0.3749999999999965583, 0.4999999999999934497, 1.000000000000000000 ),
 .UNSPECIFIED. ) ;
#52 = CARTESIAN_POINT ( 'NONE',  ( -18.49984700178150376, -16.46946932731194835, 17.38353990612920086 ) ) ;
#53 = AXIS2_PLACEMENT_3D ( 'NONE', #970, #1557, #3800 ) ;
#54 = LINE ( 'NONE', #990, #2474 ) ;
#55 = VECTOR ( 'NONE', #2055, 1000.000000000000000 ) ;
#56 = CARTESIAN_POINT ( 'NONE',  ( -93.66238150725969547, 88.02076320748514604, 27.45731476880380839 ) ) ;
#57 = CARTESIAN_POINT ( 'NONE',  ( -19.15791834148040351, 40.90867331175898869, -20.28753188475382174 ) ) ;
#58 = ORIENTED_EDGE ( 'NONE', *, *, #3303, .T. ) ;
#59 = AXIS2_PLACEMENT_3D ( 'NONE', #16, #5802, #895 ) ;
#60 = AXIS2_PLACEMENT_3D ( 'NONE', #1073, #2495, #3337 ) ;
#61 = SURFACE_SIDE_STYLE ('',( #5537 ) ) ;
#62 = CIRCLE ( 'NONE', #5780, 2.899999999999999911 ) ;
#63 = EDGE_LOOP ( 'NONE', ( #4621, #3441, #1146, #2928, #140, #1499, #1876 ) ) ;
#64 = AXIS2_PLACEMENT_3D ( 'NONE', #2984, #4766, #2541 ) ;
#65 = FILL_AREA_STYLE ('',( #2246 ) ) ;
#66 = FACE_OUTER_BOUND ( 'NONE', #5003, .T. ) ;
#67 = VECTOR ( 'NONE', #3643, 999.9999999999998863 ) ;
#68 = CIRCLE ( 'NONE', #5409, 3.000000000000001332 ) ;
#69 = SURFACE_STYLE_FILL_AREA ( #1006 ) ;
#70 = ORIENTED_EDGE ( 'NONE', *, *, #1725, .F. ) ;
#71 = VECTOR ( 'NONE', #5165, 999.9999999999998863 ) ;
#72 = FILL_AREA_STYLE_COLOUR ( '', #5368 ) ;
#73 = EDGE_CURVE ( 'NONE', #2988, #1556, #5752, .T. ) ;
#74 = CARTESIAN_POINT ( 'NONE',  ( 7.101455524130299679, 66.17108251417377573, -4.787386532327245980 ) ) ;
#75 = CARTESIAN_POINT ( 'NONE',  ( 21.50086736455029879, 49.81918535597340281, -5.865024435528830793 ) ) ;
#76 = EDGE_CURVE ( 'NONE', #24, #838, #3954, .T. ) ;
#77 = CARTESIAN_POINT ( 'NONE',  ( -18.82690966624822337, 41.37260615184064960, -20.72356978694791252 ) ) ;
#78 = COLOUR_RGB ( '',0.9254901960784314152, 0.9254901960784314152, 0.9254901960784314152 ) ;
#79 = FILL_AREA_STYLE_COLOUR ( '', #3917 ) ;
#80 = SURFACE_STYLE_FILL_AREA ( #896 ) ;
#81 = ORIENTED_EDGE ( 'NONE', *, *, #2942, .F. ) ;
#82 = VERTEX_POINT ( 'NONE', #5313 ) ;
#83 = STYLED_ITEM ( 'NONE', ( #1848 ), #4526 ) ;
#84 = CARTESIAN_POINT ( 'NONE',  ( -16.92199991106047108, -26.62172815897734779, 17.38353990612920086 ) ) ;
#85 = PRESENTATION_STYLE_ASSIGNMENT (( #3576 ) ) ;
#86 = DIRECTION ( 'NONE',  ( -2.168392568715800252E-19, 0.4999972845804250277, -0.8660269715269851565 ) ) ;
#87 = ADVANCED_FACE ( 'NONE', ( #3146 ), #2651, .F. ) ;
#88 = CARTESIAN_POINT ( 'NONE',  ( 19.50000000000000000, 19.33798309278793681, 17.73969508567892461 ) ) ;
#89 = CARTESIAN_POINT ( 'NONE',  ( -19.50200000000433675, -15.46946932731194657, 37.78353990612920654 ) ) ;
#90 = ORIENTED_EDGE ( 'NONE', *, *, #2888, .F. ) ;
#91 = DIRECTION ( 'NONE',  ( -0.4802693771722780225, -0.7596104811623758390, -0.4385581401123642142 ) ) ;
#92 = CARTESIAN_POINT ( 'NONE',  ( -19.98708288194974969, 42.28212032033668777, -19.63493261871402495 ) ) ;
#93 = UNCERTAINTY_MEASURE_WITH_UNIT (LENGTH_MEASURE( 1.000000000000000082E-05 ), #1041, 'distance_accuracy_value', 'NONE');
#94 = VERTEX_POINT ( 'NONE', #1913 ) ;
#95 =( LENGTH_UNIT ( ) NAMED_UNIT ( * ) SI_UNIT ( .MILLI., .METRE. ) );
#96 = FACE_OUTER_BOUND ( 'NONE', #4678, .T. ) ;
#97 = CARTESIAN_POINT ( 'NONE',  ( 18.99999952413030258, 51.54335379917549176, -17.85144228237874131 ) ) ;
#98 = DIRECTION ( 'NONE',  ( 0.000000000000000000, 0.000000000000000000, 1.000000000000000000 ) ) ;
#99 = VERTEX_POINT ( 'NONE', #1968 ) ;
#100 = VECTOR ( 'NONE', #2732, 1000.000000000000114 ) ;
#101 = LINE ( 'NONE', #5499, #1911 ) ;
#102 = FILL_AREA_STYLE_COLOUR ( '', #3028 ) ;
#103 = COLOUR_RGB ( '',0.6274509803921568540, 0.6274509803921568540, 0.6274509803921568540 ) ;
#104 = SURFACE_STYLE_FILL_AREA ( #4953 ) ;
#105 =( NAMED_UNIT ( * ) SI_UNIT ( $, .STERADIAN. ) SOLID_ANGLE_UNIT ( ) );
#106 = VECTOR ( 'NONE', #2202, 1000.000000000000114 ) ;
#107 = FILL_AREA_STYLE ('',( #5045 ) ) ;
#108 = EDGE_CURVE ( 'NONE', #5057, #2621, #14, .T. ) ;
#109 = CARTESIAN_POINT ( 'NONE',  ( 12.90145552413029861, 67.67107436791040698, -7.385467446900160660 ) ) ;
#110 = EDGE_LOOP ( 'NONE', ( #3843, #3064, #3369, #4039 ) ) ;
#111 = ORIENTED_EDGE ( 'NONE', *, *, #2188, .T. ) ;
#112 = ORIENTED_EDGE ( 'NONE', *, *, #2370, .T. ) ;
#113 = EDGE_CURVE ( 'NONE', #3038, #4170, #3698, .T. ) ;
#114 = CARTESIAN_POINT ( 'NONE',  ( 19.50000000000000000, 36.45886589868137406, -19.02169326984279252 ) ) ;
#115 = DIRECTION ( 'NONE',  ( -1.000000000000000000, -3.586522532160750059E-15, 1.338346579347710135E-14 ) ) ;
#116 =( NAMED_UNIT ( * ) PLANE_ANGLE_UNIT ( ) SI_UNIT ( $, .RADIAN. ) );
#117 = EDGE_LOOP ( 'NONE', ( #1901, #2449, #4772, #2500 ) ) ;
#118 = EDGE_CURVE ( 'NONE', #3640, #985, #558, .T. ) ;
#119 = DIRECTION ( 'NONE',  ( 1.000000000000000000, 0.000000000000000000, 0.000000000000000000 ) ) ;
#120 = VECTOR ( 'NONE', #2453, 1000.000000000000000 ) ;
#121 = CARTESIAN_POINT ( 'NONE',  ( 20.03672998425978236, 45.21042808053908857, -20.35303372697437752 ) ) ;
#122 = CARTESIAN_POINT ( 'NONE',  ( -19.27051239430846863, 41.16265350047603278, -20.31578817197103604 ) ) ;
#123 = AXIS2_PLACEMENT_3D ( 'NONE', #4562, #3674, #1973 ) ;
#124 = ORIENTED_EDGE ( 'NONE', *, *, #3019, .T. ) ;
#125 = PLANE ( 'NONE',  #5548 ) ;
#126 = AXIS2_PLACEMENT_3D ( 'NONE', #5465, #3246, #655 ) ;
#127 = AXIS2_PLACEMENT_3D ( 'NONE', #1460, #2369, #3256 ) ;
#128 = SURFACE_STYLE_USAGE ( .BOTH. , #564 ) ;
#129 = DIRECTION ( 'NONE',  ( 0.000000000000000000, -0.8660269715269852675, -0.4999972845804249721 ) ) ;
#130 = CARTESIAN_POINT ( 'NONE',  ( -11.00130252591150004, -20.46946932730794089, 17.58353990612919659 ) ) ;
#131 = ORIENTED_EDGE ( 'NONE', *, *, #3203, .F. ) ;
#132 = VECTOR ( 'NONE', #3328, 1000.000000000000114 ) ;
#133 = AXIS2_PLACEMENT_3D ( 'NONE', #5236, #4793, #4273 ) ;
#134 = LINE ( 'NONE', #3715, #403 ) ;
#135 = DIRECTION ( 'NONE',  ( 0.000000000000000000, 0.000000000000000000, -1.000000000000000000 ) ) ;
#136 = SURFACE_SIDE_STYLE ('',( #4165 ) ) ;
#137 =( NAMED_UNIT ( * ) PLANE_ANGLE_UNIT ( ) SI_UNIT ( $, .RADIAN. ) );
#138 = CARTESIAN_POINT ( 'NONE',  ( 19.65423015925072647, 42.01202484399008341, -20.37197635196287138 ) ) ;
#139 = VERTEX_POINT ( 'NONE', #4210 ) ;
#140 = ORIENTED_EDGE ( 'NONE', *, *, #4080, .F. ) ;
#141 = STYLED_ITEM ( 'NONE', ( #3459 ), #1645 ) ;
#142 = DIRECTION ( 'NONE',  ( -4.336808689942019662E-19, 1.000000000000000000, -5.551115123125790098E-17 ) ) ;
#143 = FACE_OUTER_BOUND ( 'NONE', #2458, .T. ) ;
#144 = ADVANCED_FACE ( 'NONE', ( #4584 ), #2802, .T. ) ;
#145 = FACE_OUTER_BOUND ( 'NONE', #2256, .T. ) ;
#146 = VECTOR ( 'NONE', #1498, 1000.000000000000114 ) ;
#147 = DIRECTION ( 'NONE',  ( -1.000000000000000000, 0.000000000000000000, 0.000000000000000000 ) ) ;
#148 = VECTOR ( 'NONE', #2025, 1000.000000000000000 ) ;
#149 = FILL_AREA_STYLE ('',( #586 ) ) ;
#150 = VECTOR ( 'NONE', #4137, 1000.000000000000000 ) ;
#151 = EDGE_CURVE ( 'NONE', #1238, #1494, #5633, .T. ) ;
#152 = CARTESIAN_POINT ( 'NONE',  ( 22.99999952413040916, 51.04335651459168588, -16.98541531084589806 ) ) ;
#153 = ADVANCED_FACE ( 'NONE', ( #2381 ), #2890, .F. ) ;
#154 = UNCERTAINTY_MEASURE_WITH_UNIT (LENGTH_MEASURE( 1.000000000000000082E-05 ), #2249, 'distance_accuracy_value', 'NONE');
#155 = CIRCLE ( 'NONE', #1745, 0.9999999999999992228 ) ;
#156 = CARTESIAN_POINT ( 'NONE',  ( 9.348697474088499604, -20.46946932730794089, 37.78353990612920654 ) ) ;
#157 =( NAMED_UNIT ( * ) PLANE_ANGLE_UNIT ( ) SI_UNIT ( $, .RADIAN. ) );
#158 = SURFACE_SIDE_STYLE ('',( #2835 ) ) ;
#159 =( GEOMETRIC_REPRESENTATION_CONTEXT ( 3 ) GLOBAL_UNCERTAINTY_ASSIGNED_CONTEXT ( ( #4444 ) ) GLOBAL_UNIT_ASSIGNED_CONTEXT ( ( #451, #2577, #386 ) ) REPRESENTATION_CONTEXT ( 'NONE', 'WORKASPACE' ) );
#160 = DIRECTION ( 'NONE',  ( -2.168392568715800012E-19, 0.4999972845804249721, -0.8660269715269850455 ) ) ;
#161 = EDGE_LOOP ( 'NONE', ( #993, #3486 ) ) ;
#162 =( NAMED_UNIT ( * ) SI_UNIT ( $, .STERADIAN. ) SOLID_ANGLE_UNIT ( ) );
#163 =( NAMED_UNIT ( * ) PLANE_ANGLE_UNIT ( ) SI_UNIT ( $, .RADIAN. ) );
#164 = CIRCLE ( 'NONE', #3533, 7.500000000000006217 ) ;
#165 = SURFACE_SIDE_STYLE ('',( #3721 ) ) ;
#166 = MECHANICAL_DESIGN_GEOMETRIC_PRESENTATION_REPRESENTATION (  '', ( #3733 ), #3264 ) ;
#167 = CARTESIAN_POINT ( 'NONE',  ( -19.00000047586969742, 41.04341082298441989, 0.3351241196916585063 ) ) ;
#168 = VERTEX_POINT ( 'NONE', #5227 ) ;
#169 = ORIENTED_EDGE ( 'NONE', *, *, #4960, .T. ) ;
#170 = AXIS2_PLACEMENT_3D ( 'NONE', #3583, #3180, #2831 ) ;
#171 = ORIENTED_EDGE ( 'NONE', *, *, #365, .F. ) ;
#172 = CARTESIAN_POINT ( 'NONE',  ( -0.001302525911494698853, -50.96946932731190572, 38.78353990612922786 ) ) ;
#173 = LINE ( 'NONE', #5155, #3296 ) ;
#174 = DIRECTION ( 'NONE',  ( 0.8452298854491966384, -0.5344028824244289044, 0.000000000000000000 ) ) ;
#175 = SURFACE_STYLE_USAGE ( .BOTH. , #668 ) ;
#176 =( NAMED_UNIT ( * ) PLANE_ANGLE_UNIT ( ) SI_UNIT ( $, .RADIAN. ) );
#177 = ORIENTED_EDGE ( 'NONE', *, *, #4875, .F. ) ;
#178 = VECTOR ( 'NONE', #2902, 1000.000000000000000 ) ;
#179 = ADVANCED_FACE ( 'NONE', ( #3836 ), #2439, .T. ) ;
#180 = COLOUR_RGB ( '',0.9254901960784314152, 0.9254901960784314152, 0.9254901960784314152 ) ;
#181 = CARTESIAN_POINT ( 'NONE',  ( 21.50145552413040306, 73.81404857348670134, 3.089345371037398813 ) ) ;
#182 = CARTESIAN_POINT ( 'NONE',  ( 19.49854399995262710, 33.86044395843061494, -2.657235255604459834 ) ) ;
#183 = DIRECTION ( 'NONE',  ( 0.000000000000000000, -5.551115123125790098E-17, -1.000000000000000000 ) ) ;
#184 = EDGE_CURVE ( 'NONE', #4131, #3023, #2234, .T. ) ;
#185 = ADVANCED_FACE ( 'NONE', ( #1589 ), #2970, .F. ) ;
#186 = DIRECTION ( 'NONE',  ( 1.000000000000000000, 4.336808689942019662E-19, -2.407412430484050162E-35 ) ) ;
#187 = CARTESIAN_POINT ( 'NONE',  ( -19.50000000000000000, -10.96946932730703494, 17.73969508567892461 ) ) ;
#188 = DIRECTION ( 'NONE',  ( 3.755793295842399036E-19, -0.8660269715269851565, -0.4999972845804250832 ) ) ;
#189 = VERTEX_POINT ( 'NONE', #4298 ) ;
#190 = EDGE_CURVE ( 'NONE', #48, #1419, #700, .T. ) ;
#191 = LINE ( 'NONE', #5042, #2186 ) ;
#192 = AXIS2_PLACEMENT_3D ( 'NONE', #2029, #1227, #1559 ) ;
#193 = LINE ( 'NONE', #657, #120 ) ;
#194 = DIRECTION ( 'NONE',  ( -2.168392568715800493E-19, 0.4999972845804250832, -0.8660269715269852675 ) ) ;
#195 = DIRECTION ( 'NONE',  ( 0.000000000000000000, 0.000000000000000000, -1.000000000000000000 ) ) ;
#196 = CARTESIAN_POINT ( 'NONE',  ( 14.50086736455030056, 52.04538411007450804, -9.478707909626702843 ) ) ;
#197 = CARTESIAN_POINT ( 'NONE',  ( 20.37566504365423370, 43.38858468605765495, -20.12112257074445765 ) ) ;
#198 = ORIENTED_EDGE ( 'NONE', *, *, #3276, .F. ) ;
#199 =( GEOMETRIC_REPRESENTATION_CONTEXT ( 3 ) GLOBAL_UNCERTAINTY_ASSIGNED_CONTEXT ( ( #737 ) ) GLOBAL_UNIT_ASSIGNED_CONTEXT ( ( #2199, #4035, #815 ) ) REPRESENTATION_CONTEXT ( 'NONE', 'WORKASPACE' ) );
#200 = ORIENTED_EDGE ( 'NONE', *, *, #2694, .T. ) ;
#201 = CARTESIAN_POINT ( 'NONE',  ( -18.49999999999997158, 32.06501575326566922, -3.701966017602593695 ) ) ;
#202 = ORIENTED_EDGE ( 'NONE', *, *, #2626, .T. ) ;
#203 = CARTESIAN_POINT ( 'NONE',  ( 14.50086736455030056, 44.54542484137370906, 3.511696663276298480 ) ) ;
#204 = MECHANICAL_DESIGN_GEOMETRIC_PRESENTATION_REPRESENTATION (  '', ( #2547 ), #667 ) ;
#205 = PLANE ( 'NONE',  #5782 ) ;
#206 = DIRECTION ( 'NONE',  ( 0.000000000000000000, -0.4999972845804258603, 0.8660269715269847124 ) ) ;
#207 = CARTESIAN_POINT ( 'NONE',  ( -19.75442208726945736, 44.64125660914483262, -20.63437113332194883 ) ) ;
#208 = ORIENTED_EDGE ( 'NONE', *, *, #3374, .T. ) ;
#209 = STYLED_ITEM ( 'NONE', ( #85 ), #649 ) ;
#210 = COLOUR_RGB ( '',0.9254901960784314152, 0.9254901960784314152, 0.9254901960784314152 ) ;
#211 = VECTOR ( 'NONE', #2851, 999.9999999999998863 ) ;
#212 = CARTESIAN_POINT ( 'NONE',  ( -19.50000000000000000, 31.30661030014310242, -4.450623947147305692 ) ) ;
#213 = VECTOR ( 'NONE', #3110, 1000.000000000000227 ) ;
#214 = FACE_OUTER_BOUND ( 'NONE', #2915, .T. ) ;
#215 = UNCERTAINTY_MEASURE_WITH_UNIT (LENGTH_MEASURE( 1.000000000000000082E-05 ), #787, 'distance_accuracy_value', 'NONE');
#216 = VECTOR ( 'NONE', #2923, 1000.000000000000114 ) ;
#217 = AXIS2_PLACEMENT_3D ( 'NONE', #1742, #3588, #2247 ) ;
#218 = EDGE_CURVE ( 'NONE', #2120, #448, #5431, .T. ) ;
#219 = CARTESIAN_POINT ( 'NONE',  ( 19.50000000000000000, 40.06520501993333028, -19.61015352080642771 ) ) ;
#220 = VERTEX_POINT ( 'NONE', #5691 ) ;
#221 = CIRCLE ( 'NONE', #3807, 1.650000000000000355 ) ;
#222 = PLANE ( 'NONE',  #767 ) ;
#223 = EDGE_CURVE ( 'NONE', #2846, #2289, #3859, .T. ) ;
#224 = CYLINDRICAL_SURFACE ( 'NONE', #1270, 1.000000000000003775 ) ;
#225 = ADVANCED_FACE ( 'NONE', ( #5632 ), #3400, .F. ) ;
#226 =( NAMED_UNIT ( * ) SI_UNIT ( $, .STERADIAN. ) SOLID_ANGLE_UNIT ( ) );
#227 = FILL_AREA_STYLE ('',( #1043 ) ) ;
#228 = ORIENTED_EDGE ( 'NONE', *, *, #4957, .T. ) ;
#229 = ORIENTED_EDGE ( 'NONE', *, *, #3173, .F. ) ;
#230 = ORIENTED_EDGE ( 'NONE', *, *, #2294, .F. ) ;
#231 = COLOUR_RGB ( '',0.9254901960784314152, 0.9254901960784314152, 0.9254901960784314152 ) ;
#232 = CARTESIAN_POINT ( 'NONE',  ( 18.50000000000001776, 8.288142609450604326, -5.795406896101402694 ) ) ;
#233 = PRESENTATION_STYLE_ASSIGNMENT (( #267 ) ) ;
#234 = CARTESIAN_POINT ( 'NONE',  ( -18.50000000000002842, 36.45886589868137406, -19.02169326984279252 ) ) ;
#235 = SURFACE_STYLE_FILL_AREA ( #1135 ) ;
#236 = DIRECTION ( 'NONE',  ( -2.168392568715800012E-19, 0.4999972845804249721, -0.8660269715269850455 ) ) ;
#237 = ORIENTED_EDGE ( 'NONE', *, *, #1695, .T. ) ;
#238 = DIRECTION ( 'NONE',  ( 0.000000000000000000, 0.7095709740235812690, -0.7046339708126667656 ) ) ;
#239 = ORIENTED_EDGE ( 'NONE', *, *, #4408, .T. ) ;
#240 = AXIS2_PLACEMENT_3D ( 'NONE', #1077, #3854, #584 ) ;
#241 = CARTESIAN_POINT ( 'NONE',  ( 19.14419565195070305, 43.32782762940945531, -21.02903293597168144 ) ) ;
#242 = DIRECTION ( 'NONE',  ( 1.000000000000000000, 4.336808689942019662E-19, -2.407412430484050162E-35 ) ) ;
#243 = CYLINDRICAL_SURFACE ( 'NONE', #3455, 1.650000000000000355 ) ;
#244 = VECTOR ( 'NONE', #4277, 1000.000000000000000 ) ;
#245 = ORIENTED_EDGE ( 'NONE', *, *, #3482, .T. ) ;
#246 = DIRECTION ( 'NONE',  ( -4.336808689942019662E-19, 1.000000000000000000, 0.000000000000000000 ) ) ;
#247 = PRESENTATION_LAYER_ASSIGNMENT (  '', '', ( #4646 ) ) ;
#248 = CIRCLE ( 'NONE', #5204, 3.999999999999989786 ) ;
#249 = CONICAL_SURFACE ( 'NONE', #1371, 5.000000000000015099, 0.7853981633974548293 ) ;
#250 = DIRECTION ( 'NONE',  ( 3.755793295842400481E-19, -0.8660269715269851565, -0.4999972845804250277 ) ) ;
#251 = CARTESIAN_POINT ( 'NONE',  ( 12.90145552412304397, 67.17107708332784455, -6.519440475373265542 ) ) ;
#252 = EDGE_LOOP ( 'NONE', ( #2368, #354, #3399, #3545 ) ) ;
#253 = COLOUR_RGB ( '',0.9254901960784314152, 0.9254901960784314152, 0.9254901960784314152 ) ;
#254 = CARTESIAN_POINT ( 'NONE',  ( 16.31793718862256881, -26.62172815897734779, 17.04029932486608345 ) ) ;
#255 = B_SPLINE_SURFACE_WITH_KNOTS ( 'NONE', 1, 3, ( 
 ( #4048, #2633, #5381, #1244 ),
 ( #4440, #885, #418, #3070 ) ),
 .UNSPECIFIED., .F., .F., .F.,
 ( 2, 2 ),
 ( 4, 4 ),
 ( 0.000000000000000000, 1.000000000000000000 ),
 ( 0.000000000000000000, 0.001200696321091618149 ),
 .UNSPECIFIED. ) ;
#256 = FACE_OUTER_BOUND ( 'NONE', #919, .T. ) ;
#257 = LINE ( 'NONE', #2042, #5495 ) ;
#258 = FACE_OUTER_BOUND ( 'NONE', #3722, .T. ) ;
#259 = CARTESIAN_POINT ( 'NONE',  ( 18.77710911549552009, 42.45938142383274538, -21.13380632340854248 ) ) ;
#260 = ORIENTED_EDGE ( 'NONE', *, *, #4176, .F. ) ;
#261 = ORIENTED_EDGE ( 'NONE', *, *, #619, .T. ) ;
#262 = EDGE_CURVE ( 'NONE', #2317, #1355, #2258, .T. ) ;
#263 = ORIENTED_EDGE ( 'NONE', *, *, #2124, .F. ) ;
#264 = DIRECTION ( 'NONE',  ( 1.000000000000000000, 4.336808689942019662E-19, 2.139922160430259802E-35 ) ) ;
#265 = EDGE_CURVE ( 'NONE', #99, #747, #5305, .T. ) ;
#266 = CIRCLE ( 'NONE', #2705, 3.000000000000001332 ) ;
#267 = SURFACE_STYLE_USAGE ( .BOTH. , #4635 ) ;
#268 = FACE_OUTER_BOUND ( 'NONE', #117, .T. ) ;
#269 = ORIENTED_EDGE ( 'NONE', *, *, #2629, .F. ) ;
#270 = ORIENTED_EDGE ( 'NONE', *, *, #2240, .F. ) ;
#271 = CARTESIAN_POINT ( 'NONE',  ( 18.98287364676903977, 42.95096703719794107, -21.08336395001355967 ) ) ;
#272 = CARTESIAN_POINT ( 'NONE',  ( -19.31846959888131465, 43.71534969314152619, -20.94860166504010479 ) ) ;
#273 = EDGE_CURVE ( 'NONE', #5243, #3391, #1730, .T. ) ;
#274 = SURFACE_SIDE_STYLE ('',( #3738 ) ) ;
#275 = UNCERTAINTY_MEASURE_WITH_UNIT (LENGTH_MEASURE( 1.000000000000000082E-05 ), #1760, 'distance_accuracy_value', 'NONE');
#276 = EDGE_LOOP ( 'NONE', ( #324, #208, #1308, #239, #5708, #261, #311, #4464, #3915, #4295, #3679, #1235 ) ) ;
#277 = LINE ( 'NONE', #4675, #2408 ) ;
#278 =( GEOMETRIC_REPRESENTATION_CONTEXT ( 3 ) GLOBAL_UNCERTAINTY_ASSIGNED_CONTEXT ( ( #1336 ) ) GLOBAL_UNIT_ASSIGNED_CONTEXT ( ( #4514, #491, #4059 ) ) REPRESENTATION_CONTEXT ( 'NONE', 'WORKASPACE' ) );
#279 = DIRECTION ( 'NONE',  ( -1.000000000000000000, 0.000000000000000000, 0.000000000000000000 ) ) ;
#280 = VERTEX_POINT ( 'NONE', #5337 ) ;
#281 = CARTESIAN_POINT ( 'NONE',  ( 42.43876632627849688, -26.62172815897734779, 29.58353990612920015 ) ) ;
#282 = CARTESIAN_POINT ( 'NONE',  ( -19.68253891294070357, 41.62097059490020712, -19.89838413416047302 ) ) ;
#283 = SURFACE_SIDE_STYLE ('',( #3501 ) ) ;
#284 = SURFACE_STYLE_USAGE ( .BOTH. , #2156 ) ;
#285 = CARTESIAN_POINT ( 'NONE',  ( 23.99999952413039850, 72.31405671974620475, 5.687426285619298305 ) ) ;
#286 = ORIENTED_EDGE ( 'NONE', *, *, #76, .T. ) ;
#287 = ORIENTED_EDGE ( 'NONE', *, *, #2666, .F. ) ;
#288 = ORIENTED_EDGE ( 'NONE', *, *, #1365, .F. ) ;
#289 = LINE ( 'NONE', #5682, #3775 ) ;
#290 = CARTESIAN_POINT ( 'NONE',  ( 21.50086736455029879, 50.40991785931569780, -0.8881779687894518771 ) ) ;
#291 = CARTESIAN_POINT ( 'NONE',  ( 20.37566504365030085, 43.38858468605802443, -20.12112257074103638 ) ) ;
#292 = VERTEX_POINT ( 'NONE', #5745 ) ;
#293 = CARTESIAN_POINT ( 'NONE',  ( -21.49854447586969997, 77.05527635326689051, 4.960655551757800374 ) ) ;
#294 = EDGE_CURVE ( 'NONE', #3016, #2396, #4506, .T. ) ;
#295 = ORIENTED_EDGE ( 'NONE', *, *, #1905, .T. ) ;
#296 = FILL_AREA_STYLE ('',( #2469 ) ) ;
#297 = CYLINDRICAL_SURFACE ( 'NONE', #1247, 1.650000000000000355 ) ;
#298 = EDGE_CURVE ( 'NONE', #2185, #1195, #5720, .T. ) ;
#299 = CARTESIAN_POINT ( 'NONE',  ( 21.50145552413040306, 72.76890010143991105, 7.384903605850298369 ) ) ;
#300 = EDGE_CURVE ( 'NONE', #5750, #5173, #4836, .T. ) ;
#301 = ORIENTED_EDGE ( 'NONE', *, *, #2563, .T. ) ;
#302 = VECTOR ( 'NONE', #4747, 1000.000000000000000 ) ;
#303 = MECHANICAL_DESIGN_GEOMETRIC_PRESENTATION_REPRESENTATION (  '', ( #4525 ), #1051 ) ;
#304 = ORIENTED_EDGE ( 'NONE', *, *, #2165, .F. ) ;
#305 = DIRECTION ( 'NONE',  ( -1.685674372880879634E-15, -0.4999972845804238619, 0.8660269715269858226 ) ) ;
#306 =( LENGTH_UNIT ( ) NAMED_UNIT ( * ) SI_UNIT ( .MILLI., .METRE. ) );
#307 = FACE_OUTER_BOUND ( 'NONE', #3644, .T. ) ;
#308 =( LENGTH_UNIT ( ) NAMED_UNIT ( * ) SI_UNIT ( .MILLI., .METRE. ) );
#309 = CARTESIAN_POINT ( 'NONE',  ( 19.63243572623122901, 32.05723306756490132, -3.698312010256799454 ) ) ;
#310 = ORIENTED_EDGE ( 'NONE', *, *, #2694, .F. ) ;
#311 = ORIENTED_EDGE ( 'NONE', *, *, #190, .T. ) ;
#312 = VECTOR ( 'NONE', #2718, 1000.000000000000114 ) ;
#313 = ORIENTED_EDGE ( 'NONE', *, *, #2264, .T. ) ;
#314 = CYLINDRICAL_SURFACE ( 'NONE', #948, 2.999999999999999556 ) ;
#315 = DIRECTION ( 'NONE',  ( 0.000000000000000000, -0.8660269715269852675, -0.4999972845804249721 ) ) ;
#316 = CARTESIAN_POINT ( 'NONE',  ( 0.001455524130052690112, 77.41654362711311421, 21.33501007206680455 ) ) ;
#317 = ORIENTED_EDGE ( 'NONE', *, *, #1373, .F. ) ;
#318 = ORIENTED_EDGE ( 'NONE', *, *, #5111, .T. ) ;
#319 =( GEOMETRIC_REPRESENTATION_CONTEXT ( 3 ) GLOBAL_UNCERTAINTY_ASSIGNED_CONTEXT ( ( #2506 ) ) GLOBAL_UNIT_ASSIGNED_CONTEXT ( ( #3934, #2604, #3869 ) ) REPRESENTATION_CONTEXT ( 'NONE', 'WORKASPACE' ) );
#320 = PRESENTATION_STYLE_ASSIGNMENT (( #644 ) ) ;
#321 = EDGE_CURVE ( 'NONE', #518, #693, #3487, .T. ) ;
#322 = CARTESIAN_POINT ( 'NONE',  ( 23.99999952413035231, 50.54335923001125508, -16.11938833931890613 ) ) ;
#323 = LINE ( 'NONE', #408, #106 ) ;
#324 = ORIENTED_EDGE ( 'NONE', *, *, #5200, .F. ) ;
#325 = COLOUR_RGB ( '',0.9254901960784314152, 0.9254901960784314152, 0.9254901960784314152 ) ;
#326 = ADVANCED_FACE ( 'NONE', ( #4460 ), #1785, .T. ) ;
#327 = ORIENTED_EDGE ( 'NONE', *, *, #3057, .T. ) ;
#328 = EDGE_CURVE ( 'NONE', #5266, #5603, #1350, .T. ) ;
#329 = CARTESIAN_POINT ( 'NONE',  ( 19.50000000000000000, -26.62172815897734779, 17.38353990612920086 ) ) ;
#330 = VECTOR ( 'NONE', #5107, 1000.000000000000000 ) ;
#331 = CARTESIAN_POINT ( 'NONE',  ( 24.00145552413039951, 75.66667514571639686, 6.608437384583800700 ) ) ;
#332 = ORIENTED_EDGE ( 'NONE', *, *, #2819, .T. ) ;
#333 =( GEOMETRIC_REPRESENTATION_CONTEXT ( 3 ) GLOBAL_UNCERTAINTY_ASSIGNED_CONTEXT ( ( #5639 ) ) GLOBAL_UNIT_ASSIGNED_CONTEXT ( ( #5110, #5571, #532 ) ) REPRESENTATION_CONTEXT ( 'NONE', 'WORKASPACE' ) );
#334 = FILL_AREA_STYLE_COLOUR ( '', #2668 ) ;
#335 = LINE ( 'NONE', #4820, #4801 ) ;
#336 = COLOUR_RGB ( '',0.9254901960784314152, 0.9254901960784314152, 0.9254901960784314152 ) ;
#337 = SURFACE_STYLE_FILL_AREA ( #5588 ) ;
#338 = VECTOR ( 'NONE', #429, 1000.000000000000114 ) ;
#339 = ORIENTED_EDGE ( 'NONE', *, *, #786, .F. ) ;
#340 = ORIENTED_EDGE ( 'NONE', *, *, #2811, .T. ) ;
#341 = AXIS2_PLACEMENT_3D ( 'NONE', #2273, #5655, #2632 ) ;
#342 = CIRCLE ( 'NONE', #530, 1.650000000000000355 ) ;
#343 = CARTESIAN_POINT ( 'NONE',  ( 10.99869747408849996, -20.46946932730794089, 17.38353990612920086 ) ) ;
#344 = DIRECTION ( 'NONE',  ( 0.8452298854497316549, -0.5344028824235826924, 0.000000000000000000 ) ) ;
#345 = ORIENTED_EDGE ( 'NONE', *, *, #2525, .F. ) ;
#346 = CIRCLE ( 'NONE', #3159, 7.000000000000002665 ) ;
#347 = ORIENTED_EDGE ( 'NONE', *, *, #3123, .T. ) ;
#348 = VECTOR ( 'NONE', #2155, 1000.000000000000000 ) ;
#349 = DIRECTION ( 'NONE',  ( 0.000000000000000000, 5.551115123125790098E-17, 1.000000000000000000 ) ) ;
#350 = SURFACE_STYLE_USAGE ( .BOTH. , #3464 ) ;
#351 =( GEOMETRIC_REPRESENTATION_CONTEXT ( 3 ) GLOBAL_UNCERTAINTY_ASSIGNED_CONTEXT ( ( #215 ) ) GLOBAL_UNIT_ASSIGNED_CONTEXT ( ( #787, #3577, #3548 ) ) REPRESENTATION_CONTEXT ( 'NONE', 'WORKASPACE' ) );
#352 = EDGE_LOOP ( 'NONE', ( #4310, #263, #3073, #5419 ) ) ;
#353 = CIRCLE ( 'NONE', #4388, 1.649999999999998579 ) ;
#354 = ORIENTED_EDGE ( 'NONE', *, *, #3333, .F. ) ;
#355 = DIRECTION ( 'NONE',  ( -1.000000000000000000, 0.000000000000000000, 0.000000000000000000 ) ) ;
#356 = EDGE_CURVE ( 'NONE', #5592, #738, #20, .T. ) ;
#357 = EDGE_LOOP ( 'NONE', ( #5109, #5261, #4097, #5699, #124 ) ) ;
#358 = B_SPLINE_CURVE_WITH_KNOTS ( 'NONE', 3,
 ( #3218, #12, #3160, #4114, #5438, #1310, #5010, #4570, #982, #4508 ),
 .UNSPECIFIED., .F., .F.,
 ( 4, 2, 2, 2, 4 ),
 ( 0.000000000000000000, 0.0005781203418900112030, 0.001156240683780022406, 0.001734361025670033609, 0.002312481367560044812 ),
 .UNSPECIFIED. ) ;
#359 = EDGE_CURVE ( 'NONE', #1579, #4072, #5279, .T. ) ;
#360 = CARTESIAN_POINT ( 'NONE',  ( 23.99999952413039850, 47.51214281503921200, -0.1117117475228999179 ) ) ;
#361 = CARTESIAN_POINT ( 'NONE',  ( -15.50000047586970098, 80.42128974771279104, 1.130517978717625383 ) ) ;
#362 = LINE ( 'NONE', #2986, #3808 ) ;
#363 = DIRECTION ( 'NONE',  ( 3.755793295842400962E-19, -0.8660269715269851565, -0.4999972845804250832 ) ) ;
#364 = ORIENTED_EDGE ( 'NONE', *, *, #2525, .T. ) ;
#365 = EDGE_CURVE ( 'NONE', #3947, #2103, #3469, .T. ) ;
#366 = CARTESIAN_POINT ( 'NONE',  ( 19.50000000000000000, 32.05723306756489421, -3.698312010256797677 ) ) ;
#367 = CARTESIAN_POINT ( 'NONE',  ( 23.99999952413039850, 52.41726627055550125, -4.365032581789301425 ) ) ;
#368 = PRESENTATION_LAYER_ASSIGNMENT (  '', '', ( #2438 ) ) ;
#369 = LINE ( 'NONE', #2995, #739 ) ;
#370 = EDGE_LOOP ( 'NONE', ( #4692, #5504, #5277, #698 ) ) ;
#371 = VERTEX_POINT ( 'NONE', #5718 ) ;
#372 = CARTESIAN_POINT ( 'NONE',  ( -9.998544475869659109, 64.67109066043200016, -2.189305617746140520 ) ) ;
#373 = DIRECTION ( 'NONE',  ( -0.000000000000000000, 5.551115123125779621E-17, 1.000000000000000000 ) ) ;
#374 = CARTESIAN_POINT ( 'NONE',  ( 21.50105116442050246, 47.49482031754600797, -1.596843144937251102 ) ) ;
#375 = DIRECTION ( 'NONE',  ( 3.755793295842400962E-19, -0.8660269715269851565, -0.4999972845804250832 ) ) ;
#376 = VERTEX_POINT ( 'NONE', #1258 ) ;
#377 = LINE ( 'NONE', #444, #3579 ) ;
#378 = COLOUR_RGB ( '',0.9254901960784314152, 0.9254901960784314152, 0.9254901960784314152 ) ;
#379 = DIRECTION ( 'NONE',  ( -1.000000000000000000, -0.000000000000000000, -0.000000000000000000 ) ) ;
#380 = ORIENTED_EDGE ( 'NONE', *, *, #2534, .F. ) ;
#381 = PLANE ( 'NONE',  #123 ) ;
#382 = CARTESIAN_POINT ( 'NONE',  ( 21.50145552413040306, 72.09746744944798991, 13.54789467290919802 ) ) ;
#383 = SURFACE_SIDE_STYLE ('',( #5486 ) ) ;
#384 = AXIS2_PLACEMENT_3D ( 'NONE', #343, #1633, #4860 ) ;
#385 = EDGE_CURVE ( 'NONE', #1494, #4878, #2824, .T. ) ;
#386 =( NAMED_UNIT ( * ) SI_UNIT ( $, .STERADIAN. ) SOLID_ANGLE_UNIT ( ) );
#387 = CARTESIAN_POINT ( 'NONE',  ( 19.87981027107158027, 33.16025413293672131, -4.216185560647825348 ) ) ;
#388 = PLANE ( 'NONE',  #3468 ) ;
#389 = VERTEX_POINT ( 'NONE', #3258 ) ;
#390 = UNCERTAINTY_MEASURE_WITH_UNIT (LENGTH_MEASURE( 1.000000000000000082E-05 ), #631, 'distance_accuracy_value', 'NONE');
#391 = VECTOR ( 'NONE', #1510, 1000.000000000000000 ) ;
#392 = LINE ( 'NONE', #5412, #1531 ) ;
#393 = EDGE_CURVE ( 'NONE', #3231, #441, #956, .T. ) ;
#394 = EDGE_CURVE ( 'NONE', #3013, #99, #4229, .T. ) ;
#395 = PRESENTATION_STYLE_ASSIGNMENT (( #808 ) ) ;
#396 = CARTESIAN_POINT ( 'NONE',  ( 23.99999952413039850, 69.06407436996919103, 11.31660160054289932 ) ) ;
#397 = VECTOR ( 'NONE', #186, 1000.000000000000000 ) ;
#398 = DIRECTION ( 'NONE',  ( 0.000000000000000000, 0.4999972845804187549, -0.8660269715269887092 ) ) ;
#399 = DIRECTION ( 'NONE',  ( 0.000000000000000000, -0.9051962300684738283, 0.4249938647437425110 ) ) ;
#400 = DIRECTION ( 'NONE',  ( 4.235164736271497843E-19, -1.000000000000000000, 0.000000000000000000 ) ) ;
#401 = ORIENTED_EDGE ( 'NONE', *, *, #4999, .T. ) ;
#402 = ORIENTED_EDGE ( 'NONE', *, *, #1795, .T. ) ;
#403 = VECTOR ( 'NONE', #1010, 1000.000000000000000 ) ;
#404 = SURFACE_STYLE_USAGE ( .BOTH. , #4399 ) ;
#405 = VECTOR ( 'NONE', #1230, 999.9999999999998863 ) ;
#406 = SURFACE_STYLE_USAGE ( .BOTH. , #4371 ) ;
#407 =( NAMED_UNIT ( * ) PLANE_ANGLE_UNIT ( ) SI_UNIT ( $, .RADIAN. ) );
#408 = CARTESIAN_POINT ( 'NONE',  ( 23.99999952413039850, 49.81918535597340281, -5.865024435528830793 ) ) ;
#409 = EDGE_LOOP ( 'NONE', ( #1955, #1128, #304, #557 ) ) ;
#410 = DIRECTION ( 'NONE',  ( -2.168392568715800252E-19, 0.4999972845804250277, -0.8660269715269851565 ) ) ;
#411 = COLOUR_RGB ( '',0.9254901960784314152, 0.9254901960784314152, 0.9254901960784314152 ) ;
#412 = DIRECTION ( 'NONE',  ( 0.000000000000000000, -1.000000000000000000, 5.551115123125790098E-17 ) ) ;
#413 = ORIENTED_EDGE ( 'NONE', *, *, #3554, .F. ) ;
#414 = SURFACE_STYLE_USAGE ( .BOTH. , #2657 ) ;
#415 = PRESENTATION_STYLE_ASSIGNMENT (( #4437 ) ) ;
#416 = FACE_BOUND ( 'NONE', #4686, .T. ) ;
#417 = MECHANICAL_DESIGN_GEOMETRIC_PRESENTATION_REPRESENTATION (  '', ( #141 ), #4822 ) ;
#418 = CARTESIAN_POINT ( 'NONE',  ( 19.87805391238649122, 44.90247389677831791, -20.53070435459897425 ) ) ;
#419 = CARTESIAN_POINT ( 'NONE',  ( -15.10130252591150146, -26.62172815897734779, 16.38353990612920086 ) ) ;
#420 =( LENGTH_UNIT ( ) NAMED_UNIT ( * ) SI_UNIT ( .MILLI., .METRE. ) );
#421 = ORIENTED_EDGE ( 'NONE', *, *, #1950, .T. ) ;
#422 = AXIS2_PLACEMENT_3D ( 'NONE', #5568, #236, #147 ) ;
#423 = EDGE_CURVE ( 'NONE', #4762, #1600, #3724, .T. ) ;
#424 =( GEOMETRIC_REPRESENTATION_CONTEXT ( 3 ) GLOBAL_UNCERTAINTY_ASSIGNED_CONTEXT ( ( #5027 ) ) GLOBAL_UNIT_ASSIGNED_CONTEXT ( ( #3944, #3134, #1286 ) ) REPRESENTATION_CONTEXT ( 'NONE', 'WORKASPACE' ) );
#425 = CARTESIAN_POINT ( 'NONE',  ( 21.50145552413040306, 77.05527635326689051, 4.960655551757800374 ) ) ;
#426 = VECTOR ( 'NONE', #250, 1000.000000000000114 ) ;
#427 = SURFACE_SIDE_STYLE ('',( #104 ) ) ;
#428 = CARTESIAN_POINT ( 'NONE',  ( 19.50000000000000000, 12.96307512163179787, 4.161751634651829512 ) ) ;
#429 = DIRECTION ( 'NONE',  ( -4.189031997838558473E-19, 0.9659250147588526181, -0.2588220737555249062 ) ) ;
#430 = CARTESIAN_POINT ( 'NONE',  ( -19.50000000000000000, -14.91394385214018925, 10.88353990612919908 ) ) ;
#431 = ADVANCED_FACE ( 'NONE', ( #2312 ), #2759, .F. ) ;
#432 = CARTESIAN_POINT ( 'NONE',  ( -19.50000000000000000, -26.62172815897734779, 17.38353990612920086 ) ) ;
#433 = ORIENTED_EDGE ( 'NONE', *, *, #2808, .T. ) ;
#434 = ORIENTED_EDGE ( 'NONE', *, *, #1695, .F. ) ;
#435 = AXIS2_PLACEMENT_3D ( 'NONE', #45, #2226, #2754 ) ;
#436 =( GEOMETRIC_REPRESENTATION_CONTEXT ( 3 ) GLOBAL_UNCERTAINTY_ASSIGNED_CONTEXT ( ( #1447 ) ) GLOBAL_UNIT_ASSIGNED_CONTEXT ( ( #5264, #4708, #799 ) ) REPRESENTATION_CONTEXT ( 'NONE', 'WORKASPACE' ) );
#437 = ADVANCED_FACE ( 'NONE', ( #494 ), #1879, .T. ) ;
#438 = SURFACE_STYLE_FILL_AREA ( #4004 ) ;
#439 = CARTESIAN_POINT ( 'NONE',  ( 18.50000000000001421, -29.96946932730795154, 13.88353990612919908 ) ) ;
#440 = AXIS2_PLACEMENT_3D ( 'NONE', #2070, #3871, #5648 ) ;
#441 = VERTEX_POINT ( 'NONE', #1936 ) ;
#442 = AXIS2_PLACEMENT_3D ( 'NONE', #2005, #5580, #5198 ) ;
#443 = EDGE_CURVE ( 'NONE', #1355, #756, #2399, .T. ) ;
#444 = CARTESIAN_POINT ( 'NONE',  ( -19.19984700178149950, -26.62172815897734779, 41.78353990612919944 ) ) ;
#445 = PRESENTATION_LAYER_ASSIGNMENT (  '', '', ( #1480 ) ) ;
#446 = VECTOR ( 'NONE', #2229, 1000.000000000000114 ) ;
#447 = FACE_OUTER_BOUND ( 'NONE', #585, .T. ) ;
#448 = VERTEX_POINT ( 'NONE', #3659 ) ;
#449 = FACE_BOUND ( 'NONE', #1139, .T. ) ;
#450 = CARTESIAN_POINT ( 'NONE',  ( 19.50000000000000000, 41.67932740673742842, -20.35907071635092791 ) ) ;
#451 =( LENGTH_UNIT ( ) NAMED_UNIT ( * ) SI_UNIT ( .MILLI., .METRE. ) );
#452 = B_SPLINE_CURVE_WITH_KNOTS ( 'NONE', 3,
 ( #2778, #541, #5038, #1007 ),
 .UNSPECIFIED., .F., .F.,
 ( 4, 4 ),
 ( 0.000000000000000000, 1.000000000000000000 ),
 .UNSPECIFIED. ) ;
#453 = DIRECTION ( 'NONE',  ( 0.000000000000000000, -5.551115123125790098E-17, -1.000000000000000000 ) ) ;
#454 = ORIENTED_EDGE ( 'NONE', *, *, #966, .T. ) ;
#455 = UNCERTAINTY_MEASURE_WITH_UNIT (LENGTH_MEASURE( 1.000000000000000082E-05 ), #5410, 'distance_accuracy_value', 'NONE');
#456 = CARTESIAN_POINT ( 'NONE',  ( 19.50000000000000000, 39.72083616136811202, -20.55320356845895802 ) ) ;
#457 =( NAMED_UNIT ( * ) PLANE_ANGLE_UNIT ( ) SI_UNIT ( $, .RADIAN. ) );
#458 = CARTESIAN_POINT ( 'NONE',  ( -18.74136807234397750, 41.47178279568640136, -20.82508120875959179 ) ) ;
#459 = DIRECTION ( 'NONE',  ( 1.000000000000000000, 4.336808689942019662E-19, -2.407412430484050162E-35 ) ) ;
#460 = CARTESIAN_POINT ( 'NONE',  ( -19.00000047586969742, 51.04335651459167877, -16.98541531084589806 ) ) ;
#461 =( LENGTH_UNIT ( ) NAMED_UNIT ( * ) SI_UNIT ( .MILLI., .METRE. ) );
#462 = ORIENTED_EDGE ( 'NONE', *, *, #4143, .F. ) ;
#463 = ORIENTED_EDGE ( 'NONE', *, *, #710, .T. ) ;
#464 = CARTESIAN_POINT ( 'NONE',  ( 23.99999952413039850, 73.35963260478160919, 12.36175007259169689 ) ) ;
#465 =( NAMED_UNIT ( * ) PLANE_ANGLE_UNIT ( ) SI_UNIT ( $, .RADIAN. ) );
#466 = LINE ( 'NONE', #4063, #5773 ) ;
#467 = CONICAL_SURFACE ( 'NONE', #1682, 4.000000000000038192, 0.7853981633974513876 ) ;
#468 = EDGE_CURVE ( 'NONE', #4423, #5341, #1, .T. ) ;
#469 = B_SPLINE_CURVE_WITH_KNOTS ( 'NONE', 3,
 ( #5157, #1992, #2527, #2022 ),
 .UNSPECIFIED., .F., .F.,
 ( 4, 4 ),
 ( 0.000000000000000000, 0.001415254951953921194 ),
 .UNSPECIFIED. ) ;
#470 = FILL_AREA_STYLE ('',( #4463 ) ) ;
#471 = ORIENTED_EDGE ( 'NONE', *, *, #2849, .F. ) ;
#472 = SURFACE_SIDE_STYLE ('',( #4844 ) ) ;
#473 = EDGE_CURVE ( 'NONE', #4615, #4567, #1902, .T. ) ;
#474 = EDGE_CURVE ( 'NONE', #4874, #40, #5531, .T. ) ;
#475 = SURFACE_STYLE_FILL_AREA ( #2714 ) ;
#476 = ORIENTED_EDGE ( 'NONE', *, *, #4080, .T. ) ;
#477 = FACE_BOUND ( 'NONE', #5127, .T. ) ;
#478 = FILL_AREA_STYLE ('',( #4881 ) ) ;
#479 = CIRCLE ( 'NONE', #1509, 3.000000000000003553 ) ;
#480 = PRESENTATION_STYLE_ASSIGNMENT (( #2387 ) ) ;
#481 = CARTESIAN_POINT ( 'NONE',  ( -20.36384906854302201, 44.96792271997455970, -20.10814376565950923 ) ) ;
#482 = VERTEX_POINT ( 'NONE', #4518 ) ;
#483 =( NAMED_UNIT ( * ) SI_UNIT ( $, .STERADIAN. ) SOLID_ANGLE_UNIT ( ) );
#484 = AXIS2_PLACEMENT_3D ( 'NONE', #1665, #2105, #1249 ) ;
#485 = DIRECTION ( 'NONE',  ( 0.000000000000000000, 0.000000000000000000, -1.000000000000000000 ) ) ;
#486 = CLOSED_SHELL ( 'NONE', ( #4411, #2048, #3822, #4526, #4274, #5642, #2298, #4008, #4043, #513, #714, #153, #3366, #4597, #3888, #1414, #692, #1737, #4322, #4670, #4697, #3784, #225, #3406, #2910, #4664, #1076, #858, #3596, #649, #2013, #4147, #5552, #4740, #4379, #1186, #2743, #1153, #3480, #5489, #2557, #5215, #144, #3522, #326, #1645, #938, #3232, #2078, #4559, #5170, #2701, #5414, #4253, #579, #2414, #1337, #5274, #2089, #3439, #1506, #4591, #1663, #2994, #1833, #5167, #3970, #506, #1009, #853, #437, #2522, #4736, #5779, #4241, #87, #2333, #3085, #2443, #2053, #1581, #821, #2021, #4728, #2480, #5665, #4776, #2345, #1049, #2991, #185, #1653, #4923, #431, #1334, #2884, #3024, #2130, #2916, #5604, #2087, #2328, #5812, #582, #5029, #3624, #2262, #1107, #1039, #1845, #3837, #179, #5421, #4640, #5635, #5484, #3489, #3161, #3062, #614, #5593, #5140, #4993, #5424, #3702, #5671, #5163, #3852, #1881, #4382, #5555, #2485, #2781, #3857, #3736, #823, #4211, #4486, #4169, #1948, #2410, #1798, #3653, #868, #3373 ) ) ;
#487 = DIRECTION ( 'NONE',  ( 0.000000000000000000, 0.000000000000000000, -1.000000000000000000 ) ) ;
#488 = CYLINDRICAL_SURFACE ( 'NONE', #435, 5.999999999999998224 ) ;
#489 = DIRECTION ( 'NONE',  ( 2.168392568715800493E-19, -0.4999972845804250832, 0.8660269715269852675 ) ) ;
#490 = DIRECTION ( 'NONE',  ( 1.000000000000000000, 0.000000000000000000, 0.000000000000000000 ) ) ;
#491 =( NAMED_UNIT ( * ) PLANE_ANGLE_UNIT ( ) SI_UNIT ( $, .RADIAN. ) );
#492 = ORIENTED_EDGE ( 'NONE', *, *, #5452, .T. ) ;
#493 = ORIENTED_EDGE ( 'NONE', *, *, #4967, .T. ) ;
#494 = FACE_OUTER_BOUND ( 'NONE', #110, .T. ) ;
#495 = CYLINDRICAL_SURFACE ( 'NONE', #5538, 6.999999999999999112 ) ;
#496 = DIRECTION ( 'NONE',  ( -1.000000000000000000, -4.336808689942019662E-19, 2.407412430484050162E-35 ) ) ;
#497 = CARTESIAN_POINT ( 'NONE',  ( 19.50000000000000000, -5.741665502431001045, 22.91461417152277136 ) ) ;
#498 = ORIENTED_EDGE ( 'NONE', *, *, #3276, .T. ) ;
#499 = STYLED_ITEM ( 'NONE', ( #720 ), #2298 ) ;
#500 = DIRECTION ( 'NONE',  ( -1.000000000000000000, 0.000000000000000000, 0.000000000000000000 ) ) ;
#501 = PRESENTATION_LAYER_ASSIGNMENT (  '', '', ( #4173 ) ) ;
#502 = DIRECTION ( 'NONE',  ( -1.000000000000000000, 0.000000000000000000, 0.000000000000000000 ) ) ;
#503 = CARTESIAN_POINT ( 'NONE',  ( -0.001302525911494698853, -50.96946932731190572, 17.58353990612919659 ) ) ;
#504 = EDGE_CURVE ( 'NONE', #592, #2846, #552, .T. ) ;
#505 = ORIENTED_EDGE ( 'NONE', *, *, #726, .F. ) ;
#506 = ADVANCED_FACE ( 'NONE', ( #4144 ), #5016, .F. ) ;
#507 = CARTESIAN_POINT ( 'NONE',  ( 18.50000000000001421, 42.27079934983056830, -15.12202618804811571 ) ) ;
#508 =( NAMED_UNIT ( * ) SI_UNIT ( $, .STERADIAN. ) SOLID_ANGLE_UNIT ( ) );
#509 = AXIS2_PLACEMENT_3D ( 'NONE', #840, #2114, #3919 ) ;
#510 = SURFACE_SIDE_STYLE ('',( #1395 ) ) ;
#511 = CARTESIAN_POINT ( 'NONE',  ( -21.49854447586969997, 52.04538411007450804, -9.478707909626702843 ) ) ;
#512 = EDGE_LOOP ( 'NONE', ( #301, #4219, #1271, #1703 ) ) ;
#513 = ADVANCED_FACE ( 'NONE', ( #3525 ), #1793, .F. ) ;
#514 = FACE_BOUND ( 'NONE', #3687, .T. ) ;
#515 = DIRECTION ( 'NONE',  ( -1.000000000000000000, -0.000000000000000000, -0.000000000000000000 ) ) ;
#516 = CARTESIAN_POINT ( 'NONE',  ( -19.50000000000000000, -10.96946932730703317, 28.36178214484647597 ) ) ;
#517 = DIRECTION ( 'NONE',  ( 3.755793295842399036E-19, -0.8660269715269851565, -0.4999972845804250832 ) ) ;
#518 = VERTEX_POINT ( 'NONE', #2148 ) ;
#519 = ORIENTED_EDGE ( 'NONE', *, *, #2301, .T. ) ;
#520 = VECTOR ( 'NONE', #5525, 1000.000000000000114 ) ;
#521 = MECHANICAL_DESIGN_GEOMETRIC_PRESENTATION_REPRESENTATION (  '', ( #4646 ), #3431 ) ;
#522 = CARTESIAN_POINT ( 'NONE',  ( 21.50145552413040306, 47.96698619673291120, 1.585765572708199622 ) ) ;
#523 = CARTESIAN_POINT ( 'NONE',  ( 16.91939485923748165, -26.62172815897734779, 17.38353990612920086 ) ) ;
#524 = LINE ( 'NONE', #5051, #2117 ) ;
#525 = FILL_AREA_STYLE_COLOUR ( '', #378 ) ;
#526 = ORIENTED_EDGE ( 'NONE', *, *, #5668, .F. ) ;
#527 = STYLED_ITEM ( 'NONE', ( #952 ), #5170 ) ;
#528 = STYLED_ITEM ( 'NONE', ( #415 ), #858 ) ;
#529 = DIRECTION ( 'NONE',  ( 0.000000000000000000, -0.7095709740235808249, 0.7046339708126672097 ) ) ;
#530 = AXIS2_PLACEMENT_3D ( 'NONE', #772, #4389, #2158 ) ;
#531 = AXIS2_PLACEMENT_3D ( 'NONE', #2356, #5518, #129 ) ;
#532 =( NAMED_UNIT ( * ) SI_UNIT ( $, .STERADIAN. ) SOLID_ANGLE_UNIT ( ) );
#533 = ORIENTED_EDGE ( 'NONE', *, *, #648, .T. ) ;
#534 = AXIS2_PLACEMENT_3D ( 'NONE', #4861, #3943, #3971 ) ;
#535 =( NAMED_UNIT ( * ) PLANE_ANGLE_UNIT ( ) SI_UNIT ( $, .RADIAN. ) );
#536 = DIRECTION ( 'NONE',  ( -0.7071067811865443531, -0.4982514590160431189, -0.5017424474652195654 ) ) ;
#537 = EDGE_CURVE ( 'NONE', #3137, #4900, #5723, .T. ) ;
#538 = FACE_OUTER_BOUND ( 'NONE', #63, .T. ) ;
#539 = EDGE_CURVE ( 'NONE', #5480, #4131, #51, .T. ) ;
#540 = CARTESIAN_POINT ( 'NONE',  ( 19.73648337914254114, 32.86552691520721226, -4.077809753118709857 ) ) ;
#541 = CARTESIAN_POINT ( 'NONE',  ( 19.76913127255259894, 42.25861126595933115, -20.37938713943432845 ) ) ;
#542 = ORIENTED_EDGE ( 'NONE', *, *, #3194, .F. ) ;
#543 = DIRECTION ( 'NONE',  ( 1.000000000000000000, -0.000000000000000000, -0.000000000000000000 ) ) ;
#544 = FACE_BOUND ( 'NONE', #3748, .T. ) ;
#545 = DIRECTION ( 'NONE',  ( 2.168392568715800493E-19, -0.4999972845804250832, 0.8660269715269852675 ) ) ;
#546 = EDGE_CURVE ( 'NONE', #4713, #518, #2354, .T. ) ;
#547 = DIRECTION ( 'NONE',  ( -0.7071067811865432429, 3.894565278375799154E-17, 0.7071067811865517916 ) ) ;
#548 = SURFACE_STYLE_FILL_AREA ( #4573 ) ;
#549 = ORIENTED_EDGE ( 'NONE', *, *, #847, .T. ) ;
#550 = VERTEX_POINT ( 'NONE', #967 ) ;
#551 = ORIENTED_EDGE ( 'NONE', *, *, #36, .F. ) ;
#552 = LINE ( 'NONE', #52, #3290 ) ;
#553 = DIRECTION ( 'NONE',  ( 1.000000000000000000, 0.000000000000000000, 0.000000000000000000 ) ) ;
#554 = CARTESIAN_POINT ( 'NONE',  ( -18.19984700178149950, -26.62172815897734779, 13.88353990612919908 ) ) ;
#555 = DIRECTION ( 'NONE',  ( -0.5773502691896233996, 0.5773502691896235106, 0.5773502691896303940 ) ) ;
#556 = PRESENTATION_STYLE_ASSIGNMENT (( #4582 ) ) ;
#557 = ORIENTED_EDGE ( 'NONE', *, *, #118, .F. ) ;
#558 = LINE ( 'NONE', #1416, #2838 ) ;
#559 = CYLINDRICAL_SURFACE ( 'NONE', #4122, 130.0140298539000128 ) ;
#560 = CARTESIAN_POINT ( 'NONE',  ( -9.998544475869659109, 67.67107436791040698, -7.385467446900160660 ) ) ;
#561 = UNCERTAINTY_MEASURE_WITH_UNIT (LENGTH_MEASURE( 1.000000000000000082E-05 ), #3610, 'distance_accuracy_value', 'NONE');
#562 = EDGE_LOOP ( 'NONE', ( #4302, #5722, #846, #3689, #3225, #1396, #2239, #1044, #1850, #3192, #5225, #4397, #911, #4032, #10, #2221, #347 ) ) ;
#563 = DIRECTION ( 'NONE',  ( -4.336808689942019662E-19, 1.000000000000000000, -5.551115123125790098E-17 ) ) ;
#564 = SURFACE_SIDE_STYLE ('',( #4589 ) ) ;
#565 =( LENGTH_UNIT ( ) NAMED_UNIT ( * ) SI_UNIT ( .MILLI., .METRE. ) );
#566 = AXIS2_PLACEMENT_3D ( 'NONE', #3196, #4172, #5446 ) ;
#567 = DIRECTION ( 'NONE',  ( 2.168392568715800493E-19, -0.4999972845804250832, 0.8660269715269852675 ) ) ;
#568 = FACE_OUTER_BOUND ( 'NONE', #2431, .T. ) ;
#569 = VERTEX_POINT ( 'NONE', #4969 ) ;
#570 = VECTOR ( 'NONE', #4090, 1000.000000000000000 ) ;
#571 = CYLINDRICAL_SURFACE ( 'NONE', #962, 3.000000000000001332 ) ;
#572 = DIRECTION ( 'NONE',  ( -1.000000000000000000, 0.000000000000000000, 0.000000000000000000 ) ) ;
#573 = EDGE_CURVE ( 'NONE', #2396, #2681, #4642, .T. ) ;
#574 = VECTOR ( 'NONE', #4182, 1000.000000000000114 ) ;
#575 = FILL_AREA_STYLE_COLOUR ( '', #325 ) ;
#576 = LINE ( 'NONE', #5618, #4204 ) ;
#577 = ORIENTED_EDGE ( 'NONE', *, *, #3891, .F. ) ;
#578 = ORIENTED_EDGE ( 'NONE', *, *, #539, .F. ) ;
#579 = ADVANCED_FACE ( 'NONE', ( #5512 ), #2741, .F. ) ;
#580 = FILL_AREA_STYLE ('',( #4123 ) ) ;
#581 = CYLINDRICAL_SURFACE ( 'NONE', #2176, 3.000000000000001332 ) ;
#582 = ADVANCED_FACE ( 'NONE', ( #1861 ), #1040, .T. ) ;
#583 =( LENGTH_UNIT ( ) NAMED_UNIT ( * ) SI_UNIT ( .MILLI., .METRE. ) );
#584 = DIRECTION ( 'NONE',  ( 0.000000000000000000, 0.000000000000000000, -1.000000000000000000 ) ) ;
#585 = EDGE_LOOP ( 'NONE', ( #5601, #4033, #1246, #4328 ) ) ;
#586 = FILL_AREA_STYLE_COLOUR ( '', #3867 ) ;
#587 = AXIS2_PLACEMENT_3D ( 'NONE', #1011, #1981, #2425 ) ;
#588 = PRESENTATION_STYLE_ASSIGNMENT (( #1473 ) ) ;
#589 = CARTESIAN_POINT ( 'NONE',  ( 93.68306822113039800, 98.48381355103299484, 9.249448549590898239 ) ) ;
#590 = CARTESIAN_POINT ( 'NONE',  ( 20.34377388537584608, 33.82603836059913505, -3.523262227124692281 ) ) ;
#591 = VECTOR ( 'NONE', #3217, 1000.000000000000000 ) ;
#592 = VERTEX_POINT ( 'NONE', #3838 ) ;
#593 = LINE ( 'NONE', #3772, #397 ) ;
#594 = CARTESIAN_POINT ( 'NONE',  ( 19.84532930642575721, 33.06049909756041671, -4.169350104860502171 ) ) ;
#595 = CARTESIAN_POINT ( 'NONE',  ( -0.001302525911494698853, -50.96946932731190572, 16.38353990612920086 ) ) ;
#596 = EDGE_LOOP ( 'NONE', ( #3209, #332, #1670, #3924, #1804 ) ) ;
#597 = CARTESIAN_POINT ( 'NONE',  ( -19.15791834148040351, 40.90867331175898869, -20.28753188475382174 ) ) ;
#598 = DIRECTION ( 'NONE',  ( -0.7071067811865507924, 0.4982514590160382340, 0.5017424474652156796 ) ) ;
#599 = AXIS2_PLACEMENT_3D ( 'NONE', #4613, #1026, #4101 ) ;
#600 = AXIS2_PLACEMENT_3D ( 'NONE', #1273, #4851, #5786 ) ;
#601 = CARTESIAN_POINT ( 'NONE',  ( 18.50000000000001421, -6.969469327306998530, 28.36178214484647597 ) ) ;
#602 = LINE ( 'NONE', #2336, #37 ) ;
#603 =( NAMED_UNIT ( * ) PLANE_ANGLE_UNIT ( ) SI_UNIT ( $, .RADIAN. ) );
#604 = SURFACE_STYLE_FILL_AREA ( #227 ) ;
#605 = ORIENTED_EDGE ( 'NONE', *, *, #5770, .T. ) ;
#606 = ORIENTED_EDGE ( 'NONE', *, *, #3995, .F. ) ;
#607 = VECTOR ( 'NONE', #3972, 1000.000000000000227 ) ;
#608 = CARTESIAN_POINT ( 'NONE',  ( 19.50010908410337507, 40.11914447778917037, -19.63535783982046468 ) ) ;
#609 = CARTESIAN_POINT ( 'NONE',  ( -18.50000000000002842, -26.62172815897734779, 13.88353990612919908 ) ) ;
#610 = EDGE_CURVE ( 'NONE', #4959, #3105, #3802, .T. ) ;
#611 = LINE ( 'NONE', #1165, #3839 ) ;
#612 = CIRCLE ( 'NONE', #3326, 1.650000000000000355 ) ;
#613 = ORIENTED_EDGE ( 'NONE', *, *, #298, .T. ) ;
#614 = ADVANCED_FACE ( 'NONE', ( #4233 ), #4264, .F. ) ;
#615 = CARTESIAN_POINT ( 'NONE',  ( 23.26179891192943217, 40.54341317853504734, 1.201150883449708218 ) ) ;
#616 = VECTOR ( 'NONE', #5767, 1000.000000000000000 ) ;
#617 = CARTESIAN_POINT ( 'NONE',  ( 6.601455528366299674, 67.42107572350370504, -6.952453957474550528 ) ) ;
#618 = UNCERTAINTY_MEASURE_WITH_UNIT (LENGTH_MEASURE( 1.000000000000000082E-05 ), #988, 'distance_accuracy_value', 'NONE');
#619 = EDGE_CURVE ( 'NONE', #4319, #48, #3966, .T. ) ;
#620 = AXIS2_PLACEMENT_3D ( 'NONE', #3608, #5476, #5365 ) ;
#621 = CARTESIAN_POINT ( 'NONE',  ( -19.12510064677983124, 43.27675241916261228, -21.03731094715934802 ) ) ;
#622 = CYLINDRICAL_SURFACE ( 'NONE', #3882, 2.899999999999999911 ) ;
#623 =( LENGTH_UNIT ( ) NAMED_UNIT ( * ) SI_UNIT ( .MILLI., .METRE. ) );
#624 = MECHANICAL_DESIGN_GEOMETRIC_PRESENTATION_REPRESENTATION (  '', ( #4378 ), #1179 ) ;
#625 = FACE_OUTER_BOUND ( 'NONE', #252, .T. ) ;
#626 = CARTESIAN_POINT ( 'NONE',  ( 23.99999952413039850, 53.33827736951398890, -7.717651007760040649 ) ) ;
#627 = EDGE_LOOP ( 'NONE', ( #2257, #2908, #877, #5689, #5664, #4469 ) ) ;
#628 = CIRCLE ( 'NONE', #907, 0.9999999999999957812 ) ;
#629 = PRESENTATION_STYLE_ASSIGNMENT (( #4247 ) ) ;
#630 = LINE ( 'NONE', #1124, #3395 ) ;
#631 =( LENGTH_UNIT ( ) NAMED_UNIT ( * ) SI_UNIT ( .MILLI., .METRE. ) );
#632 = FACE_OUTER_BOUND ( 'NONE', #861, .T. ) ;
#633 = ORIENTED_EDGE ( 'NONE', *, *, #41, .F. ) ;
#634 = VERTEX_POINT ( 'NONE', #3346 ) ;
#635 = ORIENTED_EDGE ( 'NONE', *, *, #2740, .F. ) ;
#636 = DIRECTION ( 'NONE',  ( 1.000000000000000000, 0.000000000000000000, 0.000000000000000000 ) ) ;
#637 = VECTOR ( 'NONE', #188, 999.9999999999997726 ) ;
#638 = CARTESIAN_POINT ( 'NONE',  ( 19.07376050095528797, 41.06379560110460147, -20.41510067402562356 ) ) ;
#639 = MECHANICAL_DESIGN_GEOMETRIC_PRESENTATION_REPRESENTATION (  '', ( #2047 ), #3941 ) ;
#640 = FACE_OUTER_BOUND ( 'NONE', #1454, .T. ) ;
#641 = CARTESIAN_POINT ( 'NONE',  ( -15.50000046636033524, 87.78251900566694133, 5.380494897636677543 ) ) ;
#642 = ORIENTED_EDGE ( 'NONE', *, *, #2771, .F. ) ;
#643 = FACE_OUTER_BOUND ( 'NONE', #1015, .T. ) ;
#644 = SURFACE_STYLE_USAGE ( .BOTH. , #2085 ) ;
#645 = VECTOR ( 'NONE', #4804, 1000.000000000000000 ) ;
#646 = EDGE_CURVE ( 'NONE', #3865, #4425, #2892, .T. ) ;
#647 = SURFACE_STYLE_FILL_AREA ( #2911 ) ;
#648 = EDGE_CURVE ( 'NONE', #5346, #3819, #3928, .T. ) ;
#649 = ADVANCED_FACE ( 'NONE', ( #5112 ), #1084, .T. ) ;
#650 = CARTESIAN_POINT ( 'NONE',  ( -24.00000047586969742, 50.54335923001125508, -16.11938833931890969 ) ) ;
#651 = VECTOR ( 'NONE', #4366, 1000.000000000000114 ) ;
#652 = FILL_AREA_STYLE ('',( #1119 ) ) ;
#653 = CARTESIAN_POINT ( 'NONE',  ( 14.50086736455030056, 44.54542484137370906, 3.511696663276298480 ) ) ;
#654 = ORIENTED_EDGE ( 'NONE', *, *, #5203, .T. ) ;
#655 = DIRECTION ( 'NONE',  ( 3.755793295842399036E-19, -0.8660269715269851565, -0.4999972845804250277 ) ) ;
#656 = VECTOR ( 'NONE', #4426, 999.9999999999998863 ) ;
#657 = CARTESIAN_POINT ( 'NONE',  ( 0.001455524130052702689, 45.27078305731311048, -20.31818801721002998 ) ) ;
#658 = DIRECTION ( 'NONE',  ( 1.000000000000000000, 4.336808689942019662E-19, -5.135813185032630367E-34 ) ) ;
#659 = DIRECTION ( 'NONE',  ( -0.7071067811865475727, -0.7071067811865474617, 3.925231146709442231E-17 ) ) ;
#660 = SURFACE_STYLE_USAGE ( .BOTH. , #2518 ) ;
#661 = DIRECTION ( 'NONE',  ( -1.000000000000000000, -4.336808689942019662E-19, 0.000000000000000000 ) ) ;
#662 = ORIENTED_EDGE ( 'NONE', *, *, #423, .F. ) ;
#663 = AXIS2_PLACEMENT_3D ( 'NONE', #130, #2867, #5117 ) ;
#664 = ORIENTED_EDGE ( 'NONE', *, *, #681, .T. ) ;
#665 = DIRECTION ( 'NONE',  ( 0.000000000000000000, 0.8660269715269851565, 0.4999972845804249166 ) ) ;
#666 = CARTESIAN_POINT ( 'NONE',  ( 18.69685236494888869, 41.53061261850680097, -20.87780566657196601 ) ) ;
#667 =( GEOMETRIC_REPRESENTATION_CONTEXT ( 3 ) GLOBAL_UNCERTAINTY_ASSIGNED_CONTEXT ( ( #3096 ) ) GLOBAL_UNIT_ASSIGNED_CONTEXT ( ( #2798, #3664, #3144 ) ) REPRESENTATION_CONTEXT ( 'NONE', 'WORKASPACE' ) );
#668 = SURFACE_SIDE_STYLE ('',( #4207 ) ) ;
#669 = SURFACE_SIDE_STYLE ('',( #4691 ) ) ;
#670 = ORIENTED_EDGE ( 'NONE', *, *, #393, .F. ) ;
#671 = PRESENTATION_LAYER_ASSIGNMENT (  '', '', ( #1047 ) ) ;
#672 = MECHANICAL_DESIGN_GEOMETRIC_PRESENTATION_REPRESENTATION (  '', ( #4990 ), #1415 ) ;
#673 = DIRECTION ( 'NONE',  ( -1.000000000000000000, 0.000000000000000000, 0.000000000000000000 ) ) ;
#674 = CONICAL_SURFACE ( 'NONE', #1338, 3.999999999999988010, 0.7853981633974556065 ) ;
#675 = CARTESIAN_POINT ( 'NONE',  ( 15.49999952413029902, 70.42134405610555348, 18.45105740925516713 ) ) ;
#676 = DIRECTION ( 'NONE',  ( -2.168392568715800012E-19, 0.4999972845804249721, -0.8660269715269850455 ) ) ;
#677 = UNCERTAINTY_MEASURE_WITH_UNIT (LENGTH_MEASURE( 1.000000000000000082E-05 ), #5807, 'distance_accuracy_value', 'NONE');
#678 = FILL_AREA_STYLE_COLOUR ( '', #26 ) ;
#679 = EDGE_LOOP ( 'NONE', ( #5202, #3840, #1789, #4601 ) ) ;
#680 = DIRECTION ( 'NONE',  ( -1.000000000000000000, 0.000000000000000000, 0.000000000000000000 ) ) ;
#681 = EDGE_CURVE ( 'NONE', #4072, #5173, #1846, .T. ) ;
#682 = DIRECTION ( 'NONE',  ( -1.000000000000000000, -0.000000000000000000, -0.000000000000000000 ) ) ;
#683 = ORIENTED_EDGE ( 'NONE', *, *, #2771, .T. ) ;
#684 = EDGE_CURVE ( 'NONE', #3145, #2805, #1471, .T. ) ;
#685 = PRESENTATION_LAYER_ASSIGNMENT (  '', '', ( #3036 ) ) ;
#686 = CARTESIAN_POINT ( 'NONE',  ( -20.37975173488209890, 43.39115338045664316, -20.12021721781715300 ) ) ;
#687 = DIRECTION ( 'NONE',  ( 1.000000000000000000, 0.000000000000000000, 0.000000000000000000 ) ) ;
#688 = DIRECTION ( 'NONE',  ( -0.4281334543880729315, 0.9037155222932357068, 0.000000000000000000 ) ) ;
#689 = DIRECTION ( 'NONE',  ( 2.168392568715800493E-19, -0.4999972845804250832, 0.8660269715269851565 ) ) ;
#690 = ORIENTED_EDGE ( 'NONE', *, *, #3203, .T. ) ;
#691 = ORIENTED_EDGE ( 'NONE', *, *, #5492, .T. ) ;
#692 = ADVANCED_FACE ( 'NONE', ( #1464 ), #1352, .T. ) ;
#693 = VERTEX_POINT ( 'NONE', #4490 ) ;
#694 = DIRECTION ( 'NONE',  ( -1.000000000000000000, 0.000000000000000000, 0.000000000000000000 ) ) ;
#695 = CARTESIAN_POINT ( 'NONE',  ( -20.37976666451678653, 33.94685719991051087, -3.762043356697709395 ) ) ;
#696 = DIRECTION ( 'NONE',  ( 0.000000000000000000, -5.551115123125790098E-17, -1.000000000000000000 ) ) ;
#697 = PRESENTATION_STYLE_ASSIGNMENT (( #3368 ) ) ;
#698 = ORIENTED_EDGE ( 'NONE', *, *, #2335, .F. ) ;
#699 = ORIENTED_EDGE ( 'NONE', *, *, #2944, .F. ) ;
#700 = LINE ( 'NONE', #2059, #3187 ) ;
#701 = MECHANICAL_DESIGN_GEOMETRIC_PRESENTATION_REPRESENTATION (  '', ( #5015 ), #5663 ) ;
#702 = CARTESIAN_POINT ( 'NONE',  ( -9.998544475869659109, 67.67107436791040698, -7.385467446900160660 ) ) ;
#703 = AXIS2_PLACEMENT_3D ( 'NONE', #2950, #3009, #4797 ) ;
#704 = EDGE_LOOP ( 'NONE', ( #718, #613, #2996, #228, #313, #4335 ) ) ;
#705 = STYLED_ITEM ( 'NONE', ( #5415 ), #2089 ) ;
#706 = ORIENTED_EDGE ( 'NONE', *, *, #5564, .T. ) ;
#707 = CIRCLE ( 'NONE', #1085, 129.0140355387000568 ) ;
#708 = COLOUR_RGB ( '',0.9254901960784314152, 0.9254901960784314152, 0.9254901960784314152 ) ;
#709 = CARTESIAN_POINT ( 'NONE',  ( -19.15791834148036443, 40.90867331175893185, -20.28753188475385727 ) ) ;
#710 = EDGE_CURVE ( 'NONE', #2289, #2389, #466, .T. ) ;
#711 = CARTESIAN_POINT ( 'NONE',  ( -19.50000000000000000, -26.62172815897734779, 14.88353990612918487 ) ) ;
#712 = DIRECTION ( 'NONE',  ( 0.000000000000000000, 0.4999972846292964901, -0.8660269714987693934 ) ) ;
#713 = MECHANICAL_DESIGN_GEOMETRIC_PRESENTATION_REPRESENTATION (  '', ( #2977 ), #3922 ) ;
#714 = ADVANCED_FACE ( 'NONE', ( #3174 ), #930, .F. ) ;
#715 = COLOUR_RGB ( '',0.6274509803921568540, 0.6274509803921568540, 0.6274509803921568540 ) ;
#716 = DIRECTION ( 'NONE',  ( 1.000000000000000000, 4.336808689942019662E-19, -2.407412430484050162E-35 ) ) ;
#717 = ORIENTED_EDGE ( 'NONE', *, *, #3233, .T. ) ;
#718 = ORIENTED_EDGE ( 'NONE', *, *, #4951, .T. ) ;
#719 = CARTESIAN_POINT ( 'NONE',  ( -20.57033343978858753, 43.72990902517748424, -20.01018043795614076 ) ) ;
#720 = PRESENTATION_STYLE_ASSIGNMENT (( #1651 ) ) ;
#721 = EDGE_CURVE ( 'NONE', #2846, #3308, #5563, .T. ) ;
#722 = ORIENTED_EDGE ( 'NONE', *, *, #443, .F. ) ;
#723 = PLANE ( 'NONE',  #484 ) ;
#724 = B_SPLINE_CURVE_WITH_KNOTS ( 'NONE', 3,
 ( #2859, #2182, #3989, #2659, #2060, #2413, #3432, #5164, #3402, #2000 ),
 .UNSPECIFIED., .F., .F.,
 ( 4, 2, 2, 2, 4 ),
 ( 0.000000000000000000, 0.0003908441931253606475, 0.0007816883862507212951, 0.001172532579376081834, 0.001563376772501442590 ),
 .UNSPECIFIED. ) ;
#725 = CARTESIAN_POINT ( 'NONE',  ( 21.50145552413040306, 50.91259930156998337, -7.516306368526742610 ) ) ;
#726 = EDGE_CURVE ( 'NONE', #3978, #1485, #894, .T. ) ;
#727 = AXIS2_PLACEMENT_3D ( 'NONE', #4087, #2756, #2674 ) ;
#728 =( LENGTH_UNIT ( ) NAMED_UNIT ( * ) SI_UNIT ( .MILLI., .METRE. ) );
#729 = CARTESIAN_POINT ( 'NONE',  ( -0.001302525911494698853, -50.96946932731190572, 16.38353990612920086 ) ) ;
#730 = CARTESIAN_POINT ( 'NONE',  ( 19.50000000000000000, -26.62172815897734779, 14.88353990612920263 ) ) ;
#731 = ORIENTED_EDGE ( 'NONE', *, *, #3699, .F. ) ;
#732 = CARTESIAN_POINT ( 'NONE',  ( 21.50145552413040306, 69.84054059124160574, 14.21437664482089858 ) ) ;
#733 = ORIENTED_EDGE ( 'NONE', *, *, #3551, .T. ) ;
#734 = CARTESIAN_POINT ( 'NONE',  ( 19.25427382248716768, 43.57701162508337944, -20.97812983861787473 ) ) ;
#735 = CARTESIAN_POINT ( 'NONE',  ( -18.94030817092843577, 42.84192328839585429, -21.09488534517325675 ) ) ;
#736 = SURFACE_STYLE_FILL_AREA ( #1263 ) ;
#737 = UNCERTAINTY_MEASURE_WITH_UNIT (LENGTH_MEASURE( 1.000000000000000082E-05 ), #2199, 'distance_accuracy_value', 'NONE');
#738 = VERTEX_POINT ( 'NONE', #5625 ) ;
#739 = VECTOR ( 'NONE', #4341, 1000.000000000000000 ) ;
#740 = AXIS2_PLACEMENT_3D ( 'NONE', #2309, #1381, #1815 ) ;
#741 = DIRECTION ( 'NONE',  ( -1.000000000000000000, -4.336808689942010032E-19, -1.711937728344209980E-34 ) ) ;
#742 = ORIENTED_EDGE ( 'NONE', *, *, #537, .F. ) ;
#743 = FILL_AREA_STYLE ('',( #334 ) ) ;
#744 = DIRECTION ( 'NONE',  ( 0.000000000000000000, 0.000000000000000000, -1.000000000000000000 ) ) ;
#745 = PLANE ( 'NONE',  #4034 ) ;
#746 = VERTEX_POINT ( 'NONE', #3728 ) ;
#747 = VERTEX_POINT ( 'NONE', #2930 ) ;
#748 = EDGE_CURVE ( 'NONE', #5063, #2138, #2372, .T. ) ;
#749 = ORIENTED_EDGE ( 'NONE', *, *, #5315, .F. ) ;
#750 = CARTESIAN_POINT ( 'NONE',  ( 21.50105116441880071, 50.34598184577179580, -6.535235531936750775 ) ) ;
#751 = FILL_AREA_STYLE_COLOUR ( '', #4020 ) ;
#752 = DIRECTION ( 'NONE',  ( -1.000000000000000000, -0.000000000000000000, -0.000000000000000000 ) ) ;
#753 = EDGE_CURVE ( 'NONE', #3283, #634, #3393, .T. ) ;
#754 = CARTESIAN_POINT ( 'NONE',  ( 86.57447693970040348, 69.06407436996919103, 11.31660160054289932 ) ) ;
#755 = VERTEX_POINT ( 'NONE', #4716 ) ;
#756 = VERTEX_POINT ( 'NONE', #1105 ) ;
#757 = EDGE_CURVE ( 'NONE', #2988, #960, #5584, .T. ) ;
#758 = COLOUR_RGB ( '',0.9254901960784314152, 0.9254901960784314152, 0.9254901960784314152 ) ;
#759 = PRESENTATION_LAYER_ASSIGNMENT (  '', '', ( #2 ) ) ;
#760 = TOROIDAL_SURFACE ( 'NONE', #5440, 7.500000000000000888, 1.000000000000000000 ) ;
#761 = CARTESIAN_POINT ( 'NONE',  ( 18.49869747408848752, -16.46946932731194835, 17.38353990612920086 ) ) ;
#762 = DIRECTION ( 'NONE',  ( 0.7071067811865420216, 0.000000000000000000, 0.7071067811865531239 ) ) ;
#763 = DIRECTION ( 'NONE',  ( 1.000000000000000000, 4.336808689942014847E-19, 4.279844320860524949E-35 ) ) ;
#764 = ORIENTED_EDGE ( 'NONE', *, *, #819, .T. ) ;
#765 = ORIENTED_EDGE ( 'NONE', *, *, #4355, .F. ) ;
#766 = CIRCLE ( 'NONE', #3022, 1.649999999999998579 ) ;
#767 = AXIS2_PLACEMENT_3D ( 'NONE', #3354, #598, #3716 ) ;
#768 = DIRECTION ( 'NONE',  ( -3.755793295842399036E-19, 0.8660269715269851565, 0.4999972845804250832 ) ) ;
#769 = VERTEX_POINT ( 'NONE', #1522 ) ;
#770 = CARTESIAN_POINT ( 'NONE',  ( -19.48791030025850191, 41.65304140101810049, -20.37034573977007668 ) ) ;
#771 = FACE_OUTER_BOUND ( 'NONE', #2821, .T. ) ;
#772 = CARTESIAN_POINT ( 'NONE',  ( -9.998544475869659109, 66.17108251417249676, -4.787386532327980504 ) ) ;
#773 =( LENGTH_UNIT ( ) NAMED_UNIT ( * ) SI_UNIT ( .MILLI., .METRE. ) );
#774 = EDGE_LOOP ( 'NONE', ( #1545, #3524, #4067 ) ) ;
#775 = VECTOR ( 'NONE', #3575, 1000.000000000000000 ) ;
#776 = ORIENTED_EDGE ( 'NONE', *, *, #4765, .T. ) ;
#777 = MECHANICAL_DESIGN_GEOMETRIC_PRESENTATION_REPRESENTATION (  '', ( #499 ), #5374 ) ;
#778 = DIRECTION ( 'NONE',  ( 0.7071067811865457964, -0.7071067811865492381, 3.925231146709452708E-17 ) ) ;
#779 = CARTESIAN_POINT ( 'NONE',  ( -24.00000047586969032, 41.04341044254577042, 0.3351239000469099505 ) ) ;
#780 = LINE ( 'NONE', #4897, #4922 ) ;
#781 = LINE ( 'NONE', #1224, #651 ) ;
#782 = EDGE_LOOP ( 'NONE', ( #5295, #4849, #3031, #198 ) ) ;
#783 = ORIENTED_EDGE ( 'NONE', *, *, #5519, .T. ) ;
#784 = DIRECTION ( 'NONE',  ( 0.000000000000000000, 1.000000000000000000, -5.551115123125790098E-17 ) ) ;
#785 = CARTESIAN_POINT ( 'NONE',  ( -23.24951919837001668, 38.69561944061851477, -0.8677605916137249853 ) ) ;
#786 = EDGE_CURVE ( 'NONE', #4285, #94, #1648, .T. ) ;
#787 =( LENGTH_UNIT ( ) NAMED_UNIT ( * ) SI_UNIT ( .MILLI., .METRE. ) );
#788 = EDGE_CURVE ( 'NONE', #3023, #3215, #4189, .T. ) ;
#789 = SURFACE_STYLE_USAGE ( .BOTH. , #4374 ) ;
#790 = ORIENTED_EDGE ( 'NONE', *, *, #2740, .T. ) ;
#791 = ORIENTED_EDGE ( 'NONE', *, *, #1979, .T. ) ;
#792 =( GEOMETRIC_REPRESENTATION_CONTEXT ( 3 ) GLOBAL_UNCERTAINTY_ASSIGNED_CONTEXT ( ( #3505 ) ) GLOBAL_UNIT_ASSIGNED_CONTEXT ( ( #4038, #4096, #4492 ) ) REPRESENTATION_CONTEXT ( 'NONE', 'WORKASPACE' ) );
#793 = EDGE_CURVE ( 'NONE', #376, #4818, #4474, .T. ) ;
#794 = CIRCLE ( 'NONE', #2497, 29.65000000000000924 ) ;
#795 = ORIENTED_EDGE ( 'NONE', *, *, #3884, .F. ) ;
#796 = AXIS2_PLACEMENT_3D ( 'NONE', #2685, #4404, #4468 ) ;
#797 = DIRECTION ( 'NONE',  ( 9.251858538542940273E-16, -0.8660269715269850455, -0.4999972845804250832 ) ) ;
#798 = AXIS2_PLACEMENT_3D ( 'NONE', #950, #3599, #3682 ) ;
#799 =( NAMED_UNIT ( * ) SI_UNIT ( $, .STERADIAN. ) SOLID_ANGLE_UNIT ( ) );
#800 = LINE ( 'NONE', #5731, #5681 ) ;
#801 = DIRECTION ( 'NONE',  ( 0.000000000000000000, 0.4999972845804250832, -0.8660269715269851565 ) ) ;
#802 = VERTEX_POINT ( 'NONE', #382 ) ;
#803 = EDGE_LOOP ( 'NONE', ( #4363, #171, #2347, #5080 ) ) ;
#804 = UNCERTAINTY_MEASURE_WITH_UNIT (LENGTH_MEASURE( 1.000000000000000082E-05 ), #773, 'distance_accuracy_value', 'NONE');
#805 = COLOUR_RGB ( '',0.6274509803921568540, 0.6274509803921568540, 0.6274509803921568540 ) ;
#806 = SURFACE_SIDE_STYLE ('',( #4829 ) ) ;
#807 = COLOUR_RGB ( '',0.6274509803921568540, 0.6274509803921568540, 0.6274509803921568540 ) ;
#808 = SURFACE_STYLE_USAGE ( .BOTH. , #5656 ) ;
#809 = DIRECTION ( 'NONE',  ( -0.5773502691896300609, -0.5773502691896342798, -0.5773502691896129635 ) ) ;
#810 = CARTESIAN_POINT ( 'NONE',  ( 24.00145552413039951, 75.36698101602149791, 8.884895459591799494 ) ) ;
#811 = CARTESIAN_POINT ( 'NONE',  ( 18.99999952413030258, 40.54341353840400330, 1.201151091218639611 ) ) ;
#812 = VERTEX_POINT ( 'NONE', #2719 ) ;
#813 = ORIENTED_EDGE ( 'NONE', *, *, #3628, .F. ) ;
#814 = COLOUR_RGB ( '',0.9254901960784314152, 0.9254901960784314152, 0.9254901960784314152 ) ;
#815 =( NAMED_UNIT ( * ) SI_UNIT ( $, .STERADIAN. ) SOLID_ANGLE_UNIT ( ) );
#816 = FACE_OUTER_BOUND ( 'NONE', #2093, .T. ) ;
#817 = SURFACE_STYLE_FILL_AREA ( #1675 ) ;
#818 = ORIENTED_EDGE ( 'NONE', *, *, #1686, .T. ) ;
#819 = EDGE_CURVE ( 'NONE', #2558, #4072, #4882, .T. ) ;
#820 =( LENGTH_UNIT ( ) NAMED_UNIT ( * ) SI_UNIT ( .MILLI., .METRE. ) );
#821 = ADVANCED_FACE ( 'NONE', ( #449, #914, #2248 ), #1364, .T. ) ;
#822 = ORIENTED_EDGE ( 'NONE', *, *, #2600, .F. ) ;
#823 = ADVANCED_FACE ( 'NONE', ( #3425 ), #5, .T. ) ;
#824 = FILL_AREA_STYLE_COLOUR ( '', #411 ) ;
#825 = CARTESIAN_POINT ( 'NONE',  ( 18.99999952413030258, 41.04341082298441989, 0.3351241196916585063 ) ) ;
#826 = FILL_AREA_STYLE ('',( #854 ) ) ;
#827 =( NAMED_UNIT ( * ) SI_UNIT ( $, .STERADIAN. ) SOLID_ANGLE_UNIT ( ) );
#828 = CARTESIAN_POINT ( 'NONE',  ( 20.06783390045123738, 45.27078305731311048, -20.31818801721002998 ) ) ;
#829 = CARTESIAN_POINT ( 'NONE',  ( -20.06994559683848323, 45.27078305731311048, -20.31818801721002998 ) ) ;
#830 = ORIENTED_EDGE ( 'NONE', *, *, #3517, .T. ) ;
#831 = DIRECTION ( 'NONE',  ( 2.168392568715800493E-19, -0.4999972845804250832, 0.8660269715269852675 ) ) ;
#832 = FILL_AREA_STYLE ('',( #751 ) ) ;
#833 = PLANE ( 'NONE',  #3614 ) ;
#834 = FACE_OUTER_BOUND ( 'NONE', #4351, .T. ) ;
#835 = CARTESIAN_POINT ( 'NONE',  ( -19.50040162425221268, 40.14600071395497594, -19.64764378963148772 ) ) ;
#836 = DIRECTION ( 'NONE',  ( -0.000000000000000000, 0.4999972845804188104, -0.8660269715269885982 ) ) ;
#837 = ORIENTED_EDGE ( 'NONE', *, *, #4676, .F. ) ;
#838 = VERTEX_POINT ( 'NONE', #4748 ) ;
#839 = DIRECTION ( 'NONE',  ( 2.168392568715800252E-19, -0.4999972845804250277, 0.8660269715269851565 ) ) ;
#840 = CARTESIAN_POINT ( 'NONE',  ( -19.00000047586969742, 51.54335379917549176, -17.85144228237874131 ) ) ;
#841 = VECTOR ( 'NONE', #1018, 1000.000000000000000 ) ;
#842 = LINE ( 'NONE', #5721, #4729 ) ;
#843 = B_SPLINE_CURVE_WITH_KNOTS ( 'NONE', 3,
 ( #5206, #1717, #4735, #1241 ),
 .UNSPECIFIED., .F., .F.,
 ( 4, 4 ),
 ( 0.000000000000000000, 0.9487179448923537262 ),
 .UNSPECIFIED. ) ;
#844 = CARTESIAN_POINT ( 'NONE',  ( 15.49999952413029902, 70.92134134068597007, 17.58503043772818941 ) ) ;
#845 = ORIENTED_EDGE ( 'NONE', *, *, #1918, .T. ) ;
#846 = ORIENTED_EDGE ( 'NONE', *, *, #4445, .T. ) ;
#847 = EDGE_CURVE ( 'NONE', #2655, #5498, #5232, .T. ) ;
#848 = LINE ( 'NONE', #5753, #3329 ) ;
#849 = ORIENTED_EDGE ( 'NONE', *, *, #4845, .F. ) ;
#850 = VECTOR ( 'NONE', #410, 1000.000000000000114 ) ;
#851 = SURFACE_SIDE_STYLE ('',( #3182 ) ) ;
#852 = SURFACE_STYLE_FILL_AREA ( #478 ) ;
#853 = ADVANCED_FACE ( 'NONE', ( #1394 ), #2658, .F. ) ;
#854 = FILL_AREA_STYLE_COLOUR ( '', #4106 ) ;
#855 =( LENGTH_UNIT ( ) NAMED_UNIT ( * ) SI_UNIT ( .MILLI., .METRE. ) );
#856 = MECHANICAL_DESIGN_GEOMETRIC_PRESENTATION_REPRESENTATION (  '', ( #1426 ), #4520 ) ;
#857 = DIRECTION ( 'NONE',  ( 0.000000000000000000, 0.000000000000000000, -1.000000000000000000 ) ) ;
#858 = ADVANCED_FACE ( 'NONE', ( #3068 ), #4854, .F. ) ;
#859 = DIRECTION ( 'NONE',  ( 1.000000000000000000, 1.067522139062650592E-14, 7.116814260417670090E-15 ) ) ;
#860 = LINE ( 'NONE', #4262, #2596 ) ;
#861 = EDGE_LOOP ( 'NONE', ( #3504, #30, #1102, #2123, #3485 ) ) ;
#862 = UNCERTAINTY_MEASURE_WITH_UNIT (LENGTH_MEASURE( 1.000000000000000082E-05 ), #2394, 'distance_accuracy_value', 'NONE');
#863 = CIRCLE ( 'NONE', #3877, 15.00000000000003553 ) ;
#864 = DIRECTION ( 'NONE',  ( -3.926927030438489722E-51, -5.551115123125790098E-17, -1.000000000000000000 ) ) ;
#865 = FILL_AREA_STYLE_COLOUR ( '', #1743 ) ;
#866 = CARTESIAN_POINT ( 'NONE',  ( -18.49999892751327479, 41.72810302698258766, -21.09743250905819778 ) ) ;
#867 = CONICAL_SURFACE ( 'NONE', #1621, 24.99999999999999645, 0.7853981633974570498 ) ;
#868 = ADVANCED_FACE ( 'NONE', ( #538 ), #1922, .F. ) ;
#869 = CARTESIAN_POINT ( 'NONE',  ( -19.50245503836618255, 33.86248457575825199, -2.656057113172146877 ) ) ;
#870 = CARTESIAN_POINT ( 'NONE',  ( 18.50000000000001776, 8.288142609450611431, -5.795406896101386707 ) ) ;
#871 = ORIENTED_EDGE ( 'NONE', *, *, #1987, .F. ) ;
#872 = ORIENTED_EDGE ( 'NONE', *, *, #5703, .T. ) ;
#873 = DIRECTION ( 'NONE',  ( 0.000000000000000000, -0.8660269715269850455, -0.4999972845804249721 ) ) ;
#874 = FILL_AREA_STYLE_COLOUR ( '', #3795 ) ;
#875 = CARTESIAN_POINT ( 'NONE',  ( -23.00000047586971164, 80.92128702555636721, 0.2644910033011345085 ) ) ;
#876 = SURFACE_STYLE_USAGE ( .BOTH. , #5479 ) ;
#877 = ORIENTED_EDGE ( 'NONE', *, *, #847, .F. ) ;
#878 = CARTESIAN_POINT ( 'NONE',  ( -9.351302525911499686, -20.46946932730794089, 37.78353990612920654 ) ) ;
#879 = DIRECTION ( 'NONE',  ( -1.000000000000000000, -4.138228509282560655E-15, 1.544246053093520287E-14 ) ) ;
#880 = ORIENTED_EDGE ( 'NONE', *, *, #504, .T. ) ;
#881 = AXIS2_PLACEMENT_3D ( 'NONE', #4718, #4057, #4483 ) ;
#882 = DIRECTION ( 'NONE',  ( 0.000000000000000000, -1.000000000000000000, 5.551115123125790098E-17 ) ) ;
#883 = PLANE ( 'NONE',  #4365 ) ;
#884 = AXIS2_PLACEMENT_3D ( 'NONE', #497, #2287, #4127 ) ;
#885 = CARTESIAN_POINT ( 'NONE',  ( 19.68826205495188120, 44.51598259061266560, -20.70223210715150586 ) ) ;
#886 = SURFACE_STYLE_USAGE ( .BOTH. , #1307 ) ;
#887 = ORIENTED_EDGE ( 'NONE', *, *, #5061, .F. ) ;
#888 = COLOUR_RGB ( '',0.9254901960784314152, 0.9254901960784314152, 0.9254901960784314152 ) ;
#889 =( LENGTH_UNIT ( ) NAMED_UNIT ( * ) SI_UNIT ( .MILLI., .METRE. ) );
#890 = EDGE_CURVE ( 'NONE', #1817, #441, #62, .T. ) ;
#891 = CARTESIAN_POINT ( 'NONE',  ( -23.26179986366885188, 40.54341323165414934, 1.201150914117806945 ) ) ;
#892 = DIRECTION ( 'NONE',  ( 2.168392568715800493E-19, -0.4999972845804250832, 0.8660269715269852675 ) ) ;
#893 = SURFACE_STYLE_USAGE ( .BOTH. , #2140 ) ;
#894 = CIRCLE ( 'NONE', #4193, 0.9999999999999992228 ) ;
#895 = DIRECTION ( 'NONE',  ( -7.250276767845058789E-11, 0.000000000000000000, -1.000000000000000000 ) ) ;
#896 = FILL_AREA_STYLE ('',( #5714 ) ) ;
#897 = ORIENTED_EDGE ( 'NONE', *, *, #793, .F. ) ;
#898 = ORIENTED_EDGE ( 'NONE', *, *, #359, .T. ) ;
#899 = EDGE_CURVE ( 'NONE', #4072, #3550, #4187, .T. ) ;
#900 = AXIS2_PLACEMENT_3D ( 'NONE', #367, #1814, #5359 ) ;
#901 = EDGE_CURVE ( 'NONE', #3947, #5014, #3183, .T. ) ;
#902 = MECHANICAL_DESIGN_GEOMETRIC_PRESENTATION_REPRESENTATION (  '', ( #1088 ), #2222 ) ;
#903 = FILL_AREA_STYLE_COLOUR ( '', #5307 ) ;
#904 =( GEOMETRIC_REPRESENTATION_CONTEXT ( 3 ) GLOBAL_UNCERTAINTY_ASSIGNED_CONTEXT ( ( #2637 ) ) GLOBAL_UNIT_ASSIGNED_CONTEXT ( ( #1066, #137, #2281 ) ) REPRESENTATION_CONTEXT ( 'NONE', 'WORKASPACE' ) );
#905 = VERTEX_POINT ( 'NONE', #3295 ) ;
#906 = STYLED_ITEM ( 'NONE', ( #5089 ), #938 ) ;
#907 = AXIS2_PLACEMENT_3D ( 'NONE', #1625, #2574, #712 ) ;
#908 = MECHANICAL_DESIGN_GEOMETRIC_PRESENTATION_REPRESENTATION (  '', ( #2707 ), #5700 ) ;
#909 = CYLINDRICAL_SURFACE ( 'NONE', #4760, 2.899999999999999911 ) ;
#910 = CARTESIAN_POINT ( 'NONE',  ( -19.88076471351362429, 44.90330634706090507, -20.53022487002275298 ) ) ;
#911 = ORIENTED_EDGE ( 'NONE', *, *, #2888, .T. ) ;
#912 = CARTESIAN_POINT ( 'NONE',  ( -8.348544475869658754, 64.67109066043231280, -2.189305617745961996 ) ) ;
#913 = CARTESIAN_POINT ( 'NONE',  ( 19.87981027107158027, 33.16025413293672131, -4.216185560647825348 ) ) ;
#914 = FACE_BOUND ( 'NONE', #5715, .T. ) ;
#915 = B_SPLINE_CURVE_WITH_KNOTS ( 'NONE', 3,
 ( #3423, #2640, #2162, #3910 ),
 .UNSPECIFIED., .F., .F.,
 ( 4, 4 ),
 ( 0.000000000000000000, 1.000000000000000000 ),
 .UNSPECIFIED. ) ;
#916 = CARTESIAN_POINT ( 'NONE',  ( -12.65130252591150040, -20.46946932730794089, 17.58353990612919659 ) ) ;
#917 = CIRCLE ( 'NONE', #1207, 5.000000000000001776 ) ;
#918 = FILL_AREA_STYLE ('',( #9 ) ) ;
#919 = EDGE_LOOP ( 'NONE', ( #3360, #1382, #2946, #318, #4398 ) ) ;
#920 = LINE ( 'NONE', #1841, #2753 ) ;
#921 = DIRECTION ( 'NONE',  ( -0.000000000000000000, -0.4999972845804256938, 0.8660269715269848234 ) ) ;
#922 = CARTESIAN_POINT ( 'NONE',  ( -23.00000047586968321, 40.54341325050484102, 1.201150925001183811 ) ) ;
#923 = CARTESIAN_POINT ( 'NONE',  ( -18.50000000000002842, 8.288142609450611431, -5.795406896101386707 ) ) ;
#924 = DIRECTION ( 'NONE',  ( 2.168392568715800493E-19, -0.4999972845804250832, 0.8660269715269852675 ) ) ;
#925 = SURFACE_SIDE_STYLE ('',( #3654 ) ) ;
#926 = VERTEX_POINT ( 'NONE', #5494 ) ;
#927 = EDGE_LOOP ( 'NONE', ( #1888, #2072, #1094, #3975 ) ) ;
#928 = CARTESIAN_POINT ( 'NONE',  ( -18.50000000000002842, 8.288142609450611431, -5.795406896101386707 ) ) ;
#929 = CARTESIAN_POINT ( 'NONE',  ( -18.50000000000002842, 42.27079934983056830, -15.12202618804811571 ) ) ;
#930 = CYLINDRICAL_SURFACE ( 'NONE', #1282, 6.999999999999999112 ) ;
#931 = EDGE_CURVE ( 'NONE', #4743, #82, #4938, .T. ) ;
#932 = DIRECTION ( 'NONE',  ( 1.000000000000000000, 0.000000000000000000, 0.000000000000000000 ) ) ;
#933 = ORIENTED_EDGE ( 'NONE', *, *, #1005, .T. ) ;
#934 = EDGE_CURVE ( 'NONE', #5154, #3038, #2795, .T. ) ;
#935 = VECTOR ( 'NONE', #2793, 1000.000000000000114 ) ;
#936 = CARTESIAN_POINT ( 'NONE',  ( 11.65145552413030039, 64.67109066043231280, -2.189305617745961996 ) ) ;
#937 = VECTOR ( 'NONE', #2589, 999.9999999999997726 ) ;
#938 = ADVANCED_FACE ( 'NONE', ( #2385 ), #3774, .T. ) ;
#939 = ORIENTED_EDGE ( 'NONE', *, *, #4699, .T. ) ;
#940 = PRESENTATION_STYLE_ASSIGNMENT (( #3499 ) ) ;
#941 = FILL_AREA_STYLE_COLOUR ( '', #3792 ) ;
#942 = LINE ( 'NONE', #916, #4660 ) ;
#943 = SURFACE_STYLE_FILL_AREA ( #4918 ) ;
#944 = VERTEX_POINT ( 'NONE', #2063 ) ;
#945 = AXIS2_PLACEMENT_3D ( 'NONE', #3147, #2267, #355 ) ;
#946 = AXIS2_PLACEMENT_3D ( 'NONE', #5677, #3072, #4857 ) ;
#947 = SURFACE_STYLE_FILL_AREA ( #2252 ) ;
#948 = AXIS2_PLACEMENT_3D ( 'NONE', #5763, #1753, #3968 ) ;
#949 = CARTESIAN_POINT ( 'NONE',  ( -93.66238150725969547, 97.52071161451195280, 11.00280230979327634 ) ) ;
#950 = CARTESIAN_POINT ( 'NONE',  ( 21.50145552413040306, 41.84245399569490331, 1.951147018089098184 ) ) ;
#951 = CARTESIAN_POINT ( 'NONE',  ( -18.80613904110584755, 41.39728831016570609, -20.74853945520082732 ) ) ;
#952 = PRESENTATION_STYLE_ASSIGNMENT (( #3754 ) ) ;
#953 = VERTEX_POINT ( 'NONE', #329 ) ;
#954 = AXIS2_PLACEMENT_3D ( 'NONE', #825, #2631, #4407 ) ;
#955 = EDGE_LOOP ( 'NONE', ( #1280, #2612, #5623, #4545 ) ) ;
#956 = LINE ( 'NONE', #5074, #935 ) ;
#957 = DIRECTION ( 'NONE',  ( -2.168392568715800493E-19, 0.4999972845804250832, -0.8660269715269852675 ) ) ;
#958 = MECHANICAL_DESIGN_GEOMETRIC_PRESENTATION_REPRESENTATION (  '', ( #5549 ), #5744 ) ;
#959 = VECTOR ( 'NONE', #2775, 999.9999999999997726 ) ;
#960 = VERTEX_POINT ( 'NONE', #3866 ) ;
#961 = PRESENTATION_LAYER_ASSIGNMENT (  '', '', ( #4531 ) ) ;
#962 = AXIS2_PLACEMENT_3D ( 'NONE', #2839, #1956, #2010 ) ;
#963 = VECTOR ( 'NONE', #3093, 1000.000000000000114 ) ;
#964 = EDGE_CURVE ( 'NONE', #838, #482, #1475, .T. ) ;
#965 = SURFACE_STYLE_USAGE ( .BOTH. , #4669 ) ;
#966 = EDGE_CURVE ( 'NONE', #3013, #4781, #277, .T. ) ;
#967 = CARTESIAN_POINT ( 'NONE',  ( -21.49854447586969997, 69.55531708455561102, 17.95106012466149892 ) ) ;
#968 = CARTESIAN_POINT ( 'NONE',  ( 10.99869747408849996, -20.46946932730794089, 13.88353990612919908 ) ) ;
#969 = UNCERTAINTY_MEASURE_WITH_UNIT (LENGTH_MEASURE( 1.000000000000000082E-05 ), #3680, 'distance_accuracy_value', 'NONE');
#970 = CARTESIAN_POINT ( 'NONE',  ( 0.000000000000000000, 0.000000000000000000, 0.000000000000000000 ) ) ;
#971 = ORIENTED_EDGE ( 'NONE', *, *, #3932, .T. ) ;
#972 = AXIS2_PLACEMENT_3D ( 'NONE', #1100, #545, #5044 ) ;
#973 = STYLED_ITEM ( 'NONE', ( #4561 ), #2480 ) ;
#974 = DIRECTION ( 'NONE',  ( 0.000000000000000000, -5.551115123125790098E-17, -1.000000000000000000 ) ) ;
#975 = DIRECTION ( 'NONE',  ( 0.000000000000000000, -0.8660269715269405255, -0.4999972845805023547 ) ) ;
#976 = EDGE_CURVE ( 'NONE', #3308, #2074, #4240, .T. ) ;
#977 = CARTESIAN_POINT ( 'NONE',  ( 18.50000000000001421, 19.33798309278793681, 17.73969508567892461 ) ) ;
#978 = LINE ( 'NONE', #2812, #3618 ) ;
#979 = LINE ( 'NONE', #2813, #5217 ) ;
#980 = VERTEX_POINT ( 'NONE', #650 ) ;
#981 = FACE_OUTER_BOUND ( 'NONE', #1233, .T. ) ;
#982 = CARTESIAN_POINT ( 'NONE',  ( 19.50176657444824002, 40.32294350854040488, -19.72921135416697069 ) ) ;
#983 = DIRECTION ( 'NONE',  ( -1.000000000000000000, -4.336808689942019662E-19, 2.407412430484050162E-35 ) ) ;
#984 = CARTESIAN_POINT ( 'NONE',  ( -9.998544475869659109, 67.67107436791040698, -7.385467446900160660 ) ) ;
#985 = VERTEX_POINT ( 'NONE', #1533 ) ;
#986 = EDGE_LOOP ( 'NONE', ( #549, #4134, #2460, #791, #3909 ) ) ;
#987 = MECHANICAL_DESIGN_GEOMETRIC_PRESENTATION_REPRESENTATION (  '', ( #4276 ), #2210 ) ;
#988 =( LENGTH_UNIT ( ) NAMED_UNIT ( * ) SI_UNIT ( .MILLI., .METRE. ) );
#989 = MECHANICAL_DESIGN_GEOMETRIC_PRESENTATION_REPRESENTATION (  '', ( #3244 ), #3815 ) ;
#990 = CARTESIAN_POINT ( 'NONE',  ( 24.00145552413039951, 47.51214281503921200, -0.1117117475228999318 ) ) ;
#991 = MECHANICAL_DESIGN_GEOMETRIC_PRESENTATION_REPRESENTATION (  '', ( #4556 ), #2782 ) ;
#992 = LINE ( 'NONE', #89, #330 ) ;
#993 = ORIENTED_EDGE ( 'NONE', *, *, #151, .F. ) ;
#994 = MECHANICAL_DESIGN_GEOMETRIC_PRESENTATION_REPRESENTATION (  '', ( #527 ), #2218 ) ;
#995 = PRESENTATION_LAYER_ASSIGNMENT (  '', '', ( #1565 ) ) ;
#996 = VECTOR ( 'NONE', #5240, 1000.000000000000000 ) ;
#997 = SURFACE_STYLE_FILL_AREA ( #3611 ) ;
#998 = CARTESIAN_POINT ( 'NONE',  ( -19.50000000000000000, 41.67178791715745234, -20.35861491681933089 ) ) ;
#999 = ORIENTED_EDGE ( 'NONE', *, *, #5069, .T. ) ;
#1000 = EDGE_CURVE ( 'NONE', #1817, #3288, #5641, .T. ) ;
#1001 = MECHANICAL_DESIGN_GEOMETRIC_PRESENTATION_REPRESENTATION (  '', ( #4946 ), #1759 ) ;
#1002 = PLANE ( 'NONE',  #3401 ) ;
#1003 = CARTESIAN_POINT ( 'NONE',  ( 14.50086736455030056, 44.54542484137370906, 3.511696663276298480 ) ) ;
#1004 = VECTOR ( 'NONE', #4939, 1000.000000000000114 ) ;
#1005 = EDGE_CURVE ( 'NONE', #4050, #4045, #1386, .T. ) ;
#1006 = FILL_AREA_STYLE ('',( #3647 ) ) ;
#1007 = CARTESIAN_POINT ( 'NONE',  ( 20.37566504365030085, 43.38858468605802443, -20.12112257074103638 ) ) ;
#1008 = ORIENTED_EDGE ( 'NONE', *, *, #3344, .F. ) ;
#1009 = ADVANCED_FACE ( 'NONE', ( #2479 ), #1353, .T. ) ;
#1010 = DIRECTION ( 'NONE',  ( 0.7071067811865470176, 0.3535514705016787884, -0.6123735442571807130 ) ) ;
#1011 = CARTESIAN_POINT ( 'NONE',  ( 15.49999952368933442, 77.41654362711312842, 21.33501007206680811 ) ) ;
#1012 = FACE_OUTER_BOUND ( 'NONE', #3275, .T. ) ;
#1013 = CARTESIAN_POINT ( 'NONE',  ( 0.001455919400387797966, 32.05723306756679847, -3.698312010255720317 ) ) ;
#1014 = LINE ( 'NONE', #109, #4488 ) ;
#1015 = EDGE_LOOP ( 'NONE', ( #3793, #3858, #837, #2178 ) ) ;
#1016 = ORIENTED_EDGE ( 'NONE', *, *, #931, .F. ) ;
#1017 = ORIENTED_EDGE ( 'NONE', *, *, #2852, .F. ) ;
#1018 = DIRECTION ( 'NONE',  ( 3.926927030438489722E-51, 5.551115123125790098E-17, 1.000000000000000000 ) ) ;
#1019 = CARTESIAN_POINT ( 'NONE',  ( -11.00130252591150004, -20.46946932730794089, 37.78353990612920654 ) ) ;
#1020 = SURFACE_STYLE_FILL_AREA ( #5397 ) ;
#1021 = CARTESIAN_POINT ( 'NONE',  ( -18.49999999999997158, -5.741665502431001045, 22.91461417152277136 ) ) ;
#1022 = FILL_AREA_STYLE ('',( #5508 ) ) ;
#1023 = ORIENTED_EDGE ( 'NONE', *, *, #684, .T. ) ;
#1024 = PRESENTATION_STYLE_ASSIGNMENT (( #2857 ) ) ;
#1025 = FILL_AREA_STYLE ('',( #3701 ) ) ;
#1026 = DIRECTION ( 'NONE',  ( -1.000000000000000000, -0.000000000000000000, -0.000000000000000000 ) ) ;
#1027 = UNCERTAINTY_MEASURE_WITH_UNIT (LENGTH_MEASURE( 1.000000000000000082E-05 ), #3434, 'distance_accuracy_value', 'NONE');
#1028 = ORIENTED_EDGE ( 'NONE', *, *, #5111, .F. ) ;
#1029 = FILL_AREA_STYLE ('',( #2833 ) ) ;
#1030 = DIRECTION ( 'NONE',  ( 0.000000000000000000, 0.4999972845804189214, -0.8660269715269888202 ) ) ;
#1031 = VECTOR ( 'NONE', #784, 1000.000000000000000 ) ;
#1032 = CARTESIAN_POINT ( 'NONE',  ( 18.50000000000001421, 36.45886589868137406, -19.02169326984279252 ) ) ;
#1033 = PRESENTATION_STYLE_ASSIGNMENT (( #1093 ) ) ;
#1034 = ORIENTED_EDGE ( 'NONE', *, *, #1829, .F. ) ;
#1035 = DIRECTION ( 'NONE',  ( -0.4802693771722780225, -0.7596104811623758390, -0.4385581401123642697 ) ) ;
#1036 = EDGE_CURVE ( 'NONE', #3881, #2081, #2734, .T. ) ;
#1037 = CARTESIAN_POINT ( 'NONE',  ( -20.37975173490489311, 43.39115338044373260, -20.12021721781864514 ) ) ;
#1038 = CARTESIAN_POINT ( 'NONE',  ( 21.50145552413040306, 69.55531708455561102, 17.95106012466149892 ) ) ;
#1039 = ADVANCED_FACE ( 'NONE', ( #3694 ), #1191, .T. ) ;
#1040 = CONICAL_SURFACE ( 'NONE', #1420, 129.0140298539000128, 0.7853981633974570498 ) ;
#1041 =( LENGTH_UNIT ( ) NAMED_UNIT ( * ) SI_UNIT ( .MILLI., .METRE. ) );
#1042 = DIRECTION ( 'NONE',  ( -1.000000000000000000, -4.336808689942019662E-19, 2.407412430484050162E-35 ) ) ;
#1043 = FILL_AREA_STYLE_COLOUR ( '', #5502 ) ;
#1044 = ORIENTED_EDGE ( 'NONE', *, *, #4494, .F. ) ;
#1045 = VERTEX_POINT ( 'NONE', #5477 ) ;
#1046 = VECTOR ( 'NONE', #3794, 1000.000000000000000 ) ;
#1047 = STYLED_ITEM ( 'NONE', ( #1024 ), #144 ) ;
#1048 = CARTESIAN_POINT ( 'NONE',  ( 18.71187141775772744, 41.51415601213115281, -20.86051560029857299 ) ) ;
#1049 = ADVANCED_FACE ( 'NONE', ( #1906 ), #2708, .T. ) ;
#1050 = CARTESIAN_POINT ( 'NONE',  ( -20.37976668382483325, 33.81595824743082801, -3.535318008111064891 ) ) ;
#1051 =( GEOMETRIC_REPRESENTATION_CONTEXT ( 3 ) GLOBAL_UNCERTAINTY_ASSIGNED_CONTEXT ( ( #1616 ) ) GLOBAL_UNIT_ASSIGNED_CONTEXT ( ( #4595, #163, #2816 ) ) REPRESENTATION_CONTEXT ( 'NONE', 'WORKASPACE' ) );
#1052 = PLANE ( 'NONE',  #3908 ) ;
#1053 = CARTESIAN_POINT ( 'NONE',  ( -20.37975173490489311, 43.39115338044373260, -20.12021721781864514 ) ) ;
#1054 = EDGE_LOOP ( 'NONE', ( #5093, #5021, #4208, #742, #5678 ) ) ;
#1055 =( GEOMETRIC_REPRESENTATION_CONTEXT ( 3 ) GLOBAL_UNCERTAINTY_ASSIGNED_CONTEXT ( ( #4214 ) ) GLOBAL_UNIT_ASSIGNED_CONTEXT ( ( #1504, #157, #3745 ) ) REPRESENTATION_CONTEXT ( 'NONE', 'WORKASPACE' ) );
#1056 = LINE ( 'NONE', #4643, #2241 ) ;
#1057 = VECTOR ( 'NONE', #5602, 1000.000000000000114 ) ;
#1058 = AXIS2_PLACEMENT_3D ( 'NONE', #2815, #3781, #3277 ) ;
#1059 = CONICAL_SURFACE ( 'NONE', #127, 7.500000000000022204, 0.7853981633974306265 ) ;
#1060 = FACE_BOUND ( 'NONE', #161, .T. ) ;
#1061 = CARTESIAN_POINT ( 'NONE',  ( 22.75145552413039951, 70.68927925135200496, 13.98695495397379851 ) ) ;
#1062 = EDGE_LOOP ( 'NONE', ( #3847, #5073, #2926, #2476 ) ) ;
#1063 = CARTESIAN_POINT ( 'NONE',  ( 21.48357554601030017, 73.35963260478160919, 12.36175007259169689 ) ) ;
#1064 = DIRECTION ( 'NONE',  ( 0.000000000000000000, 0.000000000000000000, -1.000000000000000000 ) ) ;
#1065 = CARTESIAN_POINT ( 'NONE',  ( 19.50000000000000000, -14.91394385214018925, 13.88353990612919908 ) ) ;
#1066 =( LENGTH_UNIT ( ) NAMED_UNIT ( * ) SI_UNIT ( .MILLI., .METRE. ) );
#1067 = CARTESIAN_POINT ( 'NONE',  ( 19.21660848938516963, 41.04983962181330526, -20.30388544366133985 ) ) ;
#1068 = ORIENTED_EDGE ( 'NONE', *, *, #1190, .F. ) ;
#1069 = VERTEX_POINT ( 'NONE', #523 ) ;
#1070 = EDGE_CURVE ( 'NONE', #634, #4045, #1883, .T. ) ;
#1071 = EDGE_LOOP ( 'NONE', ( #5216, #5444, #4014, #5559 ) ) ;
#1072 = FACE_OUTER_BOUND ( 'NONE', #5653, .T. ) ;
#1073 = CARTESIAN_POINT ( 'NONE',  ( -19.00000047586969742, 51.04335651459167877, -16.98541531084590162 ) ) ;
#1074 = CARTESIAN_POINT ( 'NONE',  ( -16.92199991106044976, -26.62172815897734779, 37.78353990612920654 ) ) ;
#1075 = VECTOR ( 'NONE', #4596, 1000.000000000000000 ) ;
#1076 = ADVANCED_FACE ( 'NONE', ( #4991 ), #4150, .T. ) ;
#1077 = CARTESIAN_POINT ( 'NONE',  ( 19.50000000000000000, 19.33798309278793681, 17.73969508567892461 ) ) ;
#1078 = ORIENTED_EDGE ( 'NONE', *, *, #2201, .T. ) ;
#1079 = VECTOR ( 'NONE', #879, 1000.000000000000000 ) ;
#1080 = B_SPLINE_CURVE_WITH_KNOTS ( 'NONE', 3,
 ( #4154, #3962, #92, #5056 ),
 .UNSPECIFIED., .F., .F.,
 ( 4, 4 ),
 ( 0.002285373717893501855, 0.002308036923108337888 ),
 .UNSPECIFIED. ) ;
#1081 = EDGE_CURVE ( 'NONE', #3331, #3167, #3263, .T. ) ;
#1082 = DIRECTION ( 'NONE',  ( 0.000000000000000000, 0.8660269715269850455, 0.4999972845804250277 ) ) ;
#1083 = PRESENTATION_LAYER_ASSIGNMENT (  '', '', ( #5028 ) ) ;
#1084 = PLANE ( 'NONE',  #3153 ) ;
#1085 = AXIS2_PLACEMENT_3D ( 'NONE', #5273, #3077, #5739 ) ;
#1086 = DIRECTION ( 'NONE',  ( -1.000000000000000000, 0.000000000000000000, 0.000000000000000000 ) ) ;
#1087 = UNCERTAINTY_MEASURE_WITH_UNIT (LENGTH_MEASURE( 1.000000000000000082E-05 ), #35, 'distance_accuracy_value', 'NONE');
#1088 = STYLED_ITEM ( 'NONE', ( #233 ), #714 ) ;
#1089 = CIRCLE ( 'NONE', #3342, 1.000000000000002665 ) ;
#1090 = AXIS2_PLACEMENT_3D ( 'NONE', #88, #932, #2374 ) ;
#1091 = PRESENTATION_LAYER_ASSIGNMENT (  '', '', ( #4378 ) ) ;
#1092 = CARTESIAN_POINT ( 'NONE',  ( 10.99869747408849996, -20.46946932730794089, 17.58353990612919659 ) ) ;
#1093 = SURFACE_STYLE_USAGE ( .BOTH. , #3214 ) ;
#1094 = ORIENTED_EDGE ( 'NONE', *, *, #4568, .T. ) ;
#1095 =( BOUNDED_CURVE ( )  B_SPLINE_CURVE ( 3, ( #2484, #3301, #4275, #4163 ),
 .UNSPECIFIED., .F., .T. ) 
 B_SPLINE_CURVE_WITH_KNOTS ( ( 4, 4 ),
 ( 1.635590327950199541, 1.639913208309928594 ),
 .UNSPECIFIED. ) 
 CURVE ( )  GEOMETRIC_REPRESENTATION_ITEM ( )  RATIONAL_B_SPLINE_CURVE ( ( 1.000000000000000000, 0.9999984427260557585, 0.9999984427260557585, 1.000000000000000000 ) ) 
 REPRESENTATION_ITEM ( '' )  );
#1096 =( GEOMETRIC_REPRESENTATION_CONTEXT ( 3 ) GLOBAL_UNCERTAINTY_ASSIGNED_CONTEXT ( ( #3320 ) ) GLOBAL_UNIT_ASSIGNED_CONTEXT ( ( #728, #4688, #3761 ) ) REPRESENTATION_CONTEXT ( 'NONE', 'WORKASPACE' ) );
#1097 = DIRECTION ( 'NONE',  ( 4.189031997838558473E-19, -0.9659250147588526181, 0.2588220737555249062 ) ) ;
#1098 = CARTESIAN_POINT ( 'NONE',  ( 18.50000000000001421, -14.91394385214018925, 13.88353990612919908 ) ) ;
#1099 = MECHANICAL_DESIGN_GEOMETRIC_PRESENTATION_REPRESENTATION (  '', ( #4850 ), #351 ) ;
#1100 = CARTESIAN_POINT ( 'NONE',  ( 10.00145552413030003, 67.67107436791040698, -7.385467446900160660 ) ) ;
#1101 = LINE ( 'NONE', #4599, #1951 ) ;
#1102 = ORIENTED_EDGE ( 'NONE', *, *, #788, .F. ) ;
#1103 = ORIENTED_EDGE ( 'NONE', *, *, #2237, .F. ) ;
#1104 = CARTESIAN_POINT ( 'NONE',  ( -18.50000000000002842, 1.017499851658588694, -0.7091502389341766133 ) ) ;
#1105 = CARTESIAN_POINT ( 'NONE',  ( 18.50000000000001421, -9.969469327306999418, 28.36178214484647597 ) ) ;
#1106 = CARTESIAN_POINT ( 'NONE',  ( -19.96040002480596343, 33.69942033833208228, -2.874647039975076979 ) ) ;
#1107 = ADVANCED_FACE ( 'NONE', ( #640 ), #205, .T. ) ;
#1108 = CARTESIAN_POINT ( 'NONE',  ( -19.76997228410388274, 42.25396865402969837, -20.37994706808872536 ) ) ;
#1109 = ORIENTED_EDGE ( 'NONE', *, *, #4246, .F. ) ;
#1110 = STYLED_ITEM ( 'NONE', ( #5694 ), #4147 ) ;
#1111 = EDGE_CURVE ( 'NONE', #4874, #2664, #5507, .T. ) ;
#1112 = PRESENTATION_LAYER_ASSIGNMENT (  '', '', ( #4041 ) ) ;
#1113 = CARTESIAN_POINT ( 'NONE',  ( -19.49999999999999645, 32.37505549487521250, -4.952263964518714978 ) ) ;
#1114 = EDGE_CURVE ( 'NONE', #5266, #371, #611, .T. ) ;
#1115 = CARTESIAN_POINT ( 'NONE',  ( 21.50145552413040306, 75.76311922102460983, 7.198753586927002068 ) ) ;
#1116 = ORIENTED_EDGE ( 'NONE', *, *, #2445, .T. ) ;
#1117 = FACE_BOUND ( 'NONE', #4685, .T. ) ;
#1118 = EDGE_CURVE ( 'NONE', #4285, #4191, #469, .T. ) ;
#1119 = FILL_AREA_STYLE_COLOUR ( '', #888 ) ;
#1120 = CARTESIAN_POINT ( 'NONE',  ( 18.50000000000001421, 39.72083616136811202, -20.55320356845895802 ) ) ;
#1121 = ORIENTED_EDGE ( 'NONE', *, *, #1302, .F. ) ;
#1122 = FACE_OUTER_BOUND ( 'NONE', #803, .T. ) ;
#1123 = VECTOR ( 'NONE', #3080, 1000.000000000000114 ) ;
#1124 = CARTESIAN_POINT ( 'NONE',  ( 21.50086736455029879, 49.81918535597340281, -5.865024435528830793 ) ) ;
#1125 = CARTESIAN_POINT ( 'NONE',  ( -18.50000000000002842, -14.91394385214018925, 13.88353990612919908 ) ) ;
#1126 = LINE ( 'NONE', #4308, #1384 ) ;
#1127 = VERTEX_POINT ( 'NONE', #1133 ) ;
#1128 = ORIENTED_EDGE ( 'NONE', *, *, #3749, .F. ) ;
#1129 = ORIENTED_EDGE ( 'NONE', *, *, #4136, .T. ) ;
#1130 = SURFACE_SIDE_STYLE ('',( #2881 ) ) ;
#1131 =( GEOMETRIC_REPRESENTATION_CONTEXT ( 3 ) GLOBAL_UNCERTAINTY_ASSIGNED_CONTEXT ( ( #1564 ) ) GLOBAL_UNIT_ASSIGNED_CONTEXT ( ( #5371, #5813, #5314 ) ) REPRESENTATION_CONTEXT ( 'NONE', 'WORKASPACE' ) );
#1132 = CARTESIAN_POINT ( 'NONE',  ( 18.78388298597500494, 41.43311794138114834, -20.77646195096206583 ) ) ;
#1133 = CARTESIAN_POINT ( 'NONE',  ( -19.50000000000000000, -26.62172815897734779, 37.78353990612920654 ) ) ;
#1134 = B_SPLINE_SURFACE_WITH_KNOTS ( 'NONE', 1, 3, ( 
 ( #5471, #1067, #2428, #2820, #5528, #138, #1931, #1493, #197 ),
 ( #3281, #1985, #5558, #1544, #1660, #259, #1627, #3964, #4825 ),
 ( #3418, #2159, #5732, #3011, #5619, #3388, #2611, #5180, #2578 ) ),
 .UNSPECIFIED., .F., .F., .F.,
 ( 2, 1, 2 ),
 ( 4, 3, 2, 4 ),
 ( 0.000000000000000000, 1.000000000000000000, 1.010000000000000009 ),
 ( 0.8594079812260092543, 0.9381829869253909271, 1.148576062462620451, 1.358969137999850085 ),
 .UNSPECIFIED. ) ;
#1135 = FILL_AREA_STYLE ('',( #4259 ) ) ;
#1136 = CARTESIAN_POINT ( 'NONE',  ( -19.50000000000000000, 41.67178791715745234, -20.35861491681933089 ) ) ;
#1137 = EDGE_LOOP ( 'NONE', ( #3984, #5792, #5101, #1638 ) ) ;
#1138 = LINE ( 'NONE', #1609, #3595 ) ;
#1139 = EDGE_LOOP ( 'NONE', ( #4558, #3467 ) ) ;
#1140 = CARTESIAN_POINT ( 'NONE',  ( 19.01264473510491726, 43.02145661706707358, -21.07496981598886521 ) ) ;
#1141 = COLOUR_RGB ( '',0.9254901960784314152, 0.9254901960784314152, 0.9254901960784314152 ) ;
#1142 = CARTESIAN_POINT ( 'NONE',  ( 23.50000000000000000, 31.17322923809635782, -4.208688163454006315 ) ) ;
#1143 = UNCERTAINTY_MEASURE_WITH_UNIT (LENGTH_MEASURE( 1.000000000000000082E-05 ), #623, 'distance_accuracy_value', 'NONE');
#1144 = EDGE_CURVE ( 'NONE', #2492, #3454, #1291, .T. ) ;
#1145 = CIRCLE ( 'NONE', #2088, 3.000000000000000888 ) ;
#1146 = ORIENTED_EDGE ( 'NONE', *, *, #2895, .T. ) ;
#1147 = EDGE_CURVE ( 'NONE', #2185, #1678, #2785, .T. ) ;
#1148 = B_SPLINE_CURVE_WITH_KNOTS ( 'NONE', 3,
 ( #829, #481, #5382, #4442 ),
 .UNSPECIFIED., .F., .F.,
 ( 4, 4 ),
 ( 0.000000000000000000, 1.000000000000000000 ),
 .UNSPECIFIED. ) ;
#1149 =( GEOMETRIC_REPRESENTATION_CONTEXT ( 3 ) GLOBAL_UNCERTAINTY_ASSIGNED_CONTEXT ( ( #5429 ) ) GLOBAL_UNIT_ASSIGNED_CONTEXT ( ( #1775, #5353, #4507 ) ) REPRESENTATION_CONTEXT ( 'NONE', 'WORKASPACE' ) );
#1150 = VECTOR ( 'NONE', #536, 1000.000000000000114 ) ;
#1151 = SURFACE_SIDE_STYLE ('',( #5091 ) ) ;
#1152 = ORIENTED_EDGE ( 'NONE', *, *, #5069, .F. ) ;
#1153 = ADVANCED_FACE ( 'NONE', ( #2403 ), #2962, .T. ) ;
#1154 = CARTESIAN_POINT ( 'NONE',  ( -0.001302525911494698853, -50.96946932731190572, 38.78353990612922786 ) ) ;
#1155 = CARTESIAN_POINT ( 'NONE',  ( -19.53748118167010972, 40.86864172808886053, -19.88611344610622211 ) ) ;
#1156 = CARTESIAN_POINT ( 'NONE',  ( 19.49869747408850174, -15.46946932731193769, 17.38353990612919731 ) ) ;
#1157 = CARTESIAN_POINT ( 'NONE',  ( -19.50000000000000000, 19.33798309278793681, 17.73969508567892461 ) ) ;
#1158 = CARTESIAN_POINT ( 'NONE',  ( -23.00000047586969742, 70.92134134028202652, 17.58503043749496086 ) ) ;
#1159 = FILL_AREA_STYLE ('',( #1193 ) ) ;
#1160 = ORIENTED_EDGE ( 'NONE', *, *, #3300, .F. ) ;
#1161 = ORIENTED_EDGE ( 'NONE', *, *, #4462, .F. ) ;
#1162 = ORIENTED_EDGE ( 'NONE', *, *, #5519, .F. ) ;
#1163 = FACE_OUTER_BOUND ( 'NONE', #3779, .T. ) ;
#1164 = DIRECTION ( 'NONE',  ( -0.7071067811865467956, 0.4982514590160410650, 0.5017424474652182331 ) ) ;
#1165 = CARTESIAN_POINT ( 'NONE',  ( 24.00145552413039951, 73.35963260478160919, 12.36175007259169689 ) ) ;
#1166 = LINE ( 'NONE', #1994, #3416 ) ;
#1167 = DIRECTION ( 'NONE',  ( -0.4802693771722780225, -0.7596104811623758390, -0.4385581401123642697 ) ) ;
#1168 = EDGE_LOOP ( 'NONE', ( #5258, #3931, #1899, #717 ) ) ;
#1169 = DIRECTION ( 'NONE',  ( -2.168392568715799049E-19, 0.4999972845804250832, -0.8660269715269851565 ) ) ;
#1170 = VERTEX_POINT ( 'NONE', #2583 ) ;
#1171 = VECTOR ( 'NONE', #1699, 1000.000000000000000 ) ;
#1172 = DIRECTION ( 'NONE',  ( -2.168392568715800012E-19, 0.4999972845804249721, -0.8660269715269850455 ) ) ;
#1173 = DIRECTION ( 'NONE',  ( 0.000000000000000000, -1.000000000000000000, 5.551115123125790098E-17 ) ) ;
#1174 = TOROIDAL_SURFACE ( 'NONE', #4733, 129.0140298539000128, 1.000000000000000000 ) ;
#1175 =( GEOMETRIC_REPRESENTATION_CONTEXT ( 3 ) GLOBAL_UNCERTAINTY_ASSIGNED_CONTEXT ( ( #3207 ) ) GLOBAL_UNIT_ASSIGNED_CONTEXT ( ( #2963, #5221, #3396 ) ) REPRESENTATION_CONTEXT ( 'NONE', 'WORKASPACE' ) );
#1176 = CARTESIAN_POINT ( 'NONE',  ( -19.13264942799095891, 31.54126389915544593, -4.154970669770633229 ) ) ;
#1177 = COLOUR_RGB ( '',0.6274509803921568540, 0.6274509803921568540, 0.6274509803921568540 ) ;
#1178 = ORIENTED_EDGE ( 'NONE', *, *, #5774, .T. ) ;
#1179 =( GEOMETRIC_REPRESENTATION_CONTEXT ( 3 ) GLOBAL_UNCERTAINTY_ASSIGNED_CONTEXT ( ( #455 ) ) GLOBAL_UNIT_ASSIGNED_CONTEXT ( ( #5410, #5496, #5434 ) ) REPRESENTATION_CONTEXT ( 'NONE', 'WORKASPACE' ) );
#1180 = EDGE_CURVE ( 'NONE', #5430, #5231, #2801, .T. ) ;
#1181 = PLANE ( 'NONE',  #2300 ) ;
#1182 = ORIENTED_EDGE ( 'NONE', *, *, #4699, .F. ) ;
#1183 = VECTOR ( 'NONE', #1253, 1000.000000000000000 ) ;
#1184 = CARTESIAN_POINT ( 'NONE',  ( -18.33883817376776193, 41.29262204470995812, -21.05021822157717892 ) ) ;
#1185 = CARTESIAN_POINT ( 'NONE',  ( -19.49984700178150376, -15.46946932731194835, 17.38353990612920086 ) ) ;
#1186 = ADVANCED_FACE ( 'NONE', ( #4417 ), #3075, .F. ) ;
#1187 = DIRECTION ( 'NONE',  ( 2.168392568715800252E-19, -0.4999972845804250277, 0.8660269715269851565 ) ) ;
#1188 = VECTOR ( 'NONE', #5557, 1000.000000000000114 ) ;
#1189 = DIRECTION ( 'NONE',  ( 0.000000000000000000, -0.8660269715269877100, -0.4999972845804205868 ) ) ;
#1190 = EDGE_CURVE ( 'NONE', #4045, #2198, #3458, .T. ) ;
#1191 = CONICAL_SURFACE ( 'NONE', #3727, 8.500000000000003553, 0.7853981633974306265 ) ;
#1192 = DIRECTION ( 'NONE',  ( 0.2542335419993849155, -0.8375717996053833048, -0.4835688023727820473 ) ) ;
#1193 = FILL_AREA_STYLE_COLOUR ( '', #1491 ) ;
#1194 = ORIENTED_EDGE ( 'NONE', *, *, #4632, .T. ) ;
#1195 = VERTEX_POINT ( 'NONE', #5764 ) ;
#1196 = ORIENTED_EDGE ( 'NONE', *, *, #3942, .F. ) ;
#1197 = CARTESIAN_POINT ( 'NONE',  ( 21.50105116442050246, 47.49482031754600797, -1.596843144937251102 ) ) ;
#1198 = AXIS2_PLACEMENT_3D ( 'NONE', #1251, #1754, #2670 ) ;
#1199 = PRESENTATION_LAYER_ASSIGNMENT (  '', '', ( #3733 ) ) ;
#1200 = DIRECTION ( 'NONE',  ( 0.000000000000000000, 5.551115123125790098E-17, 1.000000000000000000 ) ) ;
#1201 = CARTESIAN_POINT ( 'NONE',  ( 19.99151582508786973, 42.28614394827904022, -19.61478455670187060 ) ) ;
#1202 = ORIENTED_EDGE ( 'NONE', *, *, #2947, .T. ) ;
#1203 = VERTEX_POINT ( 'NONE', #3912 ) ;
#1204 = CARTESIAN_POINT ( 'NONE',  ( 19.26982127437358017, 43.61184828737847141, -20.97032377963029859 ) ) ;
#1205 = COLOUR_RGB ( '',0.6274509803921568540, 0.6274509803921568540, 0.6274509803921568540 ) ;
#1206 =( NAMED_UNIT ( * ) PLANE_ANGLE_UNIT ( ) SI_UNIT ( $, .RADIAN. ) );
#1207 = AXIS2_PLACEMENT_3D ( 'NONE', #167, #4225, #4139 ) ;
#1208 = CARTESIAN_POINT ( 'NONE',  ( -23.24951828257614395, 48.26164727882939331, -17.43672580950648410 ) ) ;
#1209 = EDGE_LOOP ( 'NONE', ( #5153, #2203, #4799, #5030 ) ) ;
#1210 = UNCERTAINTY_MEASURE_WITH_UNIT (LENGTH_MEASURE( 1.000000000000000082E-05 ), #583, 'distance_accuracy_value', 'NONE');
#1211 = ORIENTED_EDGE ( 'NONE', *, *, #3826, .F. ) ;
#1212 =( NAMED_UNIT ( * ) SI_UNIT ( $, .STERADIAN. ) SOLID_ANGLE_UNIT ( ) );
#1213 = ORIENTED_EDGE ( 'NONE', *, *, #2597, .F. ) ;
#1214 = CARTESIAN_POINT ( 'NONE',  ( -18.77803376716391526, 42.45355221622997277, -21.13413882970680646 ) ) ;
#1215 = DIRECTION ( 'NONE',  ( -1.000000000000000000, -0.000000000000000000, -0.000000000000000000 ) ) ;
#1216 = CARTESIAN_POINT ( 'NONE',  ( -24.00000047586969032, 41.04341044254577042, 0.3351239000469099505 ) ) ;
#1217 = ORIENTED_EDGE ( 'NONE', *, *, #4853, .F. ) ;
#1218 = ORIENTED_EDGE ( 'NONE', *, *, #3411, .T. ) ;
#1219 = EDGE_CURVE ( 'NONE', #3498, #3371, #4694, .T. ) ;
#1220 = ORIENTED_EDGE ( 'NONE', *, *, #1118, .F. ) ;
#1221 = EDGE_CURVE ( 'NONE', #4910, #3231, #4116, .T. ) ;
#1222 = CARTESIAN_POINT ( 'NONE',  ( 18.35845050076081364, 32.05723306756679847, -3.698312010255720317 ) ) ;
#1223 = LINE ( 'NONE', #4925, #3143 ) ;
#1224 = CARTESIAN_POINT ( 'NONE',  ( 21.50145552413040306, 75.21183176402260528, 4.910960064352699384 ) ) ;
#1225 = ORIENTED_EDGE ( 'NONE', *, *, #1265, .F. ) ;
#1226 = ORIENTED_EDGE ( 'NONE', *, *, #3381, .F. ) ;
#1227 = DIRECTION ( 'NONE',  ( -4.336808689942019662E-19, 1.000000000000000000, -5.551115123125790098E-17 ) ) ;
#1228 = FACE_OUTER_BOUND ( 'NONE', #2045, .T. ) ;
#1229 = EDGE_CURVE ( 'NONE', #4978, #4202, #4450, .T. ) ;
#1230 = DIRECTION ( 'NONE',  ( -0.4799211503848397342, 0.7597755306975392253, 0.4386534308159060203 ) ) ;
#1231 = DIRECTION ( 'NONE',  ( 0.000000000000000000, 1.000000000000000000, -5.551115123125790098E-17 ) ) ;
#1232 = CARTESIAN_POINT ( 'NONE',  ( -24.00000047586969742, 41.04341082298019217, 0.3351241196892044139 ) ) ;
#1233 = EDGE_LOOP ( 'NONE', ( #2567, #3021, #2976, #2523 ) ) ;
#1234 = PRODUCT_DEFINITION_SHAPE ( 'NONE', 'NONE',  #2726 ) ;
#1235 = ORIENTED_EDGE ( 'NONE', *, *, #5483, .T. ) ;
#1236 = AXIS2_PLACEMENT_3D ( 'NONE', #2153, #2039, #3474 ) ;
#1237 = SURFACE_STYLE_USAGE ( .BOTH. , #2006 ) ;
#1238 = VERTEX_POINT ( 'NONE', #4777 ) ;
#1239 = FACE_OUTER_BOUND ( 'NONE', #1664, .T. ) ;
#1240 = PRESENTATION_LAYER_ASSIGNMENT (  '', '', ( #5549 ) ) ;
#1241 = CARTESIAN_POINT ( 'NONE',  ( 23.99999952413033810, 41.04341040078032421, 0.3351238759337729078 ) ) ;
#1242 = DIRECTION ( 'NONE',  ( 1.000000000000000000, 0.000000000000000000, 0.000000000000000000 ) ) ;
#1243 =( NAMED_UNIT ( * ) PLANE_ANGLE_UNIT ( ) SI_UNIT ( $, .RADIAN. ) );
#1244 = CARTESIAN_POINT ( 'NONE',  ( 20.94936756407807010, 44.36191610501381177, -19.68822034906275320 ) ) ;
#1245 = CYLINDRICAL_SURFACE ( 'NONE', #946, 2.899999999999999911 ) ;
#1246 = ORIENTED_EDGE ( 'NONE', *, *, #3086, .T. ) ;
#1247 = AXIS2_PLACEMENT_3D ( 'NONE', #5746, #5338, #4869 ) ;
#1248 = EDGE_LOOP ( 'NONE', ( #1536, #1869, #1225, #1710, #4522 ) ) ;
#1249 = DIRECTION ( 'NONE',  ( 0.000000000000000000, -1.000000000000000000, 5.551115123125790098E-17 ) ) ;
#1250 = AXIS2_PLACEMENT_3D ( 'NONE', #281, #2152, #3958 ) ;
#1251 = CARTESIAN_POINT ( 'NONE',  ( -9.998544475869659109, 66.17108251417249676, -4.787386532327980504 ) ) ;
#1252 = DIRECTION ( 'NONE',  ( -3.755793295842400481E-19, 0.8660269715269851565, 0.4999972845804250277 ) ) ;
#1253 = DIRECTION ( 'NONE',  ( 0.6343808196897331442, -0.6694567606139332216, -0.3865082421864782236 ) ) ;
#1254 = DIRECTION ( 'NONE',  ( -1.000000000000000000, -4.336808689942019662E-19, -2.139922160430259802E-35 ) ) ;
#1255 = ORIENTED_EDGE ( 'NONE', *, *, #4967, .F. ) ;
#1256 = EDGE_CURVE ( 'NONE', #19, #5126, #3732, .T. ) ;
#1257 = ORIENTED_EDGE ( 'NONE', *, *, #648, .F. ) ;
#1258 = CARTESIAN_POINT ( 'NONE',  ( -18.49999999999997158, -9.969469327306997641, 41.78353990612919944 ) ) ;
#1259 = CIRCLE ( 'NONE', #4915, 14.99999999999998757 ) ;
#1260 = EDGE_CURVE ( 'NONE', #3889, #1170, #1519, .T. ) ;
#1261 = FILL_AREA_STYLE ('',( #4785 ) ) ;
#1262 = AXIS2_PLACEMENT_3D ( 'NONE', #4837, #5692, #3106 ) ;
#1263 = FILL_AREA_STYLE ('',( #5340 ) ) ;
#1264 = ORIENTED_EDGE ( 'NONE', *, *, #4312, .F. ) ;
#1265 = EDGE_CURVE ( 'NONE', #1769, #1715, #2278, .T. ) ;
#1266 = EDGE_LOOP ( 'NONE', ( #1433, #3060, #5473, #5582, #971, #1078, #4985, #5141, #3520, #4949, #4156, #2283, #4367, #5145, #1932, #939, #1389, #5245 ) ) ;
#1267 = PRESENTATION_LAYER_ASSIGNMENT (  '', '', ( #5478 ) ) ;
#1268 = CARTESIAN_POINT ( 'NONE',  ( 20.06783390045123738, 45.27078305731311048, -20.31818801721002998 ) ) ;
#1269 = PRESENTATION_LAYER_ASSIGNMENT (  '', '', ( #5015 ) ) ;
#1270 = AXIS2_PLACEMENT_3D ( 'NONE', #3302, #2899, #4249 ) ;
#1271 = ORIENTED_EDGE ( 'NONE', *, *, #1260, .F. ) ;
#1272 = STYLED_ITEM ( 'NONE', ( #2945 ), #5642 ) ;
#1273 = CARTESIAN_POINT ( 'NONE',  ( 0.001455524130056700359, 64.49788526611901318, -2.289305074664881090 ) ) ;
#1274 = SURFACE_SIDE_STYLE ('',( #4387 ) ) ;
#1275 = DIRECTION ( 'NONE',  ( 0.000000000000000000, 0.000000000000000000, -1.000000000000000000 ) ) ;
#1276 = B_SPLINE_CURVE_WITH_KNOTS ( 'NONE', 3,
 ( #4810, #785, #2590, #3488, #2622, #4400, #4989, #3635, #2313, #1786 ),
 .UNSPECIFIED., .F., .F.,
 ( 4, 2, 2, 2, 4 ),
 ( 0.000000000000000000, 0.0003908460180896105706, 0.0007816920361792211412, 0.001172538054268831712, 0.001563384072358442282 ),
 .UNSPECIFIED. ) ;
#1277 = CONICAL_SURFACE ( 'NONE', #1652, 13.99999999999999822, 0.7853981633974491672 ) ;
#1278 = FILL_AREA_STYLE_COLOUR ( '', #5586 ) ;
#1279 = CARTESIAN_POINT ( 'NONE',  ( -20.37976666451678653, 33.94685719991051087, -3.762043356697709395 ) ) ;
#1280 = ORIENTED_EDGE ( 'NONE', *, *, #646, .T. ) ;
#1281 = UNCERTAINTY_MEASURE_WITH_UNIT (LENGTH_MEASURE( 1.000000000000000082E-05 ), #4190, 'distance_accuracy_value', 'NONE');
#1282 = AXIS2_PLACEMENT_3D ( 'NONE', #203, #2052, #3851 ) ;
#1283 = CIRCLE ( 'NONE', #3527, 3.000000000000002665 ) ;
#1284 = DIRECTION ( 'NONE',  ( 0.000000000000000000, 1.000000000000000000, -5.551115123125790098E-17 ) ) ;
#1285 = VECTOR ( 'NONE', #3892, 1000.000000000000000 ) ;
#1286 =( NAMED_UNIT ( * ) SI_UNIT ( $, .STERADIAN. ) SOLID_ANGLE_UNIT ( ) );
#1287 = DIRECTION ( 'NONE',  ( 8.163404592832034952E-16, -0.8660269715269850455, -0.4999972845804250277 ) ) ;
#1288 =( NAMED_UNIT ( * ) PLANE_ANGLE_UNIT ( ) SI_UNIT ( $, .RADIAN. ) );
#1289 = ORIENTED_EDGE ( 'NONE', *, *, #890, .T. ) ;
#1290 = ORIENTED_EDGE ( 'NONE', *, *, #5238, .F. ) ;
#1291 = CIRCLE ( 'NONE', #3629, 1.650000000000000355 ) ;
#1292 = CARTESIAN_POINT ( 'NONE',  ( 93.68306822113039800, 87.98387057484625018, 27.43601495165383142 ) ) ;
#1293 = LINE ( 'NONE', #5719, #5743 ) ;
#1294 = EDGE_CURVE ( 'NONE', #19, #4443, #3163, .T. ) ;
#1295 = CARTESIAN_POINT ( 'NONE',  ( 18.50000000000001421, -14.91394385214018925, 13.88353990612919908 ) ) ;
#1296 = ORIENTED_EDGE ( 'NONE', *, *, #3381, .T. ) ;
#1297 = EDGE_CURVE ( 'NONE', #3916, #4762, #266, .T. ) ;
#1298 = CARTESIAN_POINT ( 'NONE',  ( -19.99075349531944923, 43.83094341125850946, -22.30417225304264051 ) ) ;
#1299 = EDGE_CURVE ( 'NONE', #634, #2174, #3566, .T. ) ;
#1300 = ORIENTED_EDGE ( 'NONE', *, *, #1365, .T. ) ;
#1301 = CARTESIAN_POINT ( 'NONE',  ( -19.97979957778898097, 42.27079934983056830, -19.64222661025914363 ) ) ;
#1302 = EDGE_CURVE ( 'NONE', #1419, #944, #164, .T. ) ;
#1303 = FILL_AREA_STYLE ('',( #4502 ) ) ;
#1304 = PRESENTATION_STYLE_ASSIGNMENT (( #3235 ) ) ;
#1305 = PLANE ( 'NONE',  #4942 ) ;
#1306 = CARTESIAN_POINT ( 'NONE',  ( -19.50000000000000000, -12.80004193970219006, 13.01225282819994256 ) ) ;
#1307 = SURFACE_SIDE_STYLE ('',( #1747 ) ) ;
#1308 = ORIENTED_EDGE ( 'NONE', *, *, #1761, .T. ) ;
#1309 = AXIS2_PLACEMENT_3D ( 'NONE', #811, #3050, #3397 ) ;
#1310 = CARTESIAN_POINT ( 'NONE',  ( 19.56150187035914811, 41.07186938896505524, -19.91642507365358128 ) ) ;
#1311 = DIRECTION ( 'NONE',  ( -0.4802693771730954242, -0.7596104811619880381, -0.4385581401121410594 ) ) ;
#1312 = CARTESIAN_POINT ( 'NONE',  ( 8.351455524130299679, 64.67109066043231280, -2.189305617745961996 ) ) ;
#1313 = ORIENTED_EDGE ( 'NONE', *, *, #3930, .F. ) ;
#1314 = ORIENTED_EDGE ( 'NONE', *, *, #3404, .F. ) ;
#1315 = PRESENTATION_STYLE_ASSIGNMENT (( #404 ) ) ;
#1316 = CARTESIAN_POINT ( 'NONE',  ( -21.49854447586969997, 77.05527635326689051, 4.960655551757800374 ) ) ;
#1317 = VECTOR ( 'NONE', #2284, 1000.000000000000000 ) ;
#1318 = PRESENTATION_STYLE_ASSIGNMENT (( #3518 ) ) ;
#1319 = APPLICATION_CONTEXT ( 'automotive_design' ) ;
#1320 = FACE_OUTER_BOUND ( 'NONE', #5283, .T. ) ;
#1321 = EDGE_LOOP ( 'NONE', ( #1162, #3656, #286, #4006 ) ) ;
#1322 =( NAMED_UNIT ( * ) SI_UNIT ( $, .STERADIAN. ) SOLID_ANGLE_UNIT ( ) );
#1323 = AXIS2_PLACEMENT_3D ( 'NONE', #675, #5138, #2412 ) ;
#1324 = DIRECTION ( 'NONE',  ( -0.7071067811865517916, -3.925231146709418812E-17, -0.7071067811865432429 ) ) ;
#1325 = ORIENTED_EDGE ( 'NONE', *, *, #184, .T. ) ;
#1326 = MECHANICAL_DESIGN_GEOMETRIC_PRESENTATION_REPRESENTATION (  '', ( #5354 ), #3672 ) ;
#1327 = EDGE_CURVE ( 'NONE', #3550, #4319, #628, .T. ) ;
#1328 = VECTOR ( 'NONE', #27, 1000.000000000000000 ) ;
#1329 = LINE ( 'NONE', #4944, #1357 ) ;
#1330 = DIRECTION ( 'NONE',  ( 0.000000000000000000, 5.551115123125790098E-17, 1.000000000000000000 ) ) ;
#1331 = CARTESIAN_POINT ( 'NONE',  ( -19.50000000000000000, 19.33798309278793681, 17.73969508567892461 ) ) ;
#1332 = AXIS2_PLACEMENT_3D ( 'NONE', #5128, #5624, #2825 ) ;
#1333 =( NAMED_UNIT ( * ) PLANE_ANGLE_UNIT ( ) SI_UNIT ( $, .RADIAN. ) );
#1334 = ADVANCED_FACE ( 'NONE', ( #307 ), #2100, .F. ) ;
#1335 = ORIENTED_EDGE ( 'NONE', *, *, #2404, .T. ) ;
#1336 = UNCERTAINTY_MEASURE_WITH_UNIT (LENGTH_MEASURE( 1.000000000000000082E-05 ), #4514, 'distance_accuracy_value', 'NONE');
#1337 = ADVANCED_FACE ( 'NONE', ( #2516 ), #1684, .F. ) ;
#1338 = AXIS2_PLACEMENT_3D ( 'NONE', #5355, #515, #1808 ) ;
#1339 = CARTESIAN_POINT ( 'NONE',  ( 0.001455524130052699002, 56.99792599741600441, 10.70109949824630036 ) ) ;
#1340 = SURFACE_STYLE_USAGE ( .BOTH. , #1776 ) ;
#1341 = CARTESIAN_POINT ( 'NONE',  ( -18.50000000000002842, -14.91394385214018925, 13.88353990612919908 ) ) ;
#1342 = DIRECTION ( 'NONE',  ( 0.8452298854491966384, -0.5344028824244289044, 0.000000000000000000 ) ) ;
#1343 = STYLED_ITEM ( 'NONE', ( #4480 ), #3522 ) ;
#1344 = PLANE ( 'NONE',  #3705 ) ;
#1345 = CARTESIAN_POINT ( 'NONE',  ( -18.49999999999997158, -9.969469327306997641, 41.78353990612919944 ) ) ;
#1346 = FACE_OUTER_BOUND ( 'NONE', #5223, .T. ) ;
#1347 = ORIENTED_EDGE ( 'NONE', *, *, #2895, .F. ) ;
#1348 = ORIENTED_EDGE ( 'NONE', *, *, #721, .T. ) ;
#1349 = CIRCLE ( 'NONE', #3221, 3.000000000000001332 ) ;
#1350 = LINE ( 'NONE', #464, #3864 ) ;
#1351 = PRESENTATION_STYLE_ASSIGNMENT (( #3172 ) ) ;
#1352 = CYLINDRICAL_SURFACE ( 'NONE', #4467, 130.0140355387000000 ) ;
#1353 = PLANE ( 'NONE',  #1090 ) ;
#1354 = CARTESIAN_POINT ( 'NONE',  ( -14.49854447586969997, 44.54542484137370906, 3.511696663276298480 ) ) ;
#1355 = VERTEX_POINT ( 'NONE', #5616 ) ;
#1356 = CIRCLE ( 'NONE', #3803, 13.99999999999999822 ) ;
#1357 = VECTOR ( 'NONE', #4530, 999.9999999999998863 ) ;
#1358 = DIRECTION ( 'NONE',  ( 1.000000000000000000, 4.336808689942019662E-19, -2.407412430484050162E-35 ) ) ;
#1359 = CARTESIAN_POINT ( 'NONE',  ( 23.99999952413039850, 69.84054059124160574, 14.21437664482089858 ) ) ;
#1360 = VERTEX_POINT ( 'NONE', #1597 ) ;
#1361 = STYLED_ITEM ( 'NONE', ( #5298 ), #1737 ) ;
#1362 = LINE ( 'NONE', #4074, #4352 ) ;
#1363 = CARTESIAN_POINT ( 'NONE',  ( 18.35845050076081364, 32.05723306756679847, -3.698312010255720317 ) ) ;
#1364 = PLANE ( 'NONE',  #2883 ) ;
#1365 = EDGE_CURVE ( 'NONE', #3168, #2289, #5177, .T. ) ;
#1366 = CIRCLE ( 'NONE', #5761, 2.899999999999999911 ) ;
#1367 = DIRECTION ( 'NONE',  ( 4.394072800077409804E-10, -0.4999972845766649243, 0.8660269715291559756 ) ) ;
#1368 = SURFACE_STYLE_USAGE ( .BOTH. , #3094 ) ;
#1369 = ORIENTED_EDGE ( 'NONE', *, *, #359, .F. ) ;
#1370 = COLOUR_RGB ( '',0.9254901960784314152, 0.9254901960784314152, 0.9254901960784314152 ) ;
#1371 = AXIS2_PLACEMENT_3D ( 'NONE', #4025, #3189, #487 ) ;
#1372 = PLANE ( 'NONE',  #2569 ) ;
#1373 = EDGE_CURVE ( 'NONE', #2521, #550, #5647, .T. ) ;
#1374 = CARTESIAN_POINT ( 'NONE',  ( 18.50000000000001421, 1.017499851658588916, -0.7091502389341766133 ) ) ;
#1375 = VECTOR ( 'NONE', #682, 1000.000000000000000 ) ;
#1376 =( NAMED_UNIT ( * ) PLANE_ANGLE_UNIT ( ) SI_UNIT ( $, .RADIAN. ) );
#1377 = EDGE_CURVE ( 'NONE', #5603, #1360, #2609, .T. ) ;
#1378 = CARTESIAN_POINT ( 'NONE',  ( -23.52198713463297963, 40.59729946834935532, 1.107816494955553122 ) ) ;
#1379 = CARTESIAN_POINT ( 'NONE',  ( -18.84063064232597284, 41.35617464738645310, -20.70700710473577288 ) ) ;
#1380 = DIRECTION ( 'NONE',  ( 1.000000000000000000, 0.000000000000000000, 0.000000000000000000 ) ) ;
#1381 = DIRECTION ( 'NONE',  ( 3.926927030438489722E-51, 5.551115123125790098E-17, 1.000000000000000000 ) ) ;
#1382 = ORIENTED_EDGE ( 'NONE', *, *, #5703, .F. ) ;
#1383 = ORIENTED_EDGE ( 'NONE', *, *, #265, .F. ) ;
#1384 = VECTOR ( 'NONE', #2489, 1000.000000000000000 ) ;
#1385 = DIRECTION ( 'NONE',  ( 0.000000000000000000, -0.4999972845804188104, 0.8660269715269887092 ) ) ;
#1386 = CIRCLE ( 'NONE', #442, 28.65000000000000213 ) ;
#1387 = SURFACE_SIDE_STYLE ('',( #3662 ) ) ;
#1388 = SURFACE_STYLE_FILL_AREA ( #470 ) ;
#1389 = ORIENTED_EDGE ( 'NONE', *, *, #1836, .T. ) ;
#1390 = MECHANICAL_DESIGN_GEOMETRIC_PRESENTATION_REPRESENTATION (  '', ( #1480 ), #5228 ) ;
#1391 =( NAMED_UNIT ( * ) PLANE_ANGLE_UNIT ( ) SI_UNIT ( $, .RADIAN. ) );
#1392 = ORIENTED_EDGE ( 'NONE', *, *, #4951, .F. ) ;
#1393 = CYLINDRICAL_SURFACE ( 'NONE', #4528, 4.000000000000002665 ) ;
#1394 = FACE_OUTER_BOUND ( 'NONE', #562, .T. ) ;
#1395 = SURFACE_STYLE_FILL_AREA ( #2750 ) ;
#1396 = ORIENTED_EDGE ( 'NONE', *, *, #5105, .T. ) ;
#1397 = LINE ( 'NONE', #2223, #3032 ) ;
#1398 = DIRECTION ( 'NONE',  ( -0.7071067811865463515, 0.7071067811865487940, -3.925231146709449626E-17 ) ) ;
#1399 = DIRECTION ( 'NONE',  ( -4.274005433961837593E-12, -0.4999972841998376882, 0.8660269717467156125 ) ) ;
#1400 = CARTESIAN_POINT ( 'NONE',  ( 19.49854399992268128, 34.36044124302523528, -3.523262227123244994 ) ) ;
#1401 = CARTESIAN_POINT ( 'NONE',  ( 18.50000000000001421, -26.62172815897734779, 41.78353990612919944 ) ) ;
#1402 = EDGE_CURVE ( 'NONE', #3454, #5430, #5322, .T. ) ;
#1403 = FILL_AREA_STYLE_COLOUR ( '', #5058 ) ;
#1404 = VERTEX_POINT ( 'NONE', #1444 ) ;
#1405 = ORIENTED_EDGE ( 'NONE', *, *, #964, .F. ) ;
#1406 = EDGE_CURVE ( 'NONE', #3916, #4425, #6, .T. ) ;
#1407 =( NAMED_UNIT ( * ) SI_UNIT ( $, .STERADIAN. ) SOLID_ANGLE_UNIT ( ) );
#1408 = LINE ( 'NONE', #522, #4546 ) ;
#1409 =( NAMED_UNIT ( * ) PLANE_ANGLE_UNIT ( ) SI_UNIT ( $, .RADIAN. ) );
#1410 = CARTESIAN_POINT ( 'NONE',  ( -18.45334005075918782, 32.05983035314765317, -3.699531447988631871 ) ) ;
#1411 = CARTESIAN_POINT ( 'NONE',  ( 21.50086736455029879, 41.84245399569490331, 1.951147018089098184 ) ) ;
#1412 = CARTESIAN_POINT ( 'NONE',  ( -19.42631456302968118, 41.38791906750080329, -20.13633634734085831 ) ) ;
#1413 = VERTEX_POINT ( 'NONE', #3559 ) ;
#1414 = ADVANCED_FACE ( 'NONE', ( #4438 ), #559, .T. ) ;
#1415 =( GEOMETRIC_REPRESENTATION_CONTEXT ( 3 ) GLOBAL_UNCERTAINTY_ASSIGNED_CONTEXT ( ( #5793 ) ) GLOBAL_UNIT_ASSIGNED_CONTEXT ( ( #420, #1773, #5326 ) ) REPRESENTATION_CONTEXT ( 'NONE', 'WORKASPACE' ) );
#1416 = CARTESIAN_POINT ( 'NONE',  ( -18.49999999999997158, -5.741665502431001045, 22.91461417152277136 ) ) ;
#1417 = CARTESIAN_POINT ( 'NONE',  ( -19.38181883762612756, 41.41693495680546278, -20.34927388429882100 ) ) ;
#1418 = CARTESIAN_POINT ( 'NONE',  ( 16.31793718862257236, -26.62172815897734779, 38.12678048739233105 ) ) ;
#1419 = VERTEX_POINT ( 'NONE', #1744 ) ;
#1420 = AXIS2_PLACEMENT_3D ( 'NONE', #3317, #2471, #5539 ) ;
#1421 = AXIS2_PLACEMENT_3D ( 'NONE', #653, #2448, #1507 ) ;
#1422 = COLOUR_RGB ( '',0.9254901960784314152, 0.9254901960784314152, 0.9254901960784314152 ) ;
#1423 = CARTESIAN_POINT ( 'NONE',  ( -20.37975173490489311, 43.39115338044373260, -20.12021721781864514 ) ) ;
#1424 = ORIENTED_EDGE ( 'NONE', *, *, #2451, .T. ) ;
#1425 = CARTESIAN_POINT ( 'NONE',  ( 23.99999952412116500, 70.92134134027044468, 17.58503043748830663 ) ) ;
#1426 = STYLED_ITEM ( 'NONE', ( #2614 ), #2910 ) ;
#1427 = CARTESIAN_POINT ( 'NONE',  ( 18.49999895130076055, 41.73762237706829836, -21.09828942821048869 ) ) ;
#1428 = SURFACE_STYLE_USAGE ( .BOTH. , #427 ) ;
#1429 = PLANE ( 'NONE',  #4083 ) ;
#1430 = DIRECTION ( 'NONE',  ( -0.000000000000000000, -5.551115123125790098E-17, -1.000000000000000000 ) ) ;
#1431 = PLANE ( 'NONE',  #5776 ) ;
#1432 = VERTEX_POINT ( 'NONE', #4183 ) ;
#1433 = ORIENTED_EDGE ( 'NONE', *, *, #4118, .T. ) ;
#1434 = VERTEX_POINT ( 'NONE', #152 ) ;
#1435 = CARTESIAN_POINT ( 'NONE',  ( -12.65130252591150040, -20.46946932730794089, 17.58353990612919659 ) ) ;
#1436 = LINE ( 'NONE', #4145, #2291 ) ;
#1437 =( NAMED_UNIT ( * ) SI_UNIT ( $, .STERADIAN. ) SOLID_ANGLE_UNIT ( ) );
#1438 = EDGE_CURVE ( 'NONE', #3215, #1441, #5567, .T. ) ;
#1439 = CARTESIAN_POINT ( 'NONE',  ( -19.50000000000000000, 1.722133822471243469, 0.0004207350893922356277 ) ) ;
#1440 = DIRECTION ( 'NONE',  ( 1.000000000000000000, 0.000000000000000000, 0.000000000000000000 ) ) ;
#1441 = VERTEX_POINT ( 'NONE', #1915 ) ;
#1442 = CARTESIAN_POINT ( 'NONE',  ( 23.89222642774008776, 40.78241849791294982, 0.7871784064547189264 ) ) ;
#1443 = EDGE_CURVE ( 'NONE', #2065, #389, #3090, .T. ) ;
#1444 = CARTESIAN_POINT ( 'NONE',  ( -19.50000000000000000, -15.46946932731194657, 37.78353990612920654 ) ) ;
#1445 = EDGE_CURVE ( 'NONE', #5394, #980, #3737, .T. ) ;
#1446 = DIRECTION ( 'NONE',  ( 0.000000000000000000, 1.000000000000000000, 0.000000000000000000 ) ) ;
#1447 = UNCERTAINTY_MEASURE_WITH_UNIT (LENGTH_MEASURE( 1.000000000000000082E-05 ), #5264, 'distance_accuracy_value', 'NONE');
#1448 = ORIENTED_EDGE ( 'NONE', *, *, #1111, .F. ) ;
#1449 = CARTESIAN_POINT ( 'NONE',  ( -18.57056699239153019, 41.91674278999430925, -21.11456508552742761 ) ) ;
#1450 = CARTESIAN_POINT ( 'NONE',  ( -9.998544475869659109, 67.67107436791040698, -7.385467446900160660 ) ) ;
#1451 = DIRECTION ( 'NONE',  ( 3.755793295842400962E-19, -0.8660269715269851565, -0.4999972845804250832 ) ) ;
#1452 = CARTESIAN_POINT ( 'NONE',  ( -14.49854447586969997, 77.05527635326689051, 4.960655551757800374 ) ) ;
#1453 = PLANE ( 'NONE',  #3177 ) ;
#1454 = EDGE_LOOP ( 'NONE', ( #1520, #765, #5650, #70 ) ) ;
#1455 = COLOUR_RGB ( '',0.9254901960784314152, 0.9254901960784314152, 0.9254901960784314152 ) ;
#1456 = PLANE ( 'NONE',  #2302 ) ;
#1457 =( NAMED_UNIT ( * ) PLANE_ANGLE_UNIT ( ) SI_UNIT ( $, .RADIAN. ) );
#1458 = EDGE_LOOP ( 'NONE', ( #5103, #1593 ) ) ;
#1459 = ORIENTED_EDGE ( 'NONE', *, *, #5310, .F. ) ;
#1460 = CARTESIAN_POINT ( 'NONE',  ( -15.50000047586970098, 80.92128703229323605, 0.2644910071906286797 ) ) ;
#1461 = CARTESIAN_POINT ( 'NONE',  ( -0.0005747638464858982480, -9.969469327306999418, 14.92835152596819981 ) ) ;
#1462 = VECTOR ( 'NONE', #4909, 1000.000000000000000 ) ;
#1463 = DIRECTION ( 'NONE',  ( 3.926927030438489722E-51, 5.551115123125790098E-17, 1.000000000000000000 ) ) ;
#1464 = FACE_OUTER_BOUND ( 'NONE', #357, .T. ) ;
#1465 = MECHANICAL_DESIGN_GEOMETRIC_PRESENTATION_REPRESENTATION (  '', ( #705 ), #1840 ) ;
#1466 = DIRECTION ( 'NONE',  ( -1.069105884036878258E-50, -5.551115123125790098E-17, -1.000000000000000000 ) ) ;
#1467 = DIRECTION ( 'NONE',  ( 2.168392568715800012E-19, -0.4999972845804249721, 0.8660269715269850455 ) ) ;
#1468 = CYLINDRICAL_SURFACE ( 'NONE', #3048, 1.650000000000000355 ) ;
#1469 = ORIENTED_EDGE ( 'NONE', *, *, #1443, .F. ) ;
#1470 = AXIS2_PLACEMENT_3D ( 'NONE', #4956, #924, #3049 ) ;
#1471 = CIRCLE ( 'NONE', #2402, 2.999999999999999112 ) ;
#1472 = EDGE_CURVE ( 'NONE', #1203, #4313, #724, .T. ) ;
#1473 = SURFACE_STYLE_USAGE ( .BOTH. , #5055 ) ;
#1474 =( NAMED_UNIT ( * ) SI_UNIT ( $, .STERADIAN. ) SOLID_ANGLE_UNIT ( ) );
#1475 = CIRCLE ( 'NONE', #1853, 1.649999999999998579 ) ;
#1476 = DIRECTION ( 'NONE',  ( 0.000000000000000000, 1.000000000000000000, 0.000000000000000000 ) ) ;
#1477 = EDGE_CURVE ( 'NONE', #5346, #812, #4265, .T. ) ;
#1478 = ORIENTED_EDGE ( 'NONE', *, *, #1402, .T. ) ;
#1479 = EDGE_CURVE ( 'NONE', #2065, #5498, #68, .T. ) ;
#1480 = STYLED_ITEM ( 'NONE', ( #395 ), #1186 ) ;
#1481 = DIRECTION ( 'NONE',  ( 3.926927030438489722E-51, 5.551115123125790098E-17, 1.000000000000000000 ) ) ;
#1482 = DIRECTION ( 'NONE',  ( 2.124151195073640569E-19, 0.4999972845804250832, -0.8660269715269852675 ) ) ;
#1483 =( LENGTH_UNIT ( ) NAMED_UNIT ( * ) SI_UNIT ( .MILLI., .METRE. ) );
#1484 = CARTESIAN_POINT ( 'NONE',  ( 10.00145552413030003, 67.17107708332700611, -6.519440475373750488 ) ) ;
#1485 = VERTEX_POINT ( 'NONE', #182 ) ;
#1486 = AXIS2_PLACEMENT_3D ( 'NONE', #1142, #5514, #2441 ) ;
#1487 = EDGE_CURVE ( 'NONE', #5014, #3881, #1563, .T. ) ;
#1488 = FACE_OUTER_BOUND ( 'NONE', #4722, .T. ) ;
#1489 = DIRECTION ( 'NONE',  ( 1.000000000000000000, -0.000000000000000000, -0.000000000000000000 ) ) ;
#1490 = DIRECTION ( 'NONE',  ( 0.000000000000000000, 0.8660269715269852675, 0.4999972845804249721 ) ) ;
#1491 = COLOUR_RGB ( '',0.9254901960784314152, 0.9254901960784314152, 0.9254901960784314152 ) ;
#1492 = FACE_OUTER_BOUND ( 'NONE', #2275, .T. ) ;
#1493 = CARTESIAN_POINT ( 'NONE',  ( 20.18794995577260565, 43.05484018394651713, -20.22871177541551546 ) ) ;
#1494 = VERTEX_POINT ( 'NONE', #3029 ) ;
#1495 = ORIENTED_EDGE ( 'NONE', *, *, #3119, .F. ) ;
#1496 = CARTESIAN_POINT ( 'NONE',  ( 18.50000000000001421, -9.969469327306999418, 14.92835152596819981 ) ) ;
#1497 = CARTESIAN_POINT ( 'NONE',  ( 18.62237768250292191, 41.61063105898606551, -20.96248287094367058 ) ) ;
#1498 = DIRECTION ( 'NONE',  ( -3.755793295842400481E-19, 0.8660269715269851565, 0.4999972845804250277 ) ) ;
#1499 = ORIENTED_EDGE ( 'NONE', *, *, #356, .F. ) ;
#1500 = CARTESIAN_POINT ( 'NONE',  ( 19.27099660618676324, 41.17227836002049912, -20.31729682974692253 ) ) ;
#1501 = DIRECTION ( 'NONE',  ( 1.000000000000000000, 4.336808689942020625E-19, -4.306634346273544760E-19 ) ) ;
#1502 = UNCERTAINTY_MEASURE_WITH_UNIT (LENGTH_MEASURE( 1.000000000000000082E-05 ), #3825, 'distance_accuracy_value', 'NONE');
#1503 = SURFACE_STYLE_USAGE ( .BOTH. , #5516 ) ;
#1504 =( LENGTH_UNIT ( ) NAMED_UNIT ( * ) SI_UNIT ( .MILLI., .METRE. ) );
#1505 = AXIS2_PLACEMENT_3D ( 'NONE', #372, #3054, #4868 ) ;
#1506 = ADVANCED_FACE ( 'NONE', ( #5775 ), #3170, .F. ) ;
#1507 = DIRECTION ( 'NONE',  ( 0.9999997078848689158, 0.0006619472932765735687, 0.0003821726805920217180 ) ) ;
#1508 = ORIENTED_EDGE ( 'NONE', *, *, #5634, .F. ) ;
#1509 = AXIS2_PLACEMENT_3D ( 'NONE', #299, #763, #1677 ) ;
#1510 = DIRECTION ( 'NONE',  ( 0.000000000000000000, 5.551115123125790098E-17, 1.000000000000000000 ) ) ;
#1511 = EDGE_CURVE ( 'NONE', #371, #4727, #3951, .T. ) ;
#1512 =( NAMED_UNIT ( * ) SI_UNIT ( $, .STERADIAN. ) SOLID_ANGLE_UNIT ( ) );
#1513 = STYLED_ITEM ( 'NONE', ( #588 ), #579 ) ;
#1514 = FACE_OUTER_BOUND ( 'NONE', #512, .T. ) ;
#1515 = EDGE_CURVE ( 'NONE', #4713, #1769, #1708, .T. ) ;
#1516 = DIRECTION ( 'NONE',  ( -1.000000000000000000, -4.336808689942019662E-19, 2.407412430484050162E-35 ) ) ;
#1517 = ORIENTED_EDGE ( 'NONE', *, *, #76, .F. ) ;
#1518 = AXIS2_PLACEMENT_3D ( 'NONE', #1723, #831, #2549 ) ;
#1519 = B_SPLINE_CURVE_WITH_KNOTS ( 'NONE', 3,
 ( #779, #1810, #4084, #1378, #891, #922 ),
 .UNSPECIFIED., .F., .F.,
 ( 4, 2, 4 ),
 ( 0.000000000000000000, 0.5000000000000000000, 1.000000000000000000 ),
 .UNSPECIFIED. ) ;
#1520 = ORIENTED_EDGE ( 'NONE', *, *, #321, .T. ) ;
#1521 = DIRECTION ( 'NONE',  ( -2.168392568715800493E-19, 0.4999972845804250832, -0.8660269715269852675 ) ) ;
#1522 = CARTESIAN_POINT ( 'NONE',  ( -19.97969632563023623, 42.27079934983056830, -19.64232986241788836 ) ) ;
#1523 = CIRCLE ( 'NONE', #2840, 28.65000000000000213 ) ;
#1524 = CARTESIAN_POINT ( 'NONE',  ( -24.00000047578756224, 80.42128974007768250, 1.130517974309524165 ) ) ;
#1525 = LINE ( 'NONE', #641, #148 ) ;
#1526 = VERTEX_POINT ( 'NONE', #4427 ) ;
#1527 = CARTESIAN_POINT ( 'NONE',  ( -20.95165601195209248, 44.36220204529747235, -19.68805526255849614 ) ) ;
#1528 = CARTESIAN_POINT ( 'NONE',  ( 18.50000000000001421, -29.96946932730795154, 13.88353990612919908 ) ) ;
#1529 = CARTESIAN_POINT ( 'NONE',  ( 21.50001293418186776, 75.77068232399764725, 7.496102650605244833 ) ) ;
#1530 = COLOUR_RGB ( '',0.9254901960784314152, 0.9254901960784314152, 0.9254901960784314152 ) ;
#1531 = VECTOR ( 'NONE', #3186, 1000.000000000000000 ) ;
#1532 = VECTOR ( 'NONE', #305, 1000.000000000000000 ) ;
#1533 = CARTESIAN_POINT ( 'NONE',  ( -18.49999999999997158, -9.083371239745002157, 26.23306922277573250 ) ) ;
#1534 = FILL_AREA_STYLE_COLOUR ( '', #1370 ) ;
#1535 = DIRECTION ( 'NONE',  ( 0.000000000000000000, -0.9659250147588526181, 0.2588220737555249062 ) ) ;
#1536 = ORIENTED_EDGE ( 'NONE', *, *, #5310, .T. ) ;
#1537 =( NAMED_UNIT ( * ) PLANE_ANGLE_UNIT ( ) SI_UNIT ( $, .RADIAN. ) );
#1538 = DIRECTION ( 'NONE',  ( 1.000000000000000000, 4.336808689942019662E-19, -2.407412430484050162E-35 ) ) ;
#1539 = EDGE_CURVE ( 'NONE', #3195, #5669, #2999, .T. ) ;
#1540 = AXIS2_PLACEMENT_3D ( 'NONE', #2794, #5017, #4547 ) ;
#1541 = DIRECTION ( 'NONE',  ( 1.000000000000000000, -0.000000000000000000, -0.000000000000000000 ) ) ;
#1542 = DIRECTION ( 'NONE',  ( 2.168392568715800012E-19, -0.4999972845804249721, 0.8660269715269850455 ) ) ;
#1543 = CARTESIAN_POINT ( 'NONE',  ( 15.09869747408849960, -26.62172815897734779, 38.78353990612922786 ) ) ;
#1544 = CARTESIAN_POINT ( 'NONE',  ( 18.45543610557214009, 41.61798804149783848, -21.08640690994312905 ) ) ;
#1545 = ORIENTED_EDGE ( 'NONE', *, *, #4003, .F. ) ;
#1546 = EDGE_CURVE ( 'NONE', #2805, #4743, #5136, .T. ) ;
#1547 = PRESENTATION_LAYER_ASSIGNMENT (  '', '', ( #141 ) ) ;
#1548 = EDGE_LOOP ( 'NONE', ( #5251, #2050, #112, #1764, #5644, #519 ) ) ;
#1549 = SURFACE_STYLE_USAGE ( .BOTH. , #1130 ) ;
#1550 = EDGE_CURVE ( 'NONE', #168, #2120, #842, .T. ) ;
#1551 = CARTESIAN_POINT ( 'NONE',  ( 18.79828193209722542, 41.41643590431365851, -20.75940286902160636 ) ) ;
#1552 = DIRECTION ( 'NONE',  ( 1.000000000000000000, 0.000000000000000000, 0.000000000000000000 ) ) ;
#1553 = CARTESIAN_POINT ( 'NONE',  ( 42.43876632627849688, -26.62172815897734779, 29.58353990612920015 ) ) ;
#1554 = VECTOR ( 'NONE', #5067, 1000.000000000000000 ) ;
#1555 = CARTESIAN_POINT ( 'NONE',  ( -19.64512161631020604, 44.41513863377184634, -20.72600700261468987 ) ) ;
#1556 = VERTEX_POINT ( 'NONE', #4838 ) ;
#1557 = DIRECTION ( 'NONE',  ( 0.000000000000000000, 0.000000000000000000, 1.000000000000000000 ) ) ;
#1558 = MECHANICAL_DESIGN_GEOMETRIC_PRESENTATION_REPRESENTATION (  '', ( #1272 ), #3713 ) ;
#1559 = DIRECTION ( 'NONE',  ( 0.000000000000000000, 5.551115123125790098E-17, 1.000000000000000000 ) ) ;
#1560 = EDGE_CURVE ( 'NONE', #4402, #953, #5748, .T. ) ;
#1561 = PRESENTATION_LAYER_ASSIGNMENT (  '', '', ( #3821 ) ) ;
#1562 = DIRECTION ( 'NONE',  ( 0.000000000000000000, -1.000000000000000000, 5.551115123125790098E-17 ) ) ;
#1563 = LINE ( 'NONE', #3082, #3349 ) ;
#1564 = UNCERTAINTY_MEASURE_WITH_UNIT (LENGTH_MEASURE( 1.000000000000000082E-05 ), #5371, 'distance_accuracy_value', 'NONE');
#1565 = STYLED_ITEM ( 'NONE', ( #5377 ), #821 ) ;
#1566 = EDGE_LOOP ( 'NONE', ( #1989, #3831, #3043, #2366 ) ) ;
#1567 = PRESENTATION_LAYER_ASSIGNMENT (  '', '', ( #4108 ) ) ;
#1568 = DIRECTION ( 'NONE',  ( 0.7071067811865536790, 0.3005160437229760784, 0.6400703925859106969 ) ) ;
#1569 = FACE_OUTER_BOUND ( 'NONE', #4638, .T. ) ;
#1570 = ORIENTED_EDGE ( 'NONE', *, *, #1944, .F. ) ;
#1571 = COLOUR_RGB ( '',0.9254901960784314152, 0.9254901960784314152, 0.9254901960784314152 ) ;
#1572 = CARTESIAN_POINT ( 'NONE',  ( -18.49999999999997158, 9.473107501410597209, 7.805701449348794618 ) ) ;
#1573 = CARTESIAN_POINT ( 'NONE',  ( 13.66873190018350037, -26.62172815897734779, 37.78353990612920654 ) ) ;
#1574 = FILL_AREA_STYLE_COLOUR ( '', #1177 ) ;
#1575 = COLOUR_RGB ( '',0.9254901960784314152, 0.9254901960784314152, 0.9254901960784314152 ) ;
#1576 = PLANE ( 'NONE',  #2792 ) ;
#1577 = ORIENTED_EDGE ( 'NONE', *, *, #1005, .F. ) ;
#1578 = ORIENTED_EDGE ( 'NONE', *, *, #5747, .T. ) ;
#1579 = VERTEX_POINT ( 'NONE', #322 ) ;
#1580 = CYLINDRICAL_SURFACE ( 'NONE', #1332, 1.000000000000000222 ) ;
#1581 = ADVANCED_FACE ( 'NONE', ( #3491 ), #5158, .F. ) ;
#1582 = CARTESIAN_POINT ( 'NONE',  ( 21.50145552413040306, 50.86476124100940410, 0.8092993514415992573 ) ) ;
#1583 = SURFACE_SIDE_STYLE ('',( #3287 ) ) ;
#1584 = EDGE_LOOP ( 'NONE', ( #3585, #5214, #3606, #260 ) ) ;
#1585 = CARTESIAN_POINT ( 'NONE',  ( 21.50145552413040306, 72.09746746835139675, 13.54789461569509612 ) ) ;
#1586 = EDGE_CURVE ( 'NONE', #5252, #2198, #2957, .T. ) ;
#1587 = ORIENTED_EDGE ( 'NONE', *, *, #1910, .T. ) ;
#1588 = PRESENTATION_LAYER_ASSIGNMENT (  '', '', ( #1110 ) ) ;
#1589 = FACE_OUTER_BOUND ( 'NONE', #2715, .T. ) ;
#1590 = CARTESIAN_POINT ( 'NONE',  ( -19.99075349531944923, 34.77697698890425215, -6.622128844273658999 ) ) ;
#1591 = LINE ( 'NONE', #1947, #71 ) ;
#1592 = EDGE_CURVE ( 'NONE', #4720, #5335, #2554, .T. ) ;
#1593 = ORIENTED_EDGE ( 'NONE', *, *, #5380, .T. ) ;
#1594 = DIRECTION ( 'NONE',  ( 1.000000000000000000, 4.336808689942019662E-19, -2.407412430484050162E-35 ) ) ;
#1595 = DIRECTION ( 'NONE',  ( 0.000000000000000000, 0.9051962300684739393, -0.4249938647437424000 ) ) ;
#1596 = ORIENTED_EDGE ( 'NONE', *, *, #4408, .F. ) ;
#1597 = CARTESIAN_POINT ( 'NONE',  ( 23.99999952413039850, 75.66667514571639686, 6.608437384583800700 ) ) ;
#1598 = DIRECTION ( 'NONE',  ( 0.000000000000000000, -5.551115123125790098E-17, -1.000000000000000000 ) ) ;
#1599 = CARTESIAN_POINT ( 'NONE',  ( 23.99999952413039850, 73.35963260478160919, 12.36175007259169689 ) ) ;
#1600 = VERTEX_POINT ( 'NONE', #2434 ) ;
#1601 = PRESENTATION_LAYER_ASSIGNMENT (  '', '', ( #2738 ) ) ;
#1602 = VERTEX_POINT ( 'NONE', #2885 ) ;
#1603 = PRESENTATION_LAYER_ASSIGNMENT (  '', '', ( #4151 ) ) ;
#1604 = ORIENTED_EDGE ( 'NONE', *, *, #1944, .T. ) ;
#1605 = DIRECTION ( 'NONE',  ( 2.168392568715800012E-19, -0.4999972845804249721, 0.8660269715269850455 ) ) ;
#1606 = CARTESIAN_POINT ( 'NONE',  ( 19.50000000000000000, -9.788005210557660263, 25.52349824875215845 ) ) ;
#1607 = LINE ( 'NONE', #4832, #2056 ) ;
#1608 = VERTEX_POINT ( 'NONE', #4778 ) ;
#1609 = CARTESIAN_POINT ( 'NONE',  ( 28.76873190018350357, -26.62172815897734779, 17.38353990612920086 ) ) ;
#1610 = ORIENTED_EDGE ( 'NONE', *, *, #4773, .F. ) ;
#1611 = CARTESIAN_POINT ( 'NONE',  ( 18.79984283793479349, 42.51589194397189431, -21.13203023782313039 ) ) ;
#1612 = DIRECTION ( 'NONE',  ( 1.000000000000000000, 0.000000000000000000, 0.000000000000000000 ) ) ;
#1613 = AXIS2_PLACEMENT_3D ( 'NONE', #4082, #864, #5330 ) ;
#1614 = EDGE_CURVE ( 'NONE', #4153, #1579, #1166, .T. ) ;
#1615 =( NAMED_UNIT ( * ) PLANE_ANGLE_UNIT ( ) SI_UNIT ( $, .RADIAN. ) );
#1616 = UNCERTAINTY_MEASURE_WITH_UNIT (LENGTH_MEASURE( 1.000000000000000082E-05 ), #4595, 'distance_accuracy_value', 'NONE');
#1617 = EDGE_CURVE ( 'NONE', #4842, #3640, #3913, .T. ) ;
#1618 = ORIENTED_EDGE ( 'NONE', *, *, #328, .F. ) ;
#1619 = EDGE_CURVE ( 'NONE', #389, #2805, #4095, .T. ) ;
#1620 = CARTESIAN_POINT ( 'NONE',  ( -13.39854447163365947, 67.42107572350370504, -6.952453957474550528 ) ) ;
#1621 = AXIS2_PLACEMENT_3D ( 'NONE', #4979, #5385, #5794 ) ;
#1622 = LINE ( 'NONE', #3410, #426 ) ;
#1623 = ORIENTED_EDGE ( 'NONE', *, *, #1975, .F. ) ;
#1624 = CARTESIAN_POINT ( 'NONE',  ( -13.89854447586339248, 67.67107436790877273, -7.385467446901107458 ) ) ;
#1625 = CARTESIAN_POINT ( 'NONE',  ( 22.99999952413029902, 70.92134134031934423, 17.58503043751652939 ) ) ;
#1626 = DIRECTION ( 'NONE',  ( -0.7071067811865423547, 0.3005160437229830728, 0.6400703925859196897 ) ) ;
#1627 = CARTESIAN_POINT ( 'NONE',  ( 19.12739282815023145, 43.29663919277705020, -21.04863704174626093 ) ) ;
#1628 = ORIENTED_EDGE ( 'NONE', *, *, #4594, .F. ) ;
#1629 = ORIENTED_EDGE ( 'NONE', *, *, #2154, .T. ) ;
#1630 = CARTESIAN_POINT ( 'NONE',  ( -20.37975173490489311, 43.39115338044373260, -20.12021721781864514 ) ) ;
#1631 = CIRCLE ( 'NONE', #3806, 3.000000000000001776 ) ;
#1632 = ORIENTED_EDGE ( 'NONE', *, *, #5061, .T. ) ;
#1633 = DIRECTION ( 'NONE',  ( 3.926927030438489722E-51, 5.551115123125790098E-17, 1.000000000000000000 ) ) ;
#1634 = DIRECTION ( 'NONE',  ( 1.000000000000000000, 0.000000000000000000, 0.000000000000000000 ) ) ;
#1635 = LINE ( 'NONE', #1201, #2716 ) ;
#1636 = EDGE_LOOP ( 'NONE', ( #2992, #1161, #1264, #578 ) ) ;
#1637 = LINE ( 'NONE', #3535, #1912 ) ;
#1638 = ORIENTED_EDGE ( 'NONE', *, *, #3586, .F. ) ;
#1639 = MECHANICAL_DESIGN_GEOMETRIC_PRESENTATION_REPRESENTATION (  '', ( #5199 ), #2684 ) ;
#1640 =( LENGTH_UNIT ( ) NAMED_UNIT ( * ) SI_UNIT ( .MILLI., .METRE. ) );
#1641 = AXIS2_PLACEMENT_3D ( 'NONE', #56, #1467, #4994 ) ;
#1642 = DIRECTION ( 'NONE',  ( -0.000000000000000000, 0.4999972845805027988, -0.8660269715269400814 ) ) ;
#1643 = AXIS2_PLACEMENT_3D ( 'NONE', #2421, #5201, #4218 ) ;
#1644 = MECHANICAL_DESIGN_GEOMETRIC_PRESENTATION_REPRESENTATION (  '', ( #2209 ), #436 ) ;
#1645 = ADVANCED_FACE ( 'NONE', ( #4340 ), #4690, .F. ) ;
#1646 = ORIENTED_EDGE ( 'NONE', *, *, #4278, .T. ) ;
#1647 = AXIS2_PLACEMENT_3D ( 'NONE', #5416, #3132, #3076 ) ;
#1648 = CIRCLE ( 'NONE', #60, 4.000000000000014211 ) ;
#1649 = EDGE_CURVE ( 'NONE', #139, #3034, #4360, .T. ) ;
#1650 = EDGE_LOOP ( 'NONE', ( #4805, #3104, #4141, #3593 ) ) ;
#1651 = SURFACE_STYLE_USAGE ( .BOTH. , #3895 ) ;
#1652 = AXIS2_PLACEMENT_3D ( 'NONE', #4395, #490, #2194 ) ;
#1653 = ADVANCED_FACE ( 'NONE', ( #3367 ), #2932, .F. ) ;
#1654 = DIRECTION ( 'NONE',  ( 0.000000000000000000, 0.000000000000000000, -1.000000000000000000 ) ) ;
#1655 = FILL_AREA_STYLE ('',( #5291 ) ) ;
#1656 = SURFACE_STYLE_USAGE ( .BOTH. , #283 ) ;
#1657 = VECTOR ( 'NONE', #5324, 1000.000000000000114 ) ;
#1658 = CARTESIAN_POINT ( 'NONE',  ( 21.50145552413040306, 73.81404857348670134, 3.089345371037398813 ) ) ;
#1659 = CARTESIAN_POINT ( 'NONE',  ( -14.49854447586969997, 75.61750588524600403, 21.45104111672489822 ) ) ;
#1660 = CARTESIAN_POINT ( 'NONE',  ( 18.61027452765388901, 42.03627546471956578, -21.13222422405229750 ) ) ;
#1661 = ORIENTED_EDGE ( 'NONE', *, *, #1070, .F. ) ;
#1662 = ORIENTED_EDGE ( 'NONE', *, *, #1617, .F. ) ;
#1663 = ADVANCED_FACE ( 'NONE', ( #834 ), #1344, .F. ) ;
#1664 = EDGE_LOOP ( 'NONE', ( #633, #3462, #1129, #2196, #402, #4789 ) ) ;
#1665 = CARTESIAN_POINT ( 'NONE',  ( -18.50000000000002842, -29.96946932730795154, 13.88353990612919908 ) ) ;
#1666 = COLOUR_RGB ( '',0.9254901960784314152, 0.9254901960784314152, 0.9254901960784314152 ) ;
#1667 = MECHANICAL_DESIGN_GEOMETRIC_PRESENTATION_REPRESENTATION (  '', ( #4041 ), #4950 ) ;
#1668 = DIRECTION ( 'NONE',  ( 2.168392568715800493E-19, -0.4999972845804250832, 0.8660269715269851565 ) ) ;
#1669 = DIRECTION ( 'NONE',  ( -4.336808689942019662E-19, 1.000000000000000000, -5.551115123125790098E-17 ) ) ;
#1670 = ORIENTED_EDGE ( 'NONE', *, *, #4118, .F. ) ;
#1671 = ORIENTED_EDGE ( 'NONE', *, *, #2600, .T. ) ;
#1672 = AXIS2_PLACEMENT_3D ( 'NONE', #1484, #5546, #3778 ) ;
#1673 = CARTESIAN_POINT ( 'NONE',  ( 19.08009645287785006, 43.17947508390376044, -21.05303097528843281 ) ) ;
#1674 = FILL_AREA_STYLE_COLOUR ( '', #5289 ) ;
#1675 = FILL_AREA_STYLE ('',( #5281 ) ) ;
#1676 = STYLED_ITEM ( 'NONE', ( #3938 ), #4664 ) ;
#1677 = DIRECTION ( 'NONE',  ( 0.000000000000000000, 0.9659250147588752666, -0.2588220737554406403 ) ) ;
#1678 = VERTEX_POINT ( 'NONE', #869 ) ;
#1679 = VERTEX_POINT ( 'NONE', #3508 ) ;
#1680 = CARTESIAN_POINT ( 'NONE',  ( 15.49999951637467710, 87.41648931872039441, 4.014470641529261030 ) ) ;
#1681 = EDGE_LOOP ( 'NONE', ( #4583, #4592, #642, #526 ) ) ;
#1682 = AXIS2_PLACEMENT_3D ( 'NONE', #2195, #4750, #5188 ) ;
#1683 = SURFACE_STYLE_USAGE ( .BOTH. , #1274 ) ;
#1684 = CYLINDRICAL_SURFACE ( 'NONE', #2893, 1.650000000000000355 ) ;
#1685 = FILL_AREA_STYLE_COLOUR ( '', #5207 ) ;
#1686 = EDGE_CURVE ( 'NONE', #3820, #755, #4029, .T. ) ;
#1687 = PRESENTATION_STYLE_ASSIGNMENT (( #3386 ) ) ;
#1688 = STYLED_ITEM ( 'NONE', ( #1033 ), #4736 ) ;
#1689 = SURFACE_STYLE_FILL_AREA ( #4917 ) ;
#1690 =( NAMED_UNIT ( * ) SI_UNIT ( $, .STERADIAN. ) SOLID_ANGLE_UNIT ( ) );
#1691 = ORIENTED_EDGE ( 'NONE', *, *, #1546, .F. ) ;
#1692 = ORIENTED_EDGE ( 'NONE', *, *, #757, .T. ) ;
#1693 = UNCERTAINTY_MEASURE_WITH_UNIT (LENGTH_MEASURE( 1.000000000000000082E-05 ), #2405, 'distance_accuracy_value', 'NONE');
#1694 = VECTOR ( 'NONE', #3139, 1000.000000000000000 ) ;
#1695 = EDGE_CURVE ( 'NONE', #139, #448, #2699, .T. ) ;
#1696 = CARTESIAN_POINT ( 'NONE',  ( -18.49984700178150376, -16.46946932731194835, 17.38353990612920086 ) ) ;
#1697 = EDGE_CURVE ( 'NONE', #926, #5435, #780, .T. ) ;
#1698 = CARTESIAN_POINT ( 'NONE',  ( -15.10130252591150146, -26.62172815897734779, 14.58353990612919837 ) ) ;
#1699 = DIRECTION ( 'NONE',  ( 1.000000000000000000, -1.098087158557379948E-14, -2.942431877982980510E-15 ) ) ;
#1700 = CARTESIAN_POINT ( 'NONE',  ( -19.50013387699110368, 40.11630696027817322, -19.63399822255724558 ) ) ;
#1701 = FACE_OUTER_BOUND ( 'NONE', #3879, .T. ) ;
#1702 = ORIENTED_EDGE ( 'NONE', *, *, #610, .T. ) ;
#1703 = ORIENTED_EDGE ( 'NONE', *, *, #4632, .F. ) ;
#1704 =( BOUNDED_CURVE ( )  B_SPLINE_CURVE ( 3, ( #4454, #3102, #1700, #835 ),
 .UNSPECIFIED., .F., .T. ) 
 B_SPLINE_CURVE_WITH_KNOTS ( ( 4, 4 ),
 ( 2.454385385096807592, 2.468556323197594882 ),
 .UNSPECIFIED. ) 
 CURVE ( )  GEOMETRIC_REPRESENTATION_ITEM ( )  RATIONAL_B_SPLINE_CURVE ( ( 1.000000000000000000, 0.9999832654461237036, 0.9999832654461237036, 1.000000000000000000 ) ) 
 REPRESENTATION_ITEM ( '' )  );
#1705 = CARTESIAN_POINT ( 'NONE',  ( 18.50000000000001421, -9.969469327311898610, 41.78353990612919944 ) ) ;
#1706 =( LENGTH_UNIT ( ) NAMED_UNIT ( * ) SI_UNIT ( .MILLI., .METRE. ) );
#1707 = MECHANICAL_DESIGN_GEOMETRIC_PRESENTATION_REPRESENTATION (  '', ( #1688 ), #2352 ) ;
#1708 = LINE ( 'NONE', #875, #5573 ) ;
#1709 = LINE ( 'NONE', #1232, #2172 ) ;
#1710 = ORIENTED_EDGE ( 'NONE', *, *, #4533, .T. ) ;
#1711 = VECTOR ( 'NONE', #4604, 1000.000000000000114 ) ;
#1712 = CARTESIAN_POINT ( 'NONE',  ( 21.50145552413040306, 51.64080004928289469, -7.262807626066340561 ) ) ;
#1713 = CIRCLE ( 'NONE', #4248, 3.000000000000000888 ) ;
#1714 = CARTESIAN_POINT ( 'NONE',  ( 14.50145552413030003, 83.11746515394800383, 8.460636543818598199 ) ) ;
#1715 = VERTEX_POINT ( 'NONE', #1813 ) ;
#1716 = PRESENTATION_LAYER_ASSIGNMENT (  '', '', ( #3979 ) ) ;
#1717 = CARTESIAN_POINT ( 'NONE',  ( 23.99999952412698079, 47.21003788519408317, -10.34587760606476614 ) ) ;
#1718 = DIRECTION ( 'NONE',  ( -1.000000000000000000, 0.000000000000000000, 0.000000000000000000 ) ) ;
#1719 = CARTESIAN_POINT ( 'NONE',  ( -19.50000000000000000, -12.09540796888953551, 13.72182380222351128 ) ) ;
#1720 = ORIENTED_EDGE ( 'NONE', *, *, #73, .F. ) ;
#1721 =( GEOMETRIC_REPRESENTATION_CONTEXT ( 3 ) GLOBAL_UNCERTAINTY_ASSIGNED_CONTEXT ( ( #275 ) ) GLOBAL_UNIT_ASSIGNED_CONTEXT ( ( #1760, #1206, #2200 ) ) REPRESENTATION_CONTEXT ( 'NONE', 'WORKASPACE' ) );
#1722 = EDGE_CURVE ( 'NONE', #376, #5613, #3569, .T. ) ;
#1723 = CARTESIAN_POINT ( 'NONE',  ( -14.49854447586969997, 52.04538411007450804, -9.478707909626702843 ) ) ;
#1724 = DIRECTION ( 'NONE',  ( 1.000000000000000000, 0.000000000000000000, 0.000000000000000000 ) ) ;
#1725 = EDGE_CURVE ( 'NONE', #518, #5750, #1223, .T. ) ;
#1726 = VERTEX_POINT ( 'NONE', #2584 ) ;
#1727 = ORIENTED_EDGE ( 'NONE', *, *, #5564, .F. ) ;
#1728 = PRESENTATION_LAYER_ASSIGNMENT (  '', '', ( #973 ) ) ;
#1729 = EDGE_CURVE ( 'NONE', #1891, #189, #2672, .T. ) ;
#1730 = LINE ( 'NONE', #4930, #1694 ) ;
#1731 = LINE ( 'NONE', #3515, #3220 ) ;
#1732 = PRESENTATION_LAYER_ASSIGNMENT (  '', '', ( #2770 ) ) ;
#1733 = PRESENTATION_STYLE_ASSIGNMENT (( #2173 ) ) ;
#1734 = CARTESIAN_POINT ( 'NONE',  ( 18.50000000000001421, -12.80004193970219006, 13.01225282819994256 ) ) ;
#1735 = VERTEX_POINT ( 'NONE', #3483 ) ;
#1736 =( BOUNDED_CURVE ( )  B_SPLINE_CURVE ( 3, ( #2027, #5325, #4752, #4320 ),
 .UNSPECIFIED., .F., .T. ) 
 B_SPLINE_CURVE_WITH_KNOTS ( ( 4, 4 ),
 ( 5.699844581424457601, 7.151778772585963395 ),
 .UNSPECIFIED. ) 
 CURVE ( )  GEOMETRIC_REPRESENTATION_ITEM ( )  RATIONAL_B_SPLINE_CURVE ( ( 1.000000000000000000, 0.8319051711227647417, 0.8319051711227647417, 1.000000000000000000 ) ) 
 REPRESENTATION_ITEM ( '' )  );
#1737 = ADVANCED_FACE ( 'NONE', ( #4453 ), #4863, .T. ) ;
#1738 = VERTEX_POINT ( 'NONE', #5333 ) ;
#1739 = FACE_OUTER_BOUND ( 'NONE', #352, .T. ) ;
#1740 = ORIENTED_EDGE ( 'NONE', *, *, #108, .F. ) ;
#1741 = CARTESIAN_POINT ( 'NONE',  ( 19.43082246135087132, 41.40409261893277204, -20.13502734128823590 ) ) ;
#1742 = CARTESIAN_POINT ( 'NONE',  ( 10.00145552413030003, 67.42107572350370504, -6.952453957474550528 ) ) ;
#1743 = COLOUR_RGB ( '',0.6274509803921568540, 0.6274509803921568540, 0.6274509803921568540 ) ;
#1744 = CARTESIAN_POINT ( 'NONE',  ( -15.50000047541855253, 76.91654634255792189, 22.20103704360835550 ) ) ;
#1745 = AXIS2_PLACEMENT_3D ( 'NONE', #1400, #1311, #1342 ) ;
#1746 = CARTESIAN_POINT ( 'NONE',  ( 12.64869747408850031, -20.46946932730794089, 17.38353990612920086 ) ) ;
#1747 = SURFACE_STYLE_FILL_AREA ( #3992 ) ;
#1748 = ORIENTED_EDGE ( 'NONE', *, *, #5376, .F. ) ;
#1749 = UNCERTAINTY_MEASURE_WITH_UNIT (LENGTH_MEASURE( 1.000000000000000082E-05 ), #2845, 'distance_accuracy_value', 'NONE');
#1750 =( GEOMETRIC_REPRESENTATION_CONTEXT ( 3 ) GLOBAL_UNCERTAINTY_ASSIGNED_CONTEXT ( ( #4267 ) ) GLOBAL_UNIT_ASSIGNED_CONTEXT ( ( #3661, #1409, #2261 ) ) REPRESENTATION_CONTEXT ( 'NONE', 'WORKASPACE' ) );
#1751 = FACE_OUTER_BOUND ( 'NONE', #276, .T. ) ;
#1752 = PRESENTATION_LAYER_ASSIGNMENT (  '', '', ( #2132 ) ) ;
#1753 = DIRECTION ( 'NONE',  ( 1.000000000000000000, 4.336808689942019662E-19, 8.559688641721049899E-35 ) ) ;
#1754 = DIRECTION ( 'NONE',  ( -2.168392568715800493E-19, 0.4999972845804250832, -0.8660269715269852675 ) ) ;
#1755 = DIRECTION ( 'NONE',  ( 0.7071067811865493491, 0.4982514590160395662, 0.5017424474652163457 ) ) ;
#1756 = CARTESIAN_POINT ( 'NONE',  ( -18.49999892751327479, 41.72810302698258766, -21.09743250905819778 ) ) ;
#1757 = ORIENTED_EDGE ( 'NONE', *, *, #1767, .F. ) ;
#1758 = ORIENTED_EDGE ( 'NONE', *, *, #3169, .F. ) ;
#1759 =( GEOMETRIC_REPRESENTATION_CONTEXT ( 3 ) GLOBAL_UNCERTAINTY_ASSIGNED_CONTEXT ( ( #4614 ) ) GLOBAL_UNIT_ASSIGNED_CONTEXT ( ( #4795, #5704, #827 ) ) REPRESENTATION_CONTEXT ( 'NONE', 'WORKASPACE' ) );
#1760 =( LENGTH_UNIT ( ) NAMED_UNIT ( * ) SI_UNIT ( .MILLI., .METRE. ) );
#1761 = EDGE_CURVE ( 'NONE', #1485, #4313, #5666, .T. ) ;
#1762 = EDGE_CURVE ( 'NONE', #4615, #1069, #794, .T. ) ;
#1763 = DIRECTION ( 'NONE',  ( 2.168392568715800012E-19, -0.4999972845804249721, 0.8660269715269850455 ) ) ;
#1764 = ORIENTED_EDGE ( 'NONE', *, *, #1438, .T. ) ;
#1765 =( NAMED_UNIT ( * ) PLANE_ANGLE_UNIT ( ) SI_UNIT ( $, .RADIAN. ) );
#1766 = EDGE_CURVE ( 'NONE', #441, #1817, #4553, .T. ) ;
#1767 = EDGE_CURVE ( 'NONE', #2146, #5367, #2871, .T. ) ;
#1768 = LINE ( 'NONE', #2129, #2780 ) ;
#1769 = VERTEX_POINT ( 'NONE', #1524 ) ;
#1770 = CARTESIAN_POINT ( 'NONE',  ( 23.24941666070530033, 48.26150486323864897, -17.43680803259081102 ) ) ;
#1771 = CARTESIAN_POINT ( 'NONE',  ( -19.50000000000000000, 42.27079934983056830, -15.12202618804811571 ) ) ;
#1772 = PRESENTATION_STYLE_ASSIGNMENT (( #3592 ) ) ;
#1773 =( NAMED_UNIT ( * ) PLANE_ANGLE_UNIT ( ) SI_UNIT ( $, .RADIAN. ) );
#1774 = ORIENTED_EDGE ( 'NONE', *, *, #4290, .F. ) ;
#1775 =( LENGTH_UNIT ( ) NAMED_UNIT ( * ) SI_UNIT ( .MILLI., .METRE. ) );
#1776 = SURFACE_SIDE_STYLE ('',( #5797 ) ) ;
#1777 = SURFACE_SIDE_STYLE ('',( #5798 ) ) ;
#1778 = DIRECTION ( 'NONE',  ( 0.000000000000000000, 0.4999972845804258603, -0.8660269715269847124 ) ) ;
#1779 = CARTESIAN_POINT ( 'NONE',  ( -18.84667517701462458, 41.34888643715412115, -20.69968412875764940 ) ) ;
#1780 = CARTESIAN_POINT ( 'NONE',  ( 19.50000000000000000, -26.62172815897734779, 37.78353990612920654 ) ) ;
#1781 = CIRCLE ( 'NONE', #4784, 4.000000000000003553 ) ;
#1782 = SURFACE_STYLE_USAGE ( .BOTH. , #2338 ) ;
#1783 = ORIENTED_EDGE ( 'NONE', *, *, #4960, .F. ) ;
#1784 = EDGE_LOOP ( 'NONE', ( #4261, #4576, #662, #3125 ) ) ;
#1785 = PLANE ( 'NONE',  #3377 ) ;
#1786 = CARTESIAN_POINT ( 'NONE',  ( -22.37377208364722492, 38.68242955330903499, 0.1267192665902439896 ) ) ;
#1787 =( NAMED_UNIT ( * ) SI_UNIT ( $, .STERADIAN. ) SOLID_ANGLE_UNIT ( ) );
#1788 = DIRECTION ( 'NONE',  ( -1.000000000000000000, 0.000000000000000000, 0.000000000000000000 ) ) ;
#1789 = ORIENTED_EDGE ( 'NONE', *, *, #73, .T. ) ;
#1790 = PRESENTATION_LAYER_ASSIGNMENT (  '', '', ( #3479 ) ) ;
#1791 = ORIENTED_EDGE ( 'NONE', *, *, #3787, .F. ) ;
#1792 = EDGE_CURVE ( 'NONE', #1404, #2074, #992, .T. ) ;
#1793 = CYLINDRICAL_SURFACE ( 'NONE', #945, 1.650000000000000355 ) ;
#1794 = CARTESIAN_POINT ( 'NONE',  ( -19.50000000000000000, -15.46946932731194835, 17.38353990612920086 ) ) ;
#1795 = EDGE_CURVE ( 'NONE', #2103, #4423, #3594, .T. ) ;
#1796 = ORIENTED_EDGE ( 'NONE', *, *, #5345, .F. ) ;
#1797 = AXIS2_PLACEMENT_3D ( 'NONE', #4907, #4431, #5370 ) ;
#1798 = ADVANCED_FACE ( 'NONE', ( #145 ), #2297, .T. ) ;
#1799 = CARTESIAN_POINT ( 'NONE',  ( -23.50000000000000000, 42.16844476950047493, -23.26400934106332130 ) ) ;
#1800 = DIRECTION ( 'NONE',  ( 2.168392568715800252E-19, -0.4999972845804250277, 0.8660269715269851565 ) ) ;
#1801 = AXIS2_PLACEMENT_3D ( 'NONE', #5585, #1927, #5043 ) ;
#1802 = PRESENTATION_STYLE_ASSIGNMENT (( #3532 ) ) ;
#1803 = DIRECTION ( 'NONE',  ( -4.336808689942019662E-19, 1.000000000000000000, -5.551115123125790098E-17 ) ) ;
#1804 = ORIENTED_EDGE ( 'NONE', *, *, #3658, .F. ) ;
#1805 = UNCERTAINTY_MEASURE_WITH_UNIT (LENGTH_MEASURE( 1.000000000000000082E-05 ), #4629, 'distance_accuracy_value', 'NONE');
#1806 = MECHANICAL_DESIGN_GEOMETRIC_PRESENTATION_REPRESENTATION (  '', ( #1343 ), #1149 ) ;
#1807 = FILL_AREA_STYLE_COLOUR ( '', #4339 ) ;
#1808 = DIRECTION ( 'NONE',  ( 0.000000000000000000, 0.000000000000000000, 1.000000000000000000 ) ) ;
#1809 = LINE ( 'NONE', #4115, #150 ) ;
#1810 = CARTESIAN_POINT ( 'NONE',  ( -24.00000047586969032, 40.91251145782739229, 0.5618492300206356926 ) ) ;
#1811 = CIRCLE ( 'NONE', #1540, 2.999999999999997780 ) ;
#1812 = LINE ( 'NONE', #3652, #2880 ) ;
#1813 = CARTESIAN_POINT ( 'NONE',  ( -24.00000047586877017, 70.92134134028201231, 17.58503043749497152 ) ) ;
#1814 = DIRECTION ( 'NONE',  ( -1.000000000000000000, -4.336808689942019662E-19, 5.135813185032630367E-34 ) ) ;
#1815 = DIRECTION ( 'NONE',  ( 1.000000000000000000, 0.000000000000000000, 0.000000000000000000 ) ) ;
#1816 = ORIENTED_EDGE ( 'NONE', *, *, #710, .F. ) ;
#1817 = VERTEX_POINT ( 'NONE', #2375 ) ;
#1818 =( GEOMETRIC_REPRESENTATION_CONTEXT ( 3 ) GLOBAL_UNCERTAINTY_ASSIGNED_CONTEXT ( ( #969 ) ) GLOBAL_UNIT_ASSIGNED_CONTEXT ( ( #3680, #1537, #162 ) ) REPRESENTATION_CONTEXT ( 'NONE', 'WORKASPACE' ) );
#1819 = CARTESIAN_POINT ( 'NONE',  ( 19.50000000000000000, 31.17513865443426013, -4.211995393512031782 ) ) ;
#1820 = COLOUR_RGB ( '',0.9254901960784314152, 0.9254901960784314152, 0.9254901960784314152 ) ;
#1821 = CARTESIAN_POINT ( 'NONE',  ( -18.50000000000002842, 39.72083616136811202, -20.55320356845895802 ) ) ;
#1822 = DIRECTION ( 'NONE',  ( 1.069105884036878258E-50, 5.551115123125790098E-17, 1.000000000000000000 ) ) ;
#1823 = DIRECTION ( 'NONE',  ( 1.000000000000000000, 4.336808689942019662E-19, -2.407412430484050162E-35 ) ) ;
#1824 = ORIENTED_EDGE ( 'NONE', *, *, #5712, .T. ) ;
#1825 = AXIS2_PLACEMENT_3D ( 'NONE', #2630, #2295, #4500 ) ;
#1826 = CARTESIAN_POINT ( 'NONE',  ( 15.49999952374121293, 76.91654634253269762, 22.20103704359378938 ) ) ;
#1827 = CARTESIAN_POINT ( 'NONE',  ( 19.56303096889508453, 44.24883590991623095, -20.78844184435124731 ) ) ;
#1828 = PRESENTATION_STYLE_ASSIGNMENT (( #29 ) ) ;
#1829 = EDGE_CURVE ( 'NONE', #3268, #1726, #4177, .T. ) ;
#1830 = ORIENTED_EDGE ( 'NONE', *, *, #5737, .T. ) ;
#1831 = CARTESIAN_POINT ( 'NONE',  ( 19.71093966349895865, 41.86682505076309013, -19.91334165186031058 ) ) ;
#1832 = FILL_AREA_STYLE ('',( #941 ) ) ;
#1833 = ADVANCED_FACE ( 'NONE', ( #2827 ), #4549, .F. ) ;
#1834 = CARTESIAN_POINT ( 'NONE',  ( 21.50105116441880071, 50.34598184577179580, -6.535235531936750775 ) ) ;
#1835 = VECTOR ( 'NONE', #4625, 1000.000000000000000 ) ;
#1836 = EDGE_CURVE ( 'NONE', #4001, #4966, #524, .T. ) ;
#1837 = FACE_OUTER_BOUND ( 'NONE', #5638, .T. ) ;
#1838 = SURFACE_STYLE_FILL_AREA ( #918 ) ;
#1839 = ORIENTED_EDGE ( 'NONE', *, *, #2566, .T. ) ;
#1840 =( GEOMETRIC_REPRESENTATION_CONTEXT ( 3 ) GLOBAL_UNCERTAINTY_ASSIGNED_CONTEXT ( ( #3805 ) ) GLOBAL_UNIT_ASSIGNED_CONTEXT ( ( #3130, #1376, #5388 ) ) REPRESENTATION_CONTEXT ( 'NONE', 'WORKASPACE' ) );
#1841 = CARTESIAN_POINT ( 'NONE',  ( 19.50000000000000000, 12.96307512163179787, 4.161751634651829512 ) ) ;
#1842 = FACE_OUTER_BOUND ( 'NONE', #4140, .T. ) ;
#1843 = FACE_OUTER_BOUND ( 'NONE', #4009, .T. ) ;
#1844 = CARTESIAN_POINT ( 'NONE',  ( -20.37975124943209693, 43.19678142232519491, -19.78355650633760021 ) ) ;
#1845 = ADVANCED_FACE ( 'NONE', ( #1907 ), #5450, .T. ) ;
#1846 = CIRCLE ( 'NONE', #620, 8.500000000000003553 ) ;
#1847 = DIRECTION ( 'NONE',  ( -4.336808689942019662E-19, 1.000000000000000000, 0.000000000000000000 ) ) ;
#1848 = PRESENTATION_STYLE_ASSIGNMENT (( #5768 ) ) ;
#1849 = EDGE_LOOP ( 'NONE', ( #3084, #654, #2856, #4791, #4889, #2764 ) ) ;
#1850 = ORIENTED_EDGE ( 'NONE', *, *, #2011, .F. ) ;
#1851 = CIRCLE ( 'NONE', #440, 8.499999999999998224 ) ;
#1852 = DIRECTION ( 'NONE',  ( -1.069105884036878258E-50, -5.551115123125790098E-17, -1.000000000000000000 ) ) ;
#1853 = AXIS2_PLACEMENT_3D ( 'NONE', #3380, #2917, #2978 ) ;
#1854 = SURFACE_STYLE_USAGE ( .BOTH. , #3141 ) ;
#1855 = DIRECTION ( 'NONE',  ( 0.7071067811865547892, 0.3535514705016748471, -0.6123735442571739407 ) ) ;
#1856 = ORIENTED_EDGE ( 'NONE', *, *, #5195, .T. ) ;
#1857 = VECTOR ( 'NONE', #3394, 1000.000000000000000 ) ;
#1858 = CARTESIAN_POINT ( 'NONE',  ( 22.99999952413039850, 40.54341320064155241, 1.201150896212809016 ) ) ;
#1859 = VECTOR ( 'NONE', #4212, 1000.000000000000114 ) ;
#1860 = LINE ( 'NONE', #5598, #4628 ) ;
#1861 = FACE_OUTER_BOUND ( 'NONE', #2876, .T. ) ;
#1862 = B_SPLINE_CURVE_WITH_KNOTS ( 'NONE', 3,
 ( #1063, #3750, #3811, #5522, #4162, #2869, #4623, #2359 ),
 .UNSPECIFIED., .F., .F.,
 ( 4, 2, 2, 4 ),
 ( 0.000000000000000000, 0.2499999999999995004, 0.4999999999999990008, 1.000000000000000000 ),
 .UNSPECIFIED. ) ;
#1863 = DIRECTION ( 'NONE',  ( 0.000000000000000000, 0.000000000000000000, -1.000000000000000000 ) ) ;
#1864 = UNCERTAINTY_MEASURE_WITH_UNIT (LENGTH_MEASURE( 1.000000000000000082E-05 ), #308, 'distance_accuracy_value', 'NONE');
#1865 = CARTESIAN_POINT ( 'NONE',  ( -19.50244010875758605, 44.11397377908137685, -20.83190429737373961 ) ) ;
#1866 = EDGE_LOOP ( 'NONE', ( #4353, #4362, #5804, #2151 ) ) ;
#1867 =( NAMED_UNIT ( * ) SI_UNIT ( $, .STERADIAN. ) SOLID_ANGLE_UNIT ( ) );
#1868 = B_SPLINE_CURVE_WITH_KNOTS ( 'NONE', 1,
 ( #3314, #1995 ),
 .UNSPECIFIED., .F., .F.,
 ( 2, 2 ),
 ( 0.000000000000000000, 1.000000000000000000 ),
 .UNSPECIFIED. ) ;
#1869 = ORIENTED_EDGE ( 'NONE', *, *, #4176, .T. ) ;
#1870 = SURFACE_SIDE_STYLE ('',( #947 ) ) ;
#1871 = DIRECTION ( 'NONE',  ( 0.000000000000000000, -0.8660269715269848234, -0.4999972845804256938 ) ) ;
#1872 = EDGE_CURVE ( 'NONE', #1432, #4443, #612, .T. ) ;
#1873 = CARTESIAN_POINT ( 'NONE',  ( -19.49984700178150376, -15.46946932731194657, 37.78353990612920654 ) ) ;
#1874 = CARTESIAN_POINT ( 'NONE',  ( -19.15791834148040351, 40.90867331175898869, -20.28753188475382174 ) ) ;
#1875 = ORIENTED_EDGE ( 'NONE', *, *, #4783, .T. ) ;
#1876 = ORIENTED_EDGE ( 'NONE', *, *, #2819, .F. ) ;
#1877 = VERTEX_POINT ( 'NONE', #1439 ) ;
#1878 = EDGE_CURVE ( 'NONE', #2579, #1355, #3230, .T. ) ;
#1879 = PLANE ( 'NONE',  #4148 ) ;
#1880 = LINE ( 'NONE', #439, #775 ) ;
#1881 = ADVANCED_FACE ( 'NONE', ( #3286 ), #1052, .F. ) ;
#1882 = DIRECTION ( 'NONE',  ( 0.000000000000000000, -0.9659250147588397395, 0.2588220737555730899 ) ) ;
#1883 = LINE ( 'NONE', #554, #5589 ) ;
#1884 = PRESENTATION_STYLE_ASSIGNMENT (( #876 ) ) ;
#1885 = PRESENTATION_LAYER_ASSIGNMENT (  '', '', ( #4052 ) ) ;
#1886 = CARTESIAN_POINT ( 'NONE',  ( 19.99745567823502412, 45.13380815181199779, -20.39596188725839809 ) ) ;
#1887 =( NAMED_UNIT ( * ) PLANE_ANGLE_UNIT ( ) SI_UNIT ( $, .RADIAN. ) );
#1888 = ORIENTED_EDGE ( 'NONE', *, *, #573, .F. ) ;
#1889 = PLANE ( 'NONE',  #2279 ) ;
#1890 = SURFACE_STYLE_FILL_AREA ( #5092 ) ;
#1891 = VERTEX_POINT ( 'NONE', #1928 ) ;
#1892 = COLOUR_RGB ( '',0.9254901960784314152, 0.9254901960784314152, 0.9254901960784314152 ) ;
#1893 = FACE_OUTER_BOUND ( 'NONE', #955, .T. ) ;
#1894 = CIRCLE ( 'NONE', #1518, 6.999999999999999112 ) ;
#1895 = FILL_AREA_STYLE ('',( #102 ) ) ;
#1896 = FACE_OUTER_BOUND ( 'NONE', #774, .T. ) ;
#1897 = LINE ( 'NONE', #1013, #2973 ) ;
#1898 = DIRECTION ( 'NONE',  ( -2.168392568715800252E-19, 0.4999972845804250277, -0.8660269715269851565 ) ) ;
#1899 = ORIENTED_EDGE ( 'NONE', *, *, #2404, .F. ) ;
#1900 = VERTEX_POINT ( 'NONE', #2454 ) ;
#1901 = ORIENTED_EDGE ( 'NONE', *, *, #3033, .T. ) ;
#1902 = LINE ( 'NONE', #3758, #570 ) ;
#1903 = CARTESIAN_POINT ( 'NONE',  ( -15.71393769454725309, -26.62172815898051681, 16.70642964596963154 ) ) ;
#1904 = STYLED_ITEM ( 'NONE', ( #3708 ), #3480 ) ;
#1905 = EDGE_CURVE ( 'NONE', #2138, #4842, #3327, .T. ) ;
#1906 = FACE_OUTER_BOUND ( 'NONE', #2779, .T. ) ;
#1907 = FACE_OUTER_BOUND ( 'NONE', #4929, .T. ) ;
#1908 = CARTESIAN_POINT ( 'NONE',  ( 20.06783390045123738, 45.27078305731311048, -20.31818801721002998 ) ) ;
#1909 = ORIENTED_EDGE ( 'NONE', *, *, #3169, .T. ) ;
#1910 = EDGE_CURVE ( 'NONE', #2174, #5276, #2486, .T. ) ;
#1911 = VECTOR ( 'NONE', #1097, 1000.000000000000114 ) ;
#1912 = VECTOR ( 'NONE', #2082, 1000.000000000000114 ) ;
#1913 = CARTESIAN_POINT ( 'NONE',  ( -23.00000047586971164, 51.04335651459168588, -16.98541531084589806 ) ) ;
#1914 = FILL_AREA_STYLE_COLOUR ( '', #4987 ) ;
#1915 = CARTESIAN_POINT ( 'NONE',  ( 19.50000000000000000, 41.67932740673742842, -20.35907071635092791 ) ) ;
#1916 = CARTESIAN_POINT ( 'NONE',  ( -19.15791834148040351, 40.90867331175898869, -20.28753188475382174 ) ) ;
#1917 = UNCERTAINTY_MEASURE_WITH_UNIT (LENGTH_MEASURE( 1.000000000000000082E-05 ), #4129, 'distance_accuracy_value', 'NONE');
#1918 = EDGE_CURVE ( 'NONE', #4816, #3331, #5098, .T. ) ;
#1919 = ORIENTED_EDGE ( 'NONE', *, *, #118, .T. ) ;
#1920 = CARTESIAN_POINT ( 'NONE',  ( -18.96792048477252379, 42.90796075982742508, -21.08811384934814015 ) ) ;
#1921 = CARTESIAN_POINT ( 'NONE',  ( -18.49999999999997158, 9.473107501410597209, 7.805701449348794618 ) ) ;
#1922 = CYLINDRICAL_SURFACE ( 'NONE', #4569, 4.000000000000001776 ) ;
#1923 = VECTOR ( 'NONE', #1252, 1000.000000000000114 ) ;
#1924 = PRESENTATION_STYLE_ASSIGNMENT (( #2274 ) ) ;
#1925 = PRESENTATION_STYLE_ASSIGNMENT (( #3678 ) ) ;
#1926 = ORIENTED_EDGE ( 'NONE', *, *, #5041, .T. ) ;
#1927 = DIRECTION ( 'NONE',  ( 1.000000000000000000, -0.000000000000000000, -0.000000000000000000 ) ) ;
#1928 = CARTESIAN_POINT ( 'NONE',  ( -18.49999999999997158, 13.38806898637553644, 5.066947864720293460 ) ) ;
#1929 = SURFACE_STYLE_USAGE ( .BOTH. , #136 ) ;
#1930 = B_SPLINE_CURVE_WITH_KNOTS ( 'NONE', 3,
 ( #1844, #2254, #4418, #4055 ),
 .UNSPECIFIED., .F., .F.,
 ( 4, 4 ),
 ( 0.000000000000000000, 0.9487179474197892093 ),
 .UNSPECIFIED. ) ;
#1931 = CARTESIAN_POINT ( 'NONE',  ( 20.00451387185116303, 42.70973965133558181, -20.30100195058864543 ) ) ;
#1932 = ORIENTED_EDGE ( 'NONE', *, *, #5521, .T. ) ;
#1933 = ORIENTED_EDGE ( 'NONE', *, *, #5345, .T. ) ;
#1934 = ORIENTED_EDGE ( 'NONE', *, *, #3113, .T. ) ;
#1935 = CARTESIAN_POINT ( 'NONE',  ( -20.76099937756501745, 44.05358292211408866, -19.86613164398901432 ) ) ;
#1936 = CARTESIAN_POINT ( 'NONE',  ( -7.098544475869659642, 67.17107708332949301, -6.519440475372318744 ) ) ;
#1937 = AXIS2_PLACEMENT_3D ( 'NONE', #2150, #4013, #412 ) ;
#1938 = LINE ( 'NONE', #1104, #4424 ) ;
#1939 = DIRECTION ( 'NONE',  ( -2.168392568715800493E-19, 0.4999972845804250832, -0.8660269715269852675 ) ) ;
#1940 = CARTESIAN_POINT ( 'NONE',  ( -19.67066846346925146, 44.46836293704600251, -20.70543630284189618 ) ) ;
#1941 = ORIENTED_EDGE ( 'NONE', *, *, #2661, .F. ) ;
#1942 = AXIS2_PLACEMENT_3D ( 'NONE', #2482, #4271, #4027 ) ;
#1943 = VECTOR ( 'NONE', #2102, 1000.000000000000114 ) ;
#1944 = EDGE_CURVE ( 'NONE', #2310, #3168, #4707, .T. ) ;
#1945 = DIRECTION ( 'NONE',  ( -2.168392568715800493E-19, 0.4999972845804250832, -0.8660269715269852675 ) ) ;
#1946 = CARTESIAN_POINT ( 'NONE',  ( 21.50086736455029879, 49.81918535597340281, -5.865024435528830793 ) ) ;
#1947 = CARTESIAN_POINT ( 'NONE',  ( 13.29375031314847888, -21.67441648825193923, 37.78353990612920654 ) ) ;
#1948 = ADVANCED_FACE ( 'NONE', ( #1012 ), #224, .T. ) ;
#1949 = LINE ( 'NONE', #3239, #2853 ) ;
#1950 = EDGE_CURVE ( 'NONE', #3231, #4910, #1366, .T. ) ;
#1951 = VECTOR ( 'NONE', #5151, 1000.000000000000000 ) ;
#1952 = SURFACE_STYLE_USAGE ( .BOTH. , #158 ) ;
#1953 = DIRECTION ( 'NONE',  ( 0.000000000000000000, 1.000000000000000000, -5.551115123125790098E-17 ) ) ;
#1954 = DIRECTION ( 'NONE',  ( 1.122461818611769444E-19, -0.2588220737555249062, -0.9659250147588526181 ) ) ;
#1955 = ORIENTED_EDGE ( 'NONE', *, *, #3413, .T. ) ;
#1956 = DIRECTION ( 'NONE',  ( 1.000000000000000000, 4.336808689942019662E-19, 2.139922160430259802E-35 ) ) ;
#1957 = DIRECTION ( 'NONE',  ( 1.000000000000000000, 0.000000000000000000, 0.000000000000000000 ) ) ;
#1958 = DIRECTION ( 'NONE',  ( 1.122461818611769444E-19, -0.2588220737555249062, -0.9659250147588526181 ) ) ;
#1959 = PRESENTATION_LAYER_ASSIGNMENT (  '', '', ( #1676 ) ) ;
#1960 = DIRECTION ( 'NONE',  ( -3.761561494084947940E-35, -0.8660269715269850455, -0.4999972845804249721 ) ) ;
#1961 = DIRECTION ( 'NONE',  ( 0.000000000000000000, -0.7046339708126667656, -0.7095709740235812690 ) ) ;
#1962 = VERTEX_POINT ( 'NONE', #1038 ) ;
#1963 = ORIENTED_EDGE ( 'NONE', *, *, #423, .T. ) ;
#1964 = VECTOR ( 'NONE', #5740, 1000.000000000000114 ) ;
#1965 =( NAMED_UNIT ( * ) PLANE_ANGLE_UNIT ( ) SI_UNIT ( $, .RADIAN. ) );
#1966 = CARTESIAN_POINT ( 'NONE',  ( -19.57418840471106947, 44.26659754709642414, -20.78135099711563782 ) ) ;
#1967 = ORIENTED_EDGE ( 'NONE', *, *, #5285, .F. ) ;
#1968 = CARTESIAN_POINT ( 'NONE',  ( 14.50145552413030003, 83.11746515394800383, 8.460636543818598199 ) ) ;
#1969 =( GEOMETRIC_REPRESENTATION_CONTEXT ( 3 ) GLOBAL_UNCERTAINTY_ASSIGNED_CONTEXT ( ( #1972 ) ) GLOBAL_UNIT_ASSIGNED_CONTEXT ( ( #3204, #4098, #4181 ) ) REPRESENTATION_CONTEXT ( 'NONE', 'WORKASPACE' ) );
#1970 = CARTESIAN_POINT ( 'NONE',  ( -20.37975173490489311, 44.44677654064447125, -21.94862340460333527 ) ) ;
#1971 = CARTESIAN_POINT ( 'NONE',  ( 18.50000000000001421, -26.62172815897734779, 13.88353990612919908 ) ) ;
#1972 = UNCERTAINTY_MEASURE_WITH_UNIT (LENGTH_MEASURE( 1.000000000000000082E-05 ), #3204, 'distance_accuracy_value', 'NONE');
#1973 = DIRECTION ( 'NONE',  ( 1.000000000000000000, 4.336808689941999921E-19, 0.000000000000000000 ) ) ;
#1974 = DIRECTION ( 'NONE',  ( 0.9999997078848689158, 0.0006619472932765735687, 0.0003821726805920217180 ) ) ;
#1975 = EDGE_CURVE ( 'NONE', #756, #2138, #4644, .T. ) ;
#1976 = CARTESIAN_POINT ( 'NONE',  ( 19.50000000000000000, 42.27079934983056830, -15.12202618804811571 ) ) ;
#1977 =( NAMED_UNIT ( * ) SI_UNIT ( $, .STERADIAN. ) SOLID_ANGLE_UNIT ( ) );
#1978 = ORIENTED_EDGE ( 'NONE', *, *, #1617, .T. ) ;
#1979 = EDGE_CURVE ( 'NONE', #1600, #5039, #4828, .T. ) ;
#1980 = CARTESIAN_POINT ( 'NONE',  ( -18.50000000000002842, 1.017499851658588916, -0.7091502389341766133 ) ) ;
#1981 = DIRECTION ( 'NONE',  ( 1.000000000000000000, 2.593917926400577944E-11, -4.492830172218527371E-11 ) ) ;
#1982 = CARTESIAN_POINT ( 'NONE',  ( -9.998544475869659109, 66.17108251417249676, -4.787386532327980504 ) ) ;
#1983 = CYLINDRICAL_SURFACE ( 'NONE', #3899, 8.500000000000000000 ) ;
#1984 = DIRECTION ( 'NONE',  ( 0.000000000000000000, 0.2588220737555257389, 0.9659250147588525071 ) ) ;
#1985 = CARTESIAN_POINT ( 'NONE',  ( 18.33948744565709532, 41.30475915728544578, -21.05209723344010087 ) ) ;
#1986 = EDGE_LOOP ( 'NONE', ( #58, #3834, #2586, #1783, #2546, #4161 ) ) ;
#1987 = EDGE_CURVE ( 'NONE', #1360, #1900, #2012, .T. ) ;
#1988 = VECTOR ( 'NONE', #3457, 1000.000000000000114 ) ;
#1989 = ORIENTED_EDGE ( 'NONE', *, *, #2773, .T. ) ;
#1990 = CARTESIAN_POINT ( 'NONE',  ( 18.50000000000001776, 39.72083616136811202, -20.55320356845895802 ) ) ;
#1991 = CARTESIAN_POINT ( 'NONE',  ( 18.75464249477864698, 41.46649633948086233, -20.81083887184266601 ) ) ;
#1992 = CARTESIAN_POINT ( 'NONE',  ( -22.66521121837540065, 48.87468357738210045, -17.85262657817003529 ) ) ;
#1993 = CIRCLE ( 'NONE', #954, 5.000000000000001776 ) ;
#1994 = CARTESIAN_POINT ( 'NONE',  ( 23.99999952413035231, 51.54335379917549176, -17.85144228237874131 ) ) ;
#1995 = CARTESIAN_POINT ( 'NONE',  ( 20.37566504365030085, 43.38858468605802443, -20.12112257074103638 ) ) ;
#1996 = ORIENTED_EDGE ( 'NONE', *, *, #619, .F. ) ;
#1997 = SURFACE_STYLE_FILL_AREA ( #296 ) ;
#1998 = AXIS2_PLACEMENT_3D ( 'NONE', #507, #3530, #4047 ) ;
#1999 = SURFACE_SIDE_STYLE ('',( #647 ) ) ;
#2000 = CARTESIAN_POINT ( 'NONE',  ( 22.37377164840157207, 38.68243025557408998, 0.1267196720402278820 ) ) ;
#2001 = LINE ( 'NONE', #4724, #2616 ) ;
#2002 = MECHANICAL_DESIGN_GEOMETRIC_PRESENTATION_REPRESENTATION (  '', ( #4531 ), #1721 ) ;
#2003 = MECHANICAL_DESIGN_GEOMETRIC_PRESENTATION_REPRESENTATION (  '', ( #4715 ), #1818 ) ;
#2004 = SURFACE_SIDE_STYLE ('',( #5034 ) ) ;
#2005 = CARTESIAN_POINT ( 'NONE',  ( -0.001302525911494698853, -50.96946932731190572, 13.88353990612919908 ) ) ;
#2006 = SURFACE_SIDE_STYLE ('',( #4243 ) ) ;
#2007 =( LENGTH_UNIT ( ) NAMED_UNIT ( * ) SI_UNIT ( .MILLI., .METRE. ) );
#2008 = ORIENTED_EDGE ( 'NONE', *, *, #3340, .T. ) ;
#2009 = MECHANICAL_DESIGN_GEOMETRIC_PRESENTATION_REPRESENTATION (  '', ( #2576 ), #32 ) ;
#2010 = DIRECTION ( 'NONE',  ( 0.000000000000000000, 0.4999972845804258603, -0.8660269715269847124 ) ) ;
#2011 = EDGE_CURVE ( 'NONE', #3948, #4567, #3814, .T. ) ;
#2012 = LINE ( 'NONE', #4164, #5296 ) ;
#2013 = ADVANCED_FACE ( 'NONE', ( #256 ), #3752, .F. ) ;
#2014 = FACE_OUTER_BOUND ( 'NONE', #3609, .T. ) ;
#2015 = LINE ( 'NONE', #2925, #1943 ) ;
#2016 = SURFACE_STYLE_USAGE ( .BOTH. , #3686 ) ;
#2017 = ORIENTED_EDGE ( 'NONE', *, *, #901, .F. ) ;
#2018 = ORIENTED_EDGE ( 'NONE', *, *, #1550, .T. ) ;
#2019 = ORIENTED_EDGE ( 'NONE', *, *, #1586, .F. ) ;
#2020 = FACE_OUTER_BOUND ( 'NONE', #4391, .T. ) ;
#2021 = ADVANCED_FACE ( 'NONE', ( #2426 ), #4222, .F. ) ;
#2022 = CARTESIAN_POINT ( 'NONE',  ( -23.24951828257614395, 48.26164727882939331, -17.43672580950648410 ) ) ;
#2023 = SURFACE_STYLE_USAGE ( .BOTH. , #3339 ) ;
#2024 = AXIS2_PLACEMENT_3D ( 'NONE', #2391, #658, #2924 ) ;
#2025 = DIRECTION ( 'NONE',  ( -1.000000000000000000, -4.336808689942020625E-19, -8.452565243466060642E-35 ) ) ;
#2026 = ORIENTED_EDGE ( 'NONE', *, *, #3591, .T. ) ;
#2027 = CARTESIAN_POINT ( 'NONE',  ( -18.49999999999997158, 32.06501575326566922, -3.701966017602593695 ) ) ;
#2028 = EDGE_LOOP ( 'NONE', ( #3790, #897, #5561, #90 ) ) ;
#2029 = CARTESIAN_POINT ( 'NONE',  ( -19.50200000000433675, -15.46946932731194657, 37.78353990612920654 ) ) ;
#2030 = VECTOR ( 'NONE', #4954, 999.9999999999997726 ) ;
#2031 =( LENGTH_UNIT ( ) NAMED_UNIT ( * ) SI_UNIT ( .MILLI., .METRE. ) );
#2032 = UNCERTAINTY_MEASURE_WITH_UNIT (LENGTH_MEASURE( 1.000000000000000082E-05 ), #2882, 'distance_accuracy_value', 'NONE');
#2033 = ORIENTED_EDGE ( 'NONE', *, *, #1406, .T. ) ;
#2034 = MECHANICAL_DESIGN_GEOMETRIC_PRESENTATION_REPRESENTATION (  '', ( #2132 ), #904 ) ;
#2035 = VECTOR ( 'NONE', #2509, 999.9999999999998863 ) ;
#2036 = FACE_OUTER_BOUND ( 'NONE', #2468, .T. ) ;
#2037 = CARTESIAN_POINT ( 'NONE',  ( -18.49999999999997158, -26.62172815897734779, 41.78353990612919944 ) ) ;
#2038 = ORIENTED_EDGE ( 'NONE', *, *, #3303, .F. ) ;
#2039 = DIRECTION ( 'NONE',  ( 2.168392568715800012E-19, -0.4999972845804249721, 0.8660269715269850455 ) ) ;
#2040 = PRESENTATION_LAYER_ASSIGNMENT (  '', '', ( #4847 ) ) ;
#2041 = PRESENTATION_STYLE_ASSIGNMENT (( #5148 ) ) ;
#2042 = CARTESIAN_POINT ( 'NONE',  ( -19.50000000000000000, -10.96946932730703494, 28.36178214484647597 ) ) ;
#2043 = DIRECTION ( 'NONE',  ( 2.168392568715800252E-19, -0.4999972845804250277, 0.8660269715269851565 ) ) ;
#2044 = SURFACE_STYLE_FILL_AREA ( #1159 ) ;
#2045 = EDGE_LOOP ( 'NONE', ( #5383, #364, #3657, #2598 ) ) ;
#2046 = EDGE_LOOP ( 'NONE', ( #1325, #1296, #2989, #2702, #5100, #2378, #542, #2571 ) ) ;
#2047 = STYLED_ITEM ( 'NONE', ( #3375 ), #4043 ) ;
#2048 = ADVANCED_FACE ( 'NONE', ( #5323 ), #3245, .T. ) ;
#2049 = B_SPLINE_CURVE_WITH_KNOTS ( 'NONE', 3,
 ( #4617, #1449, #3673, #4645, #2384, #5033, #2774, #735, #2325, #1920, #4132, #2533, #4185, #621, #2971, #4755, #2503, #2806, #4299, #272, #4588, #3706 ),
 .UNSPECIFIED., .F., .F.,
 ( 4, 2, 2, 1, 1, 2, 2, 2, 1, 1, 2, 2, 4 ),
 ( 0.000000000000000000, 0.2500000000000152656, 0.3750000000000237033, 0.4375000000000278666, 0.4687500000000266454, 0.4843750000000259792, 0.5000000000000253131, 0.6250000000000128786, 0.6875000000000099920, 0.7187500000000088818, 0.7343750000000117684, 0.7500000000000145439, 1.000000000000000000 ),
 .UNSPECIFIED. ) ;
#2050 = ORIENTED_EDGE ( 'NONE', *, *, #4448, .T. ) ;
#2051 = DIRECTION ( 'NONE',  ( 0.000000000000000000, -0.4999972845804258603, 0.8660269715269847124 ) ) ;
#2052 = DIRECTION ( 'NONE',  ( 2.168392568715800012E-19, -0.4999972845804249721, 0.8660269715269850455 ) ) ;
#2053 = ADVANCED_FACE ( 'NONE', ( #416, #3590, #5378 ), #883, .F. ) ;
#2054 = ORIENTED_EDGE ( 'NONE', *, *, #5634, .T. ) ;
#2055 = DIRECTION ( 'NONE',  ( -1.069105884036878258E-50, -5.551115123125790098E-17, -1.000000000000000000 ) ) ;
#2056 = VECTOR ( 'NONE', #4396, 1000.000000000000114 ) ;
#2057 = ORIENTED_EDGE ( 'NONE', *, *, #1299, .F. ) ;
#2058 = EDGE_CURVE ( 'NONE', #189, #3819, #1809, .T. ) ;
#2059 = CARTESIAN_POINT ( 'NONE',  ( 0.001455524130052690329, 76.91654634253269762, 22.20103704359378938 ) ) ;
#2060 = CARTESIAN_POINT ( 'NONE',  ( 23.07345078073831601, 38.53819191829055057, -0.4011783158623929424 ) ) ;
#2061 = SURFACE_STYLE_FILL_AREA ( #2475 ) ;
#2062 = ORIENTED_EDGE ( 'NONE', *, *, #3547, .T. ) ;
#2063 = CARTESIAN_POINT ( 'NONE',  ( -23.00000047586969742, 70.42134405574911682, 18.45105740904938330 ) ) ;
#2064 = PLANE ( 'NONE',  #1937 ) ;
#2065 = VERTEX_POINT ( 'NONE', #75 ) ;
#2066 = COLOUR_RGB ( '',0.9254901960784314152, 0.9254901960784314152, 0.9254901960784314152 ) ;
#2067 = CARTESIAN_POINT ( 'NONE',  ( -19.97979957778898097, 42.27079934983056830, -19.64222661025914363 ) ) ;
#2068 = DIRECTION ( 'NONE',  ( -0.7071067811865487940, -0.7071067811865463515, 3.925231146709436068E-17 ) ) ;
#2069 = DIRECTION ( 'NONE',  ( 2.168392568715800012E-19, -0.4999972845804249721, 0.8660269715269850455 ) ) ;
#2070 = CARTESIAN_POINT ( 'NONE',  ( 15.49999952413029902, 70.92134134068595586, 17.58503043772818941 ) ) ;
#2071 = FACE_OUTER_BOUND ( 'NONE', #679, .T. ) ;
#2072 = ORIENTED_EDGE ( 'NONE', *, *, #294, .F. ) ;
#2073 = EDGE_LOOP ( 'NONE', ( #2676, #3872, #269, #5451, #3873 ) ) ;
#2074 = VERTEX_POINT ( 'NONE', #1873 ) ;
#2075 = FILL_AREA_STYLE ('',( #2139 ) ) ;
#2076 = SURFACE_STYLE_FILL_AREA ( #1303 ) ;
#2077 = DIRECTION ( 'NONE',  ( -3.926927030438489722E-51, -5.551115123125790098E-17, -1.000000000000000000 ) ) ;
#2078 = ADVANCED_FACE ( 'NONE', ( #1843 ), #4571, .T. ) ;
#2079 = DIRECTION ( 'NONE',  ( 2.168392568715800012E-19, -0.4999972845804249721, 0.8660269715269850455 ) ) ;
#2080 = CARTESIAN_POINT ( 'NONE',  ( 19.49854400000220522, 34.36044124314306458, -3.523262227055210527 ) ) ;
#2081 = VERTEX_POINT ( 'NONE', #4449 ) ;
#2082 = DIRECTION ( 'NONE',  ( -0.7071067811865424657, -0.4982514590160442292, -0.5017424474652213418 ) ) ;
#2083 = ORIENTED_EDGE ( 'NONE', *, *, #1725, .T. ) ;
#2084 = AXIS2_PLACEMENT_3D ( 'NONE', #3265, #3767, #119 ) ;
#2085 = SURFACE_SIDE_STYLE ('',( #1997 ) ) ;
#2086 = DIRECTION ( 'NONE',  ( -1.000000000000000000, -0.000000000000000000, -0.000000000000000000 ) ) ;
#2087 = ADVANCED_FACE ( 'NONE', ( #1896 ), #249, .T. ) ;
#2088 = AXIS2_PLACEMENT_3D ( 'NONE', #5466, #1489, #1064 ) ;
#2089 = ADVANCED_FACE ( 'NONE', ( #544, #3249 ), #1456, .T. ) ;
#2090 = CARTESIAN_POINT ( 'NONE',  ( 16.28050215855029847, 46.18238151284000281, -12.86368952623932138 ) ) ;
#2091 = UNCERTAINTY_MEASURE_WITH_UNIT (LENGTH_MEASURE( 1.000000000000000082E-05 ), #95, 'distance_accuracy_value', 'NONE');
#2092 = MECHANICAL_DESIGN_GEOMETRIC_PRESENTATION_REPRESENTATION (  '', ( #3782 ), #3112 ) ;
#2093 = EDGE_LOOP ( 'NONE', ( #471, #1194, #1459, #2628, #4498 ) ) ;
#2094 = COLOUR_RGB ( '',0.6274509803921568540, 0.6274509803921568540, 0.6274509803921568540 ) ;
#2095 = EDGE_CURVE ( 'NONE', #2081, #3168, #5658, .T. ) ;
#2096 = DIRECTION ( 'NONE',  ( 0.000000000000000000, 0.8660269715269852675, 0.4999972845804249721 ) ) ;
#2097 = ORIENTED_EDGE ( 'NONE', *, *, #4594, .T. ) ;
#2098 = PRESENTATION_LAYER_ASSIGNMENT (  '', '', ( #499 ) ) ;
#2099 = DIRECTION ( 'NONE',  ( -2.168392568715800493E-19, 0.4999972845804250832, -0.8660269715269852675 ) ) ;
#2100 = CYLINDRICAL_SURFACE ( 'NONE', #4209, 3.000000000000000888 ) ;
#2101 = DIRECTION ( 'NONE',  ( 3.926927030438489722E-51, 5.551115123125790098E-17, 1.000000000000000000 ) ) ;
#2102 = DIRECTION ( 'NONE',  ( -0.4802693771722779670, -0.7596104811623758390, -0.4385581401123642142 ) ) ;
#2103 = VERTEX_POINT ( 'NONE', #3991 ) ;
#2104 = ORIENTED_EDGE ( 'NONE', *, *, #1766, .T. ) ;
#2105 = DIRECTION ( 'NONE',  ( -0.7071067811865522357, -3.925231146709416963E-17, -0.7071067811865429098 ) ) ;
#2106 = DIRECTION ( 'NONE',  ( -2.168392568715800493E-19, 0.4999972845804250832, -0.8660269715269852675 ) ) ;
#2107 = VECTOR ( 'NONE', #5469, 1000.000000000000000 ) ;
#2108 =( NAMED_UNIT ( * ) SI_UNIT ( $, .STERADIAN. ) SOLID_ANGLE_UNIT ( ) );
#2109 = LINE ( 'NONE', #5686, #4767 ) ;
#2110 = ORIENTED_EDGE ( 'NONE', *, *, #5135, .T. ) ;
#2111 = ORIENTED_EDGE ( 'NONE', *, *, #108, .T. ) ;
#2112 = MECHANICAL_DESIGN_GEOMETRIC_PRESENTATION_REPRESENTATION (  '', ( #5478 ), #1175 ) ;
#2113 = CARTESIAN_POINT ( 'NONE',  ( 10.00145552413030003, 67.67107436791040698, -7.385467446900160660 ) ) ;
#2114 = DIRECTION ( 'NONE',  ( -2.168392568715800012E-19, 0.4999972845804249721, -0.8660269715269850455 ) ) ;
#2115 = PRODUCT_RELATED_PRODUCT_CATEGORY ( 'part', '', ( #2553 ) ) ;
#2116 = CARTESIAN_POINT ( 'NONE',  ( -19.50241609630049311, 32.55790092444847517, -4.563951829487530532 ) ) ;
#2117 = VECTOR ( 'NONE', #4581, 1000.000000000000114 ) ;
#2118 = DIRECTION ( 'NONE',  ( -2.168392568715800012E-19, 0.4999972845804249721, -0.8660269715269850455 ) ) ;
#2119 = SURFACE_SIDE_STYLE ('',( #736 ) ) ;
#2120 = VERTEX_POINT ( 'NONE', #732 ) ;
#2121 = AXIS2_PLACEMENT_3D ( 'NONE', #503, #2437, #4667 ) ;
#2122 = PRESENTATION_LAYER_ASSIGNMENT (  '', '', ( #705 ) ) ;
#2123 = ORIENTED_EDGE ( 'NONE', *, *, #184, .F. ) ;
#2124 = EDGE_CURVE ( 'NONE', #2579, #5189, #860, .T. ) ;
#2125 = B_SPLINE_CURVE_WITH_KNOTS ( 'NONE', 3,
 ( #1197, #2993, #4775, #750 ),
 .UNSPECIFIED., .F., .F.,
 ( 4, 4 ),
 ( 0.000000000000000000, 1.000000000000000000 ),
 .UNSPECIFIED. ) ;
#2126 = AXIS2_PLACEMENT_3D ( 'NONE', #5390, #892, #2698 ) ;
#2127 = DIRECTION ( 'NONE',  ( 2.168392568715800252E-19, -0.4999972845804250277, 0.8660269715269851565 ) ) ;
#2128 = VECTOR ( 'NONE', #4289, 1000.000000000000114 ) ;
#2129 = CARTESIAN_POINT ( 'NONE',  ( -19.50000000000000000, 3.204307804173099683, 37.78353990612920654 ) ) ;
#2130 = ADVANCED_FACE ( 'NONE', ( #4856 ), #2530, .T. ) ;
#2131 = ORIENTED_EDGE ( 'NONE', *, *, #218, .T. ) ;
#2132 = STYLED_ITEM ( 'NONE', ( #3305 ), #5215 ) ;
#2133 = EDGE_CURVE ( 'NONE', #1434, #1579, #2634, .T. ) ;
#2134 = DIRECTION ( 'NONE',  ( 0.000000000000000000, -0.8660269715269796054, -0.4999972845804345756 ) ) ;
#2135 = CARTESIAN_POINT ( 'NONE',  ( 19.50000000000000000, -14.91394385214018925, 10.88353990612919908 ) ) ;
#2136 = DIRECTION ( 'NONE',  ( -0.000000000000000000, -0.4999972845804205313, 0.8660269715269875990 ) ) ;
#2137 = EDGE_LOOP ( 'NONE', ( #3419, #2675, #4326, #2730 ) ) ;
#2138 = VERTEX_POINT ( 'NONE', #5758 ) ;
#2139 = FILL_AREA_STYLE_COLOUR ( '', #1141 ) ;
#2140 = SURFACE_SIDE_STYLE ('',( #5801 ) ) ;
#2141 = CARTESIAN_POINT ( 'NONE',  ( -19.50000000000000000, 8.713136474194364212, -4.890210666032946740 ) ) ;
#2142 = ORIENTED_EDGE ( 'NONE', *, *, #3741, .T. ) ;
#2143 = VERTEX_POINT ( 'NONE', #387 ) ;
#2144 = DIRECTION ( 'NONE',  ( 0.000000000000000000, 0.4999972845804258603, -0.8660269715269847124 ) ) ;
#2145 = CARTESIAN_POINT ( 'NONE',  ( 21.50125947093820145, 44.54696951705920327, 3.512588471631500120 ) ) ;
#2146 = VERTEX_POINT ( 'NONE', #1746 ) ;
#2147 = ORIENTED_EDGE ( 'NONE', *, *, #4672, .F. ) ;
#2148 = CARTESIAN_POINT ( 'NONE',  ( -15.50000046681324584, 87.41648931874556183, 4.014470641543786300 ) ) ;
#2149 = EDGE_CURVE ( 'NONE', #953, #1069, #1138, .T. ) ;
#2150 = CARTESIAN_POINT ( 'NONE',  ( 19.19869747408850102, -29.96946932730795154, 13.88353990612919908 ) ) ;
#2151 = ORIENTED_EDGE ( 'NONE', *, *, #1767, .T. ) ;
#2152 = DIRECTION ( 'NONE',  ( -4.336808689942019662E-19, 1.000000000000000000, -5.551115123125790098E-17 ) ) ;
#2153 = CARTESIAN_POINT ( 'NONE',  ( 14.50145552413030003, 115.2443829652980014, -61.18529636544560191 ) ) ;
#2154 = EDGE_CURVE ( 'NONE', #746, #812, #1736, .T. ) ;
#2155 = DIRECTION ( 'NONE',  ( -0.000000000000000000, 1.000000000000000000, -5.551115123125790098E-17 ) ) ;
#2156 = SURFACE_SIDE_STYLE ('',( #2608 ) ) ;
#2157 = EDGE_CURVE ( 'NONE', #2521, #4720, #2935, .T. ) ;
#2158 = DIRECTION ( 'NONE',  ( -1.000000000000000000, 0.000000000000000000, 0.000000000000000000 ) ) ;
#2159 = CARTESIAN_POINT ( 'NONE',  ( 18.33071623521981763, 41.30730835264017031, -21.05957935133788794 ) ) ;
#2160 = VERTEX_POINT ( 'NONE', #3429 ) ;
#2161 = UNCERTAINTY_MEASURE_WITH_UNIT (LENGTH_MEASURE( 1.000000000000000082E-05 ), #5317, 'distance_accuracy_value', 'NONE');
#2162 = CARTESIAN_POINT ( 'NONE',  ( 19.91910243047720996, 33.21834338137647791, -4.182647960274965548 ) ) ;
#2163 = CARTESIAN_POINT ( 'NONE',  ( 23.00145552413030003, 41.79340674985260051, -0.9639163375993516913 ) ) ;
#2164 =( GEOMETRIC_REPRESENTATION_CONTEXT ( 3 ) GLOBAL_UNCERTAINTY_ASSIGNED_CONTEXT ( ( #618 ) ) GLOBAL_UNIT_ASSIGNED_CONTEXT ( ( #988, #3284, #1407 ) ) REPRESENTATION_CONTEXT ( 'NONE', 'WORKASPACE' ) );
#2165 = EDGE_CURVE ( 'NONE', #985, #1679, #1637, .T. ) ;
#2166 = CARTESIAN_POINT ( 'NONE',  ( -18.49999999999997158, 13.38806898637553644, 5.066947864720293460 ) ) ;
#2167 = LINE ( 'NONE', #2228, #2786 ) ;
#2168 = ORIENTED_EDGE ( 'NONE', *, *, #2266, .T. ) ;
#2169 = ORIENTED_EDGE ( 'NONE', *, *, #3119, .T. ) ;
#2170 = CARTESIAN_POINT ( 'NONE',  ( -15.50000046681324584, 87.41648931874556183, 4.014470641543786300 ) ) ;
#2171 = CARTESIAN_POINT ( 'NONE',  ( 22.37377164840175681, 49.18237323176202125, -18.05984673002416230 ) ) ;
#2172 = VECTOR ( 'NONE', #3886, 999.9999999999997726 ) ;
#2173 = SURFACE_STYLE_USAGE ( .BOTH. , #4401 ) ;
#2174 = VERTEX_POINT ( 'NONE', #4721 ) ;
#2175 = ORIENTED_EDGE ( 'NONE', *, *, #1297, .T. ) ;
#2176 = AXIS2_PLACEMENT_3D ( 'NONE', #3759, #264, #2051 ) ;
#2177 = DIRECTION ( 'NONE',  ( 0.000000000000000000, 1.000000000000000000, -5.551115123125790098E-17 ) ) ;
#2178 = ORIENTED_EDGE ( 'NONE', *, *, #4347, .F. ) ;
#2179 = SURFACE_STYLE_USAGE ( .BOTH. , #851 ) ;
#2180 = MECHANICAL_DESIGN_GEOMETRIC_PRESENTATION_REPRESENTATION (  '', ( #5369 ), #2847 ) ;
#2181 =( NAMED_UNIT ( * ) SI_UNIT ( $, .STERADIAN. ) SOLID_ANGLE_UNIT ( ) );
#2182 = CARTESIAN_POINT ( 'NONE',  ( 23.24941666070530388, 38.69547776859266719, -0.8678431005646998209 ) ) ;
#2183 = CARTESIAN_POINT ( 'NONE',  ( -19.99075349531944923, 34.77697698890425215, -6.622128844273658999 ) ) ;
#2184 = CARTESIAN_POINT ( 'NONE',  ( -18.99854447586969641, 77.78257331405900743, 22.70103432817539968 ) ) ;
#2185 = VERTEX_POINT ( 'NONE', #1279 ) ;
#2186 = VECTOR ( 'NONE', #3353, 1000.000000000000000 ) ;
#2187 = VECTOR ( 'NONE', #4887, 1000.000000000000000 ) ;
#2188 = EDGE_CURVE ( 'NONE', #4170, #2429, #2499, .T. ) ;
#2189 = LINE ( 'NONE', #3481, #302 ) ;
#2190 = EDGE_CURVE ( 'NONE', #802, #1962, #2662, .T. ) ;
#2191 =( NAMED_UNIT ( * ) PLANE_ANGLE_UNIT ( ) SI_UNIT ( $, .RADIAN. ) );
#2192 = CARTESIAN_POINT ( 'NONE',  ( -20.37975124943209693, 43.19678142232519491, -19.78355650633760021 ) ) ;
#2193 = CARTESIAN_POINT ( 'NONE',  ( -93.66238150725969547, 87.52076592290471524, 28.32334174033079321 ) ) ;
#2194 = DIRECTION ( 'NONE',  ( 0.000000000000000000, 0.000000000000000000, -1.000000000000000000 ) ) ;
#2195 = CARTESIAN_POINT ( 'NONE',  ( -19.50000000000000000, -6.969469327306998530, 28.36178214484647597 ) ) ;
#2196 = ORIENTED_EDGE ( 'NONE', *, *, #3173, .T. ) ;
#2197 = CIRCLE ( 'NONE', #5467, 1.649999999999998579 ) ;
#2198 = VERTEX_POINT ( 'NONE', #419 ) ;
#2199 =( LENGTH_UNIT ( ) NAMED_UNIT ( * ) SI_UNIT ( .MILLI., .METRE. ) );
#2200 =( NAMED_UNIT ( * ) SI_UNIT ( $, .STERADIAN. ) SOLID_ANGLE_UNIT ( ) );
#2201 = EDGE_CURVE ( 'NONE', #3511, #5063, #2220, .T. ) ;
#2202 = DIRECTION ( 'NONE',  ( 2.168392568715800252E-19, -0.4999972845804250277, 0.8660269715269851565 ) ) ;
#2203 = ORIENTED_EDGE ( 'NONE', *, *, #573, .T. ) ;
#2204 = PRESENTATION_LAYER_ASSIGNMENT (  '', '', ( #5389 ) ) ;
#2205 = ORIENTED_EDGE ( 'NONE', *, *, #748, .T. ) ;
#2206 = AXIS2_PLACEMENT_3D ( 'NONE', #1582, #5249, #206 ) ;
#2207 = SURFACE_STYLE_USAGE ( .BOTH. , #4011 ) ;
#2208 = VECTOR ( 'NONE', #2933, 1000.000000000000000 ) ;
#2209 = STYLED_ITEM ( 'NONE', ( #1687 ), #3888 ) ;
#2210 =( GEOMETRIC_REPRESENTATION_CONTEXT ( 3 ) GLOBAL_UNCERTAINTY_ASSIGNED_CONTEXT ( ( #4725 ) ) GLOBAL_UNIT_ASSIGNED_CONTEXT ( ( #4197, #4654, #1512 ) ) REPRESENTATION_CONTEXT ( 'NONE', 'WORKASPACE' ) );
#2211 = PLANE ( 'NONE',  #4007 ) ;
#2212 = VERTEX_POINT ( 'NONE', #3370 ) ;
#2213 = PRESENTATION_LAYER_ASSIGNMENT (  '', '', ( #1272 ) ) ;
#2214 =( NAMED_UNIT ( * ) SI_UNIT ( $, .STERADIAN. ) SOLID_ANGLE_UNIT ( ) );
#2215 = PRESENTATION_STYLE_ASSIGNMENT (( #414 ) ) ;
#2216 = SURFACE_STYLE_USAGE ( .BOTH. , #3154 ) ;
#2217 = DIRECTION ( 'NONE',  ( -1.000000000000000000, 0.000000000000000000, 0.000000000000000000 ) ) ;
#2218 =( GEOMETRIC_REPRESENTATION_CONTEXT ( 3 ) GLOBAL_UNCERTAINTY_ASSIGNED_CONTEXT ( ( #1805 ) ) GLOBAL_UNIT_ASSIGNED_CONTEXT ( ( #4629, #603, #4086 ) ) REPRESENTATION_CONTEXT ( 'NONE', 'WORKASPACE' ) );
#2219 = DIRECTION ( 'NONE',  ( 2.168392568783720338E-19, -0.4999972845804250832, 0.8660269715269852675 ) ) ;
#2220 = LINE ( 'NONE', #3832, #1057 ) ;
#2221 = ORIENTED_EDGE ( 'NONE', *, *, #3749, .T. ) ;
#2222 =( GEOMETRIC_REPRESENTATION_CONTEXT ( 3 ) GLOBAL_UNCERTAINTY_ASSIGNED_CONTEXT ( ( #2032 ) ) GLOBAL_UNIT_ASSIGNED_CONTEXT ( ( #2882, #4256, #2462 ) ) REPRESENTATION_CONTEXT ( 'NONE', 'WORKASPACE' ) );
#2223 = CARTESIAN_POINT ( 'NONE',  ( 23.99999952413039850, 73.95243574101237982, 19.33502093374926289 ) ) ;
#2224 = CARTESIAN_POINT ( 'NONE',  ( -19.50000000000000000, -26.62172815897734779, 14.88353990612918487 ) ) ;
#2225 =( NAMED_UNIT ( * ) SI_UNIT ( $, .STERADIAN. ) SOLID_ANGLE_UNIT ( ) );
#2226 = DIRECTION ( 'NONE',  ( -1.000000000000000000, -2.391782681289281369E-19, 1.122953158202381497E-19 ) ) ;
#2227 = DIRECTION ( 'NONE',  ( 0.000000000000000000, -0.8660269715269850455, -0.4999972845804249721 ) ) ;
#2228 = CARTESIAN_POINT ( 'NONE',  ( 23.99999952413039850, 47.51214281503921200, -0.1117117475228999318 ) ) ;
#2229 = DIRECTION ( 'NONE',  ( -2.168392568715800252E-19, 0.4999972845804250277, -0.8660269715269851565 ) ) ;
#2230 = ORIENTED_EDGE ( 'NONE', *, *, #3554, .T. ) ;
#2231 = EDGE_CURVE ( 'NONE', #4816, #1556, #4345, .T. ) ;
#2232 = ORIENTED_EDGE ( 'NONE', *, *, #1905, .F. ) ;
#2233 = VECTOR ( 'NONE', #3876, 1000.000000000000000 ) ;
#2234 = B_SPLINE_CURVE_WITH_KNOTS ( 'NONE', 3,
 ( #4754, #5162, #3372, #2938, #4782, #1204, #734, #5605, #3463, #5192, #241, #1673, #3801, #1140, #5572, #5254, #271, #1611, #3918, #2998 ),
 .UNSPECIFIED., .F., .F.,
 ( 4, 2, 1, 1, 2, 2, 2, 1, 1, 2, 2, 4 ),
 ( 0.000000000000000000, 0.1249999999999636402, 0.1874999999999457934, 0.2187499999999376887, 0.2343749999999336642, 0.2499999999999296119, 0.3749999999999199529, 0.4374999999999155675, 0.4687499999999168998, 0.4843749999999210631, 0.4999999999999252820, 1.000000000000000000 ),
 .UNSPECIFIED. ) ;
#2235 = FILL_AREA_STYLE_COLOUR ( '', #1530 ) ;
#2236 = COLOUR_RGB ( '',0.6274509803921568540, 0.6274509803921568540, 0.6274509803921568540 ) ;
#2237 = EDGE_CURVE ( 'NONE', #5126, #1432, #4126, .T. ) ;
#2238 = FACE_OUTER_BOUND ( 'NONE', #5659, .T. ) ;
#2239 = ORIENTED_EDGE ( 'NONE', *, *, #3055, .T. ) ;
#2240 = EDGE_CURVE ( 'NONE', #1413, #746, #2937, .T. ) ;
#2241 = VECTOR ( 'NONE', #4673, 1000.000000000000114 ) ;
#2242 = CARTESIAN_POINT ( 'NONE',  ( 7.101455524130299679, 67.67107436791040698, -7.385467446900160660 ) ) ;
#2243 = PRESENTATION_LAYER_ASSIGNMENT (  '', '', ( #3744 ) ) ;
#2244 = CARTESIAN_POINT ( 'NONE',  ( -18.50000000000002842, 1.017499851658588916, -0.7091502389341766133 ) ) ;
#2245 = EDGE_LOOP ( 'NONE', ( #3953, #4958, #3613, #2057 ) ) ;
#2246 = FILL_AREA_STYLE_COLOUR ( '', #1820 ) ;
#2247 = DIRECTION ( 'NONE',  ( -1.000000000000000000, 0.000000000000000000, 0.000000000000000000 ) ) ;
#2248 = FACE_OUTER_BOUND ( 'NONE', #2828, .T. ) ;
#2249 =( LENGTH_UNIT ( ) NAMED_UNIT ( * ) SI_UNIT ( .MILLI., .METRE. ) );
#2250 = FACE_OUTER_BOUND ( 'NONE', #1321, .T. ) ;
#2251 = ORIENTED_EDGE ( 'NONE', *, *, #1114, .F. ) ;
#2252 = FILL_AREA_STYLE ('',( #72 ) ) ;
#2253 = CARTESIAN_POINT ( 'NONE',  ( -11.64854447586965946, 64.67109066043231280, -2.189305617745961996 ) ) ;
#2254 = CARTESIAN_POINT ( 'NONE',  ( -20.37975609893111795, 40.11347348505108812, -14.44305204410558297 ) ) ;
#2255 = CARTESIAN_POINT ( 'NONE',  ( 21.50145552413040306, 55.61473544452680073, -7.417956878063881376 ) ) ;
#2256 = EDGE_LOOP ( 'NONE', ( #3079, #5741, #505, #177, #849 ) ) ;
#2257 = ORIENTED_EDGE ( 'NONE', *, *, #2914, .F. ) ;
#2258 = LINE ( 'NONE', #1705, #1031 ) ;
#2259 = CARTESIAN_POINT ( 'NONE',  ( -16.32054224044557600, -26.62172815897734779, 17.04029932486607990 ) ) ;
#2260 = VECTOR ( 'NONE', #5660, 1000.000000000000000 ) ;
#2261 =( NAMED_UNIT ( * ) SI_UNIT ( $, .STERADIAN. ) SOLID_ANGLE_UNIT ( ) );
#2262 = ADVANCED_FACE ( 'NONE', ( #3690 ), #1059, .T. ) ;
#2263 = ORIENTED_EDGE ( 'NONE', *, *, #2534, .T. ) ;
#2264 = EDGE_CURVE ( 'NONE', #280, #3105, #2551, .T. ) ;
#2265 = ORIENTED_EDGE ( 'NONE', *, *, #5285, .T. ) ;
#2266 = EDGE_CURVE ( 'NONE', #812, #2185, #4171, .T. ) ;
#2267 = DIRECTION ( 'NONE',  ( -2.168392568715800012E-19, 0.4999972845804249721, -0.8660269715269850455 ) ) ;
#2268 = FACE_OUTER_BOUND ( 'NONE', #1137, .T. ) ;
#2269 = ORIENTED_EDGE ( 'NONE', *, *, #328, .T. ) ;
#2270 = CARTESIAN_POINT ( 'NONE',  ( -18.50000000000002842, -12.80004193970219006, 13.01225282819994256 ) ) ;
#2271 = CARTESIAN_POINT ( 'NONE',  ( 18.50000000000001066, 32.05723306756603819, -3.698312010257335025 ) ) ;
#2272 = EDGE_CURVE ( 'NONE', #756, #2904, #5693, .T. ) ;
#2273 = CARTESIAN_POINT ( 'NONE',  ( -23.00000047586969742, 57.49792328199642810, 9.835072526719315533 ) ) ;
#2274 = SURFACE_STYLE_USAGE ( .BOTH. , #510 ) ;
#2275 = EDGE_LOOP ( 'NONE', ( #4659, #5569, #111, #433 ) ) ;
#2276 = SURFACE_STYLE_FILL_AREA ( #3126 ) ;
#2277 = FACE_BOUND ( 'NONE', #4941, .T. ) ;
#2278 = LINE ( 'NONE', #3600, #3442 ) ;
#2279 = AXIS2_PLACEMENT_3D ( 'NONE', #2862, #4157, #5087 ) ;
#2280 = DIRECTION ( 'NONE',  ( -1.000000000000000000, -4.336808689942019662E-19, -2.139922160430259802E-35 ) ) ;
#2281 =( NAMED_UNIT ( * ) SI_UNIT ( $, .STERADIAN. ) SOLID_ANGLE_UNIT ( ) );
#2282 = ORIENTED_EDGE ( 'NONE', *, *, #2606, .F. ) ;
#2283 = ORIENTED_EDGE ( 'NONE', *, *, #4071, .T. ) ;
#2284 = DIRECTION ( 'NONE',  ( -1.000000000000000000, -4.336808689942019662E-19, 2.407412430484050162E-35 ) ) ;
#2285 = FILL_AREA_STYLE_COLOUR ( '', #4372 ) ;
#2286 = DIRECTION ( 'NONE',  ( -0.000000000000000000, -0.4999972845804346866, 0.8660269715269794943 ) ) ;
#2287 = DIRECTION ( 'NONE',  ( 0.000000000000000000, -0.7046339708126672097, -0.7095709740235808249 ) ) ;
#2288 = CARTESIAN_POINT ( 'NONE',  ( -22.37377208364728176, 49.18237252949676730, -18.05984713547426423 ) ) ;
#2289 = VERTEX_POINT ( 'NONE', #761 ) ;
#2290 = CARTESIAN_POINT ( 'NONE',  ( 23.99999952413033810, 41.04341040078032421, 0.3351238759337729078 ) ) ;
#2291 = VECTOR ( 'NONE', #5474, 1000.000000000000000 ) ;
#2292 = CARTESIAN_POINT ( 'NONE',  ( -20.06994559683845836, 45.27078305731312469, -20.31818801721002288 ) ) ;
#2293 = ORIENTED_EDGE ( 'NONE', *, *, #2710, .T. ) ;
#2294 = EDGE_CURVE ( 'NONE', #292, #2927, #1860, .T. ) ;
#2295 = DIRECTION ( 'NONE',  ( 2.168392568715800012E-19, -0.4999972845804249721, 0.8660269715269850455 ) ) ;
#2296 = CARTESIAN_POINT ( 'NONE',  ( 19.50000000000000000, 31.80065681472167682, -3.846445306247846752 ) ) ;
#2297 = TOROIDAL_SURFACE ( 'NONE', #1641, 129.0140355387000000, 1.000000000000000000 ) ;
#2298 = ADVANCED_FACE ( 'NONE', ( #2020 ), #4079, .F. ) ;
#2299 = VERTEX_POINT ( 'NONE', #360 ) ;
#2300 = AXIS2_PLACEMENT_3D ( 'NONE', #2510, #1568, #1595 ) ;
#2301 = EDGE_CURVE ( 'NONE', #1738, #292, #4358, .T. ) ;
#2302 = AXIS2_PLACEMENT_3D ( 'NONE', #4413, #1169, #5294 ) ;
#2303 = DIRECTION ( 'NONE',  ( 3.755793295842399036E-19, -0.8660269715269851565, -0.4999972845804250832 ) ) ;
#2304 = DIRECTION ( 'NONE',  ( 0.000000000000000000, -1.000000000000000000, 5.551115123125790098E-17 ) ) ;
#2305 = CIRCLE ( 'NONE', #3433, 8.499999999999998224 ) ;
#2306 = CARTESIAN_POINT ( 'NONE',  ( -18.62161709745848626, 41.60186856914232578, -20.96232856670788891 ) ) ;
#2307 = PRESENTATION_LAYER_ASSIGNMENT (  '', '', ( #1088 ) ) ;
#2308 = CARTESIAN_POINT ( 'NONE',  ( 19.50000000000000000, -26.62172815897734779, 40.78353990612919944 ) ) ;
#2309 = CARTESIAN_POINT ( 'NONE',  ( 10.99869747408849996, -20.46946932730794089, 17.58353990612919659 ) ) ;
#2310 = VERTEX_POINT ( 'NONE', #2922 ) ;
#2311 = ORIENTED_EDGE ( 'NONE', *, *, #5734, .F. ) ;
#2312 = FACE_OUTER_BOUND ( 'NONE', #4022, .T. ) ;
#2313 = CARTESIAN_POINT ( 'NONE',  ( -22.48751092118078176, 38.62739528609053252, 0.09494544767603736724 ) ) ;
#2314 = VECTOR ( 'NONE', #2420, 1000.000000000000000 ) ;
#2315 = DIRECTION ( 'NONE',  ( -1.000000000000000000, 0.000000000000000000, 0.000000000000000000 ) ) ;
#2316 = FILL_AREA_STYLE ('',( #525 ) ) ;
#2317 = VERTEX_POINT ( 'NONE', #3897 ) ;
#2318 = VECTOR ( 'NONE', #5757, 1000.000000000000000 ) ;
#2319 = DIRECTION ( 'NONE',  ( 0.000000000000000000, 1.000000000000000000, 0.000000000000000000 ) ) ;
#2320 = PRESENTATION_LAYER_ASSIGNMENT (  '', '', ( #4850 ) ) ;
#2321 =( NAMED_UNIT ( * ) SI_UNIT ( $, .STERADIAN. ) SOLID_ANGLE_UNIT ( ) );
#2322 = UNCERTAINTY_MEASURE_WITH_UNIT (LENGTH_MEASURE( 1.000000000000000082E-05 ), #565, 'distance_accuracy_value', 'NONE');
#2323 = CIRCLE ( 'NONE', #1486, 4.000000000000000888 ) ;
#2324 = ORIENTED_EDGE ( 'NONE', *, *, #2157, .F. ) ;
#2325 = CARTESIAN_POINT ( 'NONE',  ( -18.95685382714275491, 42.88152332671165112, -21.09087807670880110 ) ) ;
#2326 = SURFACE_STYLE_USAGE ( .BOTH. , #2004 ) ;
#2327 =( NAMED_UNIT ( * ) PLANE_ANGLE_UNIT ( ) SI_UNIT ( $, .RADIAN. ) );
#2328 = ADVANCED_FACE ( 'NONE', ( #4734 ), #3436, .T. ) ;
#2329 = FACE_OUTER_BOUND ( 'NONE', #596, .T. ) ;
#2330 =( NAMED_UNIT ( * ) PLANE_ANGLE_UNIT ( ) SI_UNIT ( $, .RADIAN. ) );
#2331 = ORIENTED_EDGE ( 'NONE', *, *, #223, .F. ) ;
#2332 = CARTESIAN_POINT ( 'NONE',  ( 21.50145552413040306, 72.31405671974620475, 5.687426285619298305 ) ) ;
#2333 = ADVANCED_FACE ( 'NONE', ( #1239 ), #5701, .F. ) ;
#2334 = FACE_BOUND ( 'NONE', #5657, .T. ) ;
#2335 = EDGE_CURVE ( 'NONE', #1891, #3640, #28, .T. ) ;
#2336 = CARTESIAN_POINT ( 'NONE',  ( -19.50000000000000000, 8.768473530597891141, 7.096130475325174380 ) ) ;
#2337 = FACE_OUTER_BOUND ( 'NONE', #4201, .T. ) ;
#2338 = SURFACE_SIDE_STYLE ('',( #548 ) ) ;
#2339 = ORIENTED_EDGE ( 'NONE', *, *, #4879, .F. ) ;
#2340 = ORIENTED_EDGE ( 'NONE', *, *, #4217, .T. ) ;
#2341 = ORIENTED_EDGE ( 'NONE', *, *, #5770, .F. ) ;
#2342 = DIRECTION ( 'NONE',  ( 0.000000000000000000, -5.551115123125790098E-17, -1.000000000000000000 ) ) ;
#2343 = DIRECTION ( 'NONE',  ( 0.000000000000000000, 0.000000000000000000, -1.000000000000000000 ) ) ;
#2344 = CARTESIAN_POINT ( 'NONE',  ( 8.351455524130299679, 67.67107436791040698, -7.385467446900160660 ) ) ;
#2345 = ADVANCED_FACE ( 'NONE', ( #1122 ), #2477, .F. ) ;
#2346 =( NAMED_UNIT ( * ) PLANE_ANGLE_UNIT ( ) SI_UNIT ( $, .RADIAN. ) );
#2347 = ORIENTED_EDGE ( 'NONE', *, *, #5810, .F. ) ;
#2348 = AXIS2_PLACEMENT_3D ( 'NONE', #4603, #5505, #4577 ) ;
#2349 =( NAMED_UNIT ( * ) PLANE_ANGLE_UNIT ( ) SI_UNIT ( $, .RADIAN. ) );
#2350 = DIRECTION ( 'NONE',  ( 0.000000000000000000, 0.9659250147588527291, -0.2588220737555246842 ) ) ;
#2351 = ORIENTED_EDGE ( 'NONE', *, *, #4494, .T. ) ;
#2352 =( GEOMETRIC_REPRESENTATION_CONTEXT ( 3 ) GLOBAL_UNCERTAINTY_ASSIGNED_CONTEXT ( ( #1281 ) ) GLOBAL_UNIT_ASSIGNED_CONTEXT ( ( #4190, #3711, #2388 ) ) REPRESENTATION_CONTEXT ( 'NONE', 'WORKASPACE' ) );
#2353 = SURFACE_STYLE_FILL_AREA ( #1029 ) ;
#2354 = CIRCLE ( 'NONE', #11, 7.499999999999944045 ) ;
#2355 =( NAMED_UNIT ( * ) PLANE_ANGLE_UNIT ( ) SI_UNIT ( $, .RADIAN. ) );
#2356 = CARTESIAN_POINT ( 'NONE',  ( 86.57447693970040348, 50.40991785931569780, -0.8881779687894518771 ) ) ;
#2357 = DIRECTION ( 'NONE',  ( 0.000000000000000000, 0.8660269715269853785, 0.4999972845804247501 ) ) ;
#2358 = VERTEX_POINT ( 'NONE', #1770 ) ;
#2359 = CARTESIAN_POINT ( 'NONE',  ( 21.50145552413040306, 72.09746744944798991, 13.54789467290919802 ) ) ;
#2360 = AXIS2_PLACEMENT_3D ( 'NONE', #949, #921, #1871 ) ;
#2361 = CARTESIAN_POINT ( 'NONE',  ( 16.91939485923748165, -26.62172815897734779, 17.38353990612920086 ) ) ;
#2362 = FILL_AREA_STYLE ('',( #575 ) ) ;
#2363 = CARTESIAN_POINT ( 'NONE',  ( -24.00000047586969742, 40.54341353839929951, 1.201151091217000255 ) ) ;
#2364 = CARTESIAN_POINT ( 'NONE',  ( 24.00145552413039951, 55.61473544452680073, -7.417956878063881376 ) ) ;
#2365 = ORIENTED_EDGE ( 'NONE', *, *, #5515, .T. ) ;
#2366 = ORIENTED_EDGE ( 'NONE', *, *, #934, .F. ) ;
#2367 = AXIS2_PLACEMENT_3D ( 'NONE', #2870, #5553, #3812 ) ;
#2368 = ORIENTED_EDGE ( 'NONE', *, *, #4999, .F. ) ;
#2369 = DIRECTION ( 'NONE',  ( 0.000000000000000000, -0.4999972845804346866, 0.8660269715269794943 ) ) ;
#2370 = EDGE_CURVE ( 'NONE', #3461, #3215, #3885, .T. ) ;
#2371 = CARTESIAN_POINT ( 'NONE',  ( 24.00145552413039951, 53.33827736951398890, -7.717651007760040649 ) ) ;
#2372 = LINE ( 'NONE', #1606, #2787 ) ;
#2373 = AXIS2_PLACEMENT_3D ( 'NONE', #3379, #4700, #680 ) ;
#2374 = DIRECTION ( 'NONE',  ( 0.000000000000000000, 0.000000000000000000, -1.000000000000000000 ) ) ;
#2375 = CARTESIAN_POINT ( 'NONE',  ( -12.89854447586965946, 67.17107708332949301, -6.519440475372318744 ) ) ;
#2376 = EDGE_CURVE ( 'NONE', #2358, #1579, #5751, .T. ) ;
#2377 = CARTESIAN_POINT ( 'NONE',  ( 22.99999952413029902, 70.42134405569004230, 18.45105740901528435 ) ) ;
#2378 = ORIENTED_EDGE ( 'NONE', *, *, #4347, .T. ) ;
#2379 = COLOUR_RGB ( '',0.9254901960784314152, 0.9254901960784314152, 0.9254901960784314152 ) ;
#2380 = EDGE_CURVE ( 'NONE', #944, #1170, #1362, .T. ) ;
#2381 = FACE_OUTER_BOUND ( 'NONE', #3907, .T. ) ;
#2382 = CARTESIAN_POINT ( 'NONE',  ( 23.24941666070530033, 48.26150486323864897, -17.43680803259081102 ) ) ;
#2383 = UNCERTAINTY_MEASURE_WITH_UNIT (LENGTH_MEASURE( 1.000000000000000082E-05 ), #4665, 'distance_accuracy_value', 'NONE');
#2384 = CARTESIAN_POINT ( 'NONE',  ( -18.80661113021056607, 42.51648467756731264, -21.11789084473656430 ) ) ;
#2385 = FACE_OUTER_BOUND ( 'NONE', #4919, .T. ) ;
#2386 = VECTOR ( 'NONE', #809, 1000.000000000000000 ) ;
#2387 = SURFACE_STYLE_USAGE ( .BOTH. , #3274 ) ;
#2388 =( NAMED_UNIT ( * ) SI_UNIT ( $, .STERADIAN. ) SOLID_ANGLE_UNIT ( ) );
#2389 = VERTEX_POINT ( 'NONE', #4472 ) ;
#2390 = FILL_AREA_STYLE_COLOUR ( '', #2379 ) ;
#2391 = CARTESIAN_POINT ( 'NONE',  ( 21.50145552413040306, 54.11474359078639651, -4.819875963482041392 ) ) ;
#2392 = CARTESIAN_POINT ( 'NONE',  ( 23.99999952413039850, 47.81183694473408963, -2.388169822530911368 ) ) ;
#2393 = FACE_OUTER_BOUND ( 'NONE', #1248, .T. ) ;
#2394 =( LENGTH_UNIT ( ) NAMED_UNIT ( * ) SI_UNIT ( .MILLI., .METRE. ) );
#2395 = ORIENTED_EDGE ( 'NONE', *, *, #5000, .T. ) ;
#2396 = VERTEX_POINT ( 'NONE', #912 ) ;
#2397 = ORIENTED_EDGE ( 'NONE', *, *, #3667, .F. ) ;
#2398 = COLOUR_RGB ( '',0.9254901960784314152, 0.9254901960784314152, 0.9254901960784314152 ) ;
#2399 = LINE ( 'NONE', #1496, #3099 ) ;
#2400 = CARTESIAN_POINT ( 'NONE',  ( 19.50000000000000000, 40.09222274919679307, -19.62283847109107526 ) ) ;
#2401 = CARTESIAN_POINT ( 'NONE',  ( 18.82663722538977780, 41.38308067743280816, -20.72553977734007802 ) ) ;
#2402 = AXIS2_PLACEMENT_3D ( 'NONE', #2761, #4548, #1882 ) ;
#2403 = FACE_OUTER_BOUND ( 'NONE', #1062, .T. ) ;
#2404 = EDGE_CURVE ( 'NONE', #693, #569, #1329, .T. ) ;
#2405 =( LENGTH_UNIT ( ) NAMED_UNIT ( * ) SI_UNIT ( .MILLI., .METRE. ) );
#2406 = ORIENTED_EDGE ( 'NONE', *, *, #1792, .T. ) ;
#2407 = CIRCLE ( 'NONE', #5036, 3.899999999999999911 ) ;
#2408 = VECTOR ( 'NONE', #2127, 1000.000000000000114 ) ;
#2409 = CARTESIAN_POINT ( 'NONE',  ( 23.99999952413027771, 40.91251141777696176, 0.5618492068976850273 ) ) ;
#2410 = ADVANCED_FACE ( 'NONE', ( #3615 ), #4354, .T. ) ;
#2411 = CONICAL_SURFACE ( 'NONE', #5688, 3.999999999999989786, 0.7853981633974496113 ) ;
#2412 = DIRECTION ( 'NONE',  ( 0.000000000000000000, -0.8660269715269852675, -0.4999972845804246946 ) ) ;
#2413 = CARTESIAN_POINT ( 'NONE',  ( 22.91185407951402908, 38.52343030735000440, -0.1967633743023138038 ) ) ;
#2414 = ADVANCED_FACE ( 'NONE', ( #2717, #477, #3529 ), #5290, .T. ) ;
#2415 = AXIS2_PLACEMENT_3D ( 'NONE', #2163, #1668, #5711 ) ;
#2416 = LINE ( 'NONE', #2912, #2990 ) ;
#2417 = PRESENTATION_LAYER_ASSIGNMENT (  '', '', ( #4946 ) ) ;
#2418 = DIRECTION ( 'NONE',  ( -2.168392568715800012E-19, 0.4999972845804249721, -0.8660269715269850455 ) ) ;
#2419 = AXIS2_PLACEMENT_3D ( 'NONE', #984, #4484, #3103 ) ;
#2420 = DIRECTION ( 'NONE',  ( 1.000000000000000000, 4.336808689942019662E-19, -2.407412430484050162E-35 ) ) ;
#2421 = CARTESIAN_POINT ( 'NONE',  ( 19.50000000000000000, 12.96307512163180320, 4.161751634651827736 ) ) ;
#2422 = EDGE_LOOP ( 'NONE', ( #1314, #476, #4103, #401 ) ) ;
#2423 = CONICAL_SURFACE ( 'NONE', #5550, 28.64999999999999858, 0.7853981633974536081 ) ;
#2424 = CYLINDRICAL_SURFACE ( 'NONE', #2940, 0.9999999999999984457 ) ;
#2425 = DIRECTION ( 'NONE',  ( -4.492760330432328816E-11, 0.000000000000000000, -1.000000000000000000 ) ) ;
#2426 = FACE_OUTER_BOUND ( 'NONE', #5529, .T. ) ;
#2427 = FACE_OUTER_BOUND ( 'NONE', #3226, .T. ) ;
#2428 = CARTESIAN_POINT ( 'NONE',  ( 19.27458281934269024, 41.18035165690179866, -20.31818114220427063 ) ) ;
#2429 = VERTEX_POINT ( 'NONE', #2270 ) ;
#2430 = ORIENTED_EDGE ( 'NONE', *, *, #4143, .T. ) ;
#2431 = EDGE_LOOP ( 'NONE', ( #131, #4544, #822, #2019 ) ) ;
#2432 = DIRECTION ( 'NONE',  ( 2.168392568715800252E-19, -0.4999972845804250277, 0.8660269715269851565 ) ) ;
#2433 = DIRECTION ( 'NONE',  ( -1.000000000000000000, -4.336808689942020625E-19, -6.437509947715497613E-35 ) ) ;
#2434 = CARTESIAN_POINT ( 'NONE',  ( 21.50145552413040306, 53.33827736951398890, -7.717651007760040649 ) ) ;
#2435 = FILL_AREA_STYLE_COLOUR ( '', #2954 ) ;
#2436 = ORIENTED_EDGE ( 'NONE', *, *, #1586, .T. ) ;
#2437 = DIRECTION ( 'NONE',  ( -4.228670611456740061E-32, 5.551115123125779621E-17, 1.000000000000000000 ) ) ;
#2438 = STYLED_ITEM ( 'NONE', ( #4536 ), #4728 ) ;
#2439 = CONICAL_SURFACE ( 'NONE', #5716, 130.0140355387000000, 0.7853981633974437271 ) ;
#2440 = DIRECTION ( 'NONE',  ( -0.7071067811865534569, 3.925231146709409567E-17, 0.7071067811865415775 ) ) ;
#2441 = DIRECTION ( 'NONE',  ( 0.000000000000000000, -0.8660269715269851565, -0.4999972845804249166 ) ) ;
#2442 = UNCERTAINTY_MEASURE_WITH_UNIT (LENGTH_MEASURE( 1.000000000000000082E-05 ), #1640, 'distance_accuracy_value', 'NONE');
#2443 = ADVANCED_FACE ( 'NONE', ( #4435 ), #4046, .F. ) ;
#2444 = VECTOR ( 'NONE', #839, 1000.000000000000114 ) ;
#2445 = EDGE_CURVE ( 'NONE', #1238, #3307, #3743, .T. ) ;
#2446 = DIRECTION ( 'NONE',  ( 0.000000000000000000, 5.551115123125790098E-17, 1.000000000000000000 ) ) ;
#2447 = FACE_OUTER_BOUND ( 'NONE', #3466, .T. ) ;
#2448 = DIRECTION ( 'NONE',  ( 2.124151195073640569E-19, 0.4999972845804250832, -0.8660269715269852675 ) ) ;
#2449 = ORIENTED_EDGE ( 'NONE', *, *, #218, .F. ) ;
#2450 = PRESENTATION_LAYER_ASSIGNMENT (  '', '', ( #1513 ) ) ;
#2451 = EDGE_CURVE ( 'NONE', #3307, #4878, #4540, .T. ) ;
#2452 = FILL_AREA_STYLE ('',( #2390 ) ) ;
#2453 = DIRECTION ( 'NONE',  ( -1.000000000000000000, -2.391782681289281369E-19, 1.122953158202381497E-19 ) ) ;
#2454 = CARTESIAN_POINT ( 'NONE',  ( 23.99999952413039850, 75.21183176402261950, 4.910960064352738463 ) ) ;
#2455 = FILL_AREA_STYLE ('',( #5501 ) ) ;
#2456 = CARTESIAN_POINT ( 'NONE',  ( -19.50000000000000000, -14.91394385214018925, 14.88353990612918665 ) ) ;
#2457 = ORIENTED_EDGE ( 'NONE', *, *, #5347, .T. ) ;
#2458 = EDGE_LOOP ( 'NONE', ( #270, #2544, #4493, #5303, #4254 ) ) ;
#2459 = CIRCLE ( 'NONE', #1613, 1.650000000000000355 ) ;
#2460 = ORIENTED_EDGE ( 'NONE', *, *, #4921, .T. ) ;
#2461 = CARTESIAN_POINT ( 'NONE',  ( -18.49999999999997158, -9.969469327306999418, 28.36178214484647597 ) ) ;
#2462 =( NAMED_UNIT ( * ) SI_UNIT ( $, .STERADIAN. ) SOLID_ANGLE_UNIT ( ) );
#2463 = VECTOR ( 'NONE', #4105, 1000.000000000000114 ) ;
#2464 = CARTESIAN_POINT ( 'NONE',  ( -14.49854447586969997, 115.2443829652980014, -61.18529636544560191 ) ) ;
#2465 = CARTESIAN_POINT ( 'NONE',  ( -19.91317642669279664, 44.96484653433299883, -20.49067037354070564 ) ) ;
#2466 = ORIENTED_EDGE ( 'NONE', *, *, #1477, .T. ) ;
#2467 = CARTESIAN_POINT ( 'NONE',  ( 19.49869747408850174, -15.46946932731194124, -38.72683685419079325 ) ) ;
#2468 = EDGE_LOOP ( 'NONE', ( #683, #577, #2538, #4631 ) ) ;
#2469 = FILL_AREA_STYLE_COLOUR ( '', #3766 ) ;
#2470 = PRESENTATION_LAYER_ASSIGNMENT (  '', '', ( #4622 ) ) ;
#2471 = DIRECTION ( 'NONE',  ( 0.000000000000000000, -0.4999972845804251942, 0.8660269715269850455 ) ) ;
#2472 = CARTESIAN_POINT ( 'NONE',  ( 21.50086736455029879, 52.41726627055550125, -4.365032581789301425 ) ) ;
#2473 = CARTESIAN_POINT ( 'NONE',  ( 19.49854399995287935, 44.11125323436355927, -20.83278178594472152 ) ) ;
#2474 = VECTOR ( 'NONE', #115, 1000.000000000000000 ) ;
#2475 = FILL_AREA_STYLE ('',( #678 ) ) ;
#2476 = ORIENTED_EDGE ( 'NONE', *, *, #4109, .F. ) ;
#2477 = CONICAL_SURFACE ( 'NONE', #3598, 28.64999999999999858, 0.7853981633974378429 ) ;
#2478 = FACE_OUTER_BOUND ( 'NONE', #1566, .T. ) ;
#2479 = FACE_OUTER_BOUND ( 'NONE', #1266, .T. ) ;
#2480 = ADVANCED_FACE ( 'NONE', ( #3211 ), #1889, .F. ) ;
#2481 = FILL_AREA_STYLE ('',( #1534 ) ) ;
#2482 = CARTESIAN_POINT ( 'NONE',  ( -93.66238150725969547, 88.02076320748514604, 27.45731476880380484 ) ) ;
#2483 = ORIENTED_EDGE ( 'NONE', *, *, #1219, .T. ) ;
#2484 = CARTESIAN_POINT ( 'NONE',  ( -19.97969632563023623, 42.27079934983056830, -19.64232986241788836 ) ) ;
#2485 = ADVANCED_FACE ( 'NONE', ( #5059 ), #125, .T. ) ;
#2486 = LINE ( 'NONE', #1125, #1075 ) ;
#2487 = CARTESIAN_POINT ( 'NONE',  ( -19.50241609629969730, 43.05784390063650591, -22.75051823155179775 ) ) ;
#2488 = EDGE_CURVE ( 'NONE', #5053, #3526, #2049, .T. ) ;
#2489 = DIRECTION ( 'NONE',  ( 0.000000000000000000, 5.551115123125790098E-17, 1.000000000000000000 ) ) ;
#2490 = LINE ( 'NONE', #4283, #4519 ) ;
#2491 = ORIENTED_EDGE ( 'NONE', *, *, #4606, .F. ) ;
#2492 = VERTEX_POINT ( 'NONE', #156 ) ;
#2493 = ORIENTED_EDGE ( 'NONE', *, *, #931, .T. ) ;
#2494 =( NAMED_UNIT ( * ) SI_UNIT ( $, .STERADIAN. ) SOLID_ANGLE_UNIT ( ) );
#2495 = DIRECTION ( 'NONE',  ( -2.168392568715800493E-19, 0.4999972845804250832, -0.8660269715269852675 ) ) ;
#2496 = CARTESIAN_POINT ( 'NONE',  ( -19.50245503836618255, 33.86248457575825199, -2.656057113172146877 ) ) ;
#2497 = AXIS2_PLACEMENT_3D ( 'NONE', #5441, #1430, #2727 ) ;
#2498 = ORIENTED_EDGE ( 'NONE', *, *, #2376, .F. ) ;
#2499 = LINE ( 'NONE', #1306, #2187 ) ;
#2500 = ORIENTED_EDGE ( 'NONE', *, *, #4916, .F. ) ;
#2501 = CONICAL_SURFACE ( 'NONE', #3521, 4.999999999999997335, 0.7853981633974557175 ) ;
#2502 = CARTESIAN_POINT ( 'NONE',  ( 21.50145552413040306, 69.06407436996919103, 11.31660160054289932 ) ) ;
#2503 = CARTESIAN_POINT ( 'NONE',  ( -19.21376955104546269, 43.47928322716276739, -20.99907799045751133 ) ) ;
#2504 = CIRCLE ( 'NONE', #3248, 3.000000000000001332 ) ;
#2505 = CARTESIAN_POINT ( 'NONE',  ( 22.95711288346347345, 48.56776670028054355, -17.64491848912114946 ) ) ;
#2506 = UNCERTAINTY_MEASURE_WITH_UNIT (LENGTH_MEASURE( 1.000000000000000082E-05 ), #3934, 'distance_accuracy_value', 'NONE');
#2507 = VERTEX_POINT ( 'NONE', #2171 ) ;
#2508 = PRESENTATION_LAYER_ASSIGNMENT (  '', '', ( #528 ) ) ;
#2509 = DIRECTION ( 'NONE',  ( -0.7071067811865470176, 0.3535514705016787884, -0.6123735442571807130 ) ) ;
#2510 = CARTESIAN_POINT ( 'NONE',  ( -18.50000000000002842, 36.45886589868137406, -19.02169326984279252 ) ) ;
#2511 = EDGE_LOOP ( 'NONE', ( #4602, #3095, #2430, #4787 ) ) ;
#2512 = AXIS2_PLACEMENT_3D ( 'NONE', #3426, #3018, #5331 ) ;
#2513 = CARTESIAN_POINT ( 'NONE',  ( -20.19122571883327666, 43.05573712482896553, -20.22852225703003981 ) ) ;
#2514 = CARTESIAN_POINT ( 'NONE',  ( -19.56094720663027076, 41.05944492688291803, -19.91373491610190882 ) ) ;
#2515 = EDGE_CURVE ( 'NONE', #5014, #5189, #1293, .T. ) ;
#2516 = FACE_OUTER_BOUND ( 'NONE', #927, .T. ) ;
#2517 = CARTESIAN_POINT ( 'NONE',  ( 93.68306822113039800, 87.98387057484625018, 27.43601495165383142 ) ) ;
#2518 = SURFACE_SIDE_STYLE ('',( #2987 ) ) ;
#2519 = FILL_AREA_STYLE ('',( #3475 ) ) ;
#2520 = ORIENTED_EDGE ( 'NONE', *, *, #5343, .T. ) ;
#2521 = VERTEX_POINT ( 'NONE', #1316 ) ;
#2522 = ADVANCED_FACE ( 'NONE', ( #1228 ), #297, .F. ) ;
#2523 = ORIENTED_EDGE ( 'NONE', *, *, #1219, .F. ) ;
#2524 = LINE ( 'NONE', #4314, #2652 ) ;
#2525 = EDGE_CURVE ( 'NONE', #3454, #2492, #3981, .T. ) ;
#2526 =( NAMED_UNIT ( * ) SI_UNIT ( $, .STERADIAN. ) SOLID_ANGLE_UNIT ( ) );
#2527 = CARTESIAN_POINT ( 'NONE',  ( -22.95717997593636639, 48.56785914447405617, -17.64486573308569461 ) ) ;
#2528 = CYLINDRICAL_SURFACE ( 'NONE', #5796, 0.9999999999999984457 ) ;
#2529 = ORIENTED_EDGE ( 'NONE', *, *, #1836, .F. ) ;
#2530 = PLANE ( 'NONE',  #3332 ) ;
#2531 = EDGE_LOOP ( 'NONE', ( #2351, #5651, #2953, #4814, #1671, #5620 ) ) ;
#2532 = DIRECTION ( 'NONE',  ( 1.000000000000000000, 4.336808689942019662E-19, -5.135813185032630367E-34 ) ) ;
#2533 = CARTESIAN_POINT ( 'NONE',  ( -19.01920366127447437, 43.03004181951730089, -21.07457195275144812 ) ) ;
#2534 = EDGE_CURVE ( 'NONE', #5154, #4874, #1731, .T. ) ;
#2535 = CARTESIAN_POINT ( 'NONE',  ( 21.50145552413040306, 69.98833057032419447, 18.20105876695259894 ) ) ;
#2536 = ORIENTED_EDGE ( 'NONE', *, *, #1614, .T. ) ;
#2537 = DIRECTION ( 'NONE',  ( 0.000000000000000000, 0.000000000000000000, 1.000000000000000000 ) ) ;
#2538 = ORIENTED_EDGE ( 'NONE', *, *, #1722, .F. ) ;
#2539 = CARTESIAN_POINT ( 'NONE',  ( -18.49999999999997158, 19.33798309278793681, 17.73969508567892461 ) ) ;
#2540 = CARTESIAN_POINT ( 'NONE',  ( -20.06994559683848323, 45.27078305731311048, -20.31818801721002998 ) ) ;
#2541 = DIRECTION ( 'NONE',  ( 0.000000000000000000, 0.8660269715269852675, 0.4999972845804249721 ) ) ;
#2542 =( NAMED_UNIT ( * ) PLANE_ANGLE_UNIT ( ) SI_UNIT ( $, .RADIAN. ) );
#2543 = SURFACE_STYLE_USAGE ( .BOTH. , #2952 ) ;
#2544 = ORIENTED_EDGE ( 'NONE', *, *, #5483, .F. ) ;
#2545 = MECHANICAL_DESIGN_GEOMETRIC_PRESENTATION_REPRESENTATION (  '', ( #4876 ), #2164 ) ;
#2546 = ORIENTED_EDGE ( 'NONE', *, *, #2638, .F. ) ;
#2547 = STYLED_ITEM ( 'NONE', ( #1884 ), #4253 ) ;
#2548 = ORIENTED_EDGE ( 'NONE', *, *, #1872, .T. ) ;
#2549 = DIRECTION ( 'NONE',  ( -1.000000000000000000, 0.000000000000000000, 0.000000000000000000 ) ) ;
#2550 = VECTOR ( 'NONE', #3495, 1000.000000000000000 ) ;
#2551 = B_SPLINE_CURVE_WITH_KNOTS ( 'NONE', 3,
 ( #5530, #1935, #719, #1630 ),
 .UNSPECIFIED., .F., .F.,
 ( 4, 4 ),
 ( 0.000000000000000000, 1.000000000000000000 ),
 .UNSPECIFIED. ) ;
#2552 = CARTESIAN_POINT ( 'NONE',  ( 10.00145552413030003, 64.67109066043200016, -2.189305617746140520 ) ) ;
#2553 = PRODUCT ( '332000145,\X2\815590e8644450cf5934652f67b6\X0\_D405_305_mount-dyx0922', '332000145,\X2\815590e8644450cf5934652f67b6\X0\_D405_305_mount-dyx0922', '', ( #2909 ) ) ;
#2554 = LINE ( 'NONE', #5627, #5292 ) ;
#2555 = CARTESIAN_POINT ( 'NONE',  ( 11.65145552413030039, 66.17108251417377573, -4.787386532327245980 ) ) ;
#2556 = ORIENTED_EDGE ( 'NONE', *, *, #365, .T. ) ;
#2557 = ADVANCED_FACE ( 'NONE', ( #816 ), #3026, .T. ) ;
#2558 = VERTEX_POINT ( 'NONE', #5255 ) ;
#2559 = CIRCLE ( 'NONE', #1797, 2.999999999999997780 ) ;
#2560 = DIRECTION ( 'NONE',  ( -0.000000000000000000, -0.4999972845804256938, 0.8660269715269848234 ) ) ;
#2561 = PRESENTATION_STYLE_ASSIGNMENT (( #406 ) ) ;
#2562 = AXIS2_PLACEMENT_3D ( 'NONE', #361, #2605, #2134 ) ;
#2563 = EDGE_CURVE ( 'NONE', #1195, #3939, #1276, .T. ) ;
#2564 = FACE_OUTER_BOUND ( 'NONE', #1866, .T. ) ;
#2565 = ORIENTED_EDGE ( 'NONE', *, *, #473, .F. ) ;
#2566 = EDGE_CURVE ( 'NONE', #802, #3820, #1811, .T. ) ;
#2567 = ORIENTED_EDGE ( 'NONE', *, *, #5244, .F. ) ;
#2568 = STYLED_ITEM ( 'NONE', ( #1351 ), #2701 ) ;
#2569 = AXIS2_PLACEMENT_3D ( 'NONE', #1339, #3649, #3537 ) ;
#2570 = LINE ( 'NONE', #2244, #5210 ) ;
#2571 = ORIENTED_EDGE ( 'NONE', *, *, #539, .T. ) ;
#2572 = SURFACE_STYLE_USAGE ( .BOTH. , #4386 ) ;
#2573 = CARTESIAN_POINT ( 'NONE',  ( -19.50000000000000000, 8.768473530597903576, 7.096130475325186815 ) ) ;
#2574 = DIRECTION ( 'NONE',  ( -5.644119159866475991E-11, -0.8660269714987668399, -0.4999972846293009865 ) ) ;
#2575 = FILL_AREA_STYLE_COLOUR ( '', #4005 ) ;
#2576 = STYLED_ITEM ( 'NONE', ( #3986 ), #2443 ) ;
#2577 =( NAMED_UNIT ( * ) PLANE_ANGLE_UNIT ( ) SI_UNIT ( $, .RADIAN. ) );
#2578 = CARTESIAN_POINT ( 'NONE',  ( 19.48977278948888525, 44.11847991986191175, -20.83989837809179591 ) ) ;
#2579 = VERTEX_POINT ( 'NONE', #3140 ) ;
#2580 = ORIENTED_EDGE ( 'NONE', *, *, #3300, .T. ) ;
#2581 = CIRCLE ( 'NONE', #972, 3.899999999999999023 ) ;
#2582 = CARTESIAN_POINT ( 'NONE',  ( -21.49854447586969997, 44.54542484137370906, 3.511696663276298480 ) ) ;
#2583 = CARTESIAN_POINT ( 'NONE',  ( -23.00000047586968321, 40.54341325050484102, 1.201150925001183811 ) ) ;
#2584 = CARTESIAN_POINT ( 'NONE',  ( 23.99999952413039850, 67.56408251622869443, 13.91468251512480236 ) ) ;
#2585 = LINE ( 'NONE', #3974, #4306 ) ;
#2586 = ORIENTED_EDGE ( 'NONE', *, *, #4278, .F. ) ;
#2587 = EDGE_LOOP ( 'NONE', ( #4343, #5472, #3158, #1347, #230 ) ) ;
#2588 = AXIS2_PLACEMENT_3D ( 'NONE', #1354, #5020, #1440 ) ;
#2589 = DIRECTION ( 'NONE',  ( -3.755793295842399036E-19, 0.8660269715269851565, 0.4999972845804250832 ) ) ;
#2590 = CARTESIAN_POINT ( 'NONE',  ( -23.22669216501024181, 38.64166773802159582, -0.7491617146714988351 ) ) ;
#2591 = AXIS2_PLACEMENT_3D ( 'NONE', #5239, #2136, #1189 ) ;
#2592 = AXIS2_PLACEMENT_3D ( 'NONE', #3762, #3201, #4608 ) ;
#2593 = PRESENTATION_STYLE_ASSIGNMENT (( #789 ) ) ;
#2594 = ORIENTED_EDGE ( 'NONE', *, *, #1377, .T. ) ;
#2595 = CIRCLE ( 'NONE', #5025, 3.000000000000002220 ) ;
#2596 = VECTOR ( 'NONE', #5190, 1000.000000000000000 ) ;
#2597 = EDGE_CURVE ( 'NONE', #4443, #1432, #3321, .T. ) ;
#2598 = ORIENTED_EDGE ( 'NONE', *, *, #5391, .T. ) ;
#2599 = CIRCLE ( 'NONE', #1470, 3.999999999999997780 ) ;
#2600 = EDGE_CURVE ( 'NONE', #2198, #4615, #2829, .T. ) ;
#2601 = LINE ( 'NONE', #5698, #1462 ) ;
#2602 = ORIENTED_EDGE ( 'NONE', *, *, #5452, .F. ) ;
#2603 = PRESENTATION_LAYER_ASSIGNMENT (  '', '', ( #2977 ) ) ;
#2604 =( NAMED_UNIT ( * ) PLANE_ANGLE_UNIT ( ) SI_UNIT ( $, .RADIAN. ) );
#2605 = DIRECTION ( 'NONE',  ( 0.000000000000000000, -0.4999972845804346866, 0.8660269715269794943 ) ) ;
#2606 = EDGE_CURVE ( 'NONE', #3195, #4089, #1880, .T. ) ;
#2607 = CARTESIAN_POINT ( 'NONE',  ( -9.998544475869659109, 67.67107436791040698, -7.385467446900160660 ) ) ;
#2608 = SURFACE_STYLE_FILL_AREA ( #3901 ) ;
#2609 = CIRCLE ( 'NONE', #64, 2.999999999999999556 ) ;
#2610 = FACE_OUTER_BOUND ( 'NONE', #3476, .T. ) ;
#2611 = CARTESIAN_POINT ( 'NONE',  ( 19.11862161771322377, 43.30250818819146730, -21.05611339265783855 ) ) ;
#2612 = ORIENTED_EDGE ( 'NONE', *, *, #3926, .F. ) ;
#2613 = EDGE_LOOP ( 'NONE', ( #1909, #1996, #3571, #749 ) ) ;
#2614 = PRESENTATION_STYLE_ASSIGNMENT (( #5297 ) ) ;
#2615 = VECTOR ( 'NONE', #1800, 1000.000000000000114 ) ;
#2616 = VECTOR ( 'NONE', #183, 1000.000000000000000 ) ;
#2617 = DIRECTION ( 'NONE',  ( 0.000000000000000000, -0.4249938647437425110, -0.9051962300684738283 ) ) ;
#2618 = CARTESIAN_POINT ( 'NONE',  ( 21.50145552413040306, 75.21183176402260528, 4.910960064352699384 ) ) ;
#2619 = CARTESIAN_POINT ( 'NONE',  ( 20.75810584374834633, 44.05259574957307223, -19.86670064398386870 ) ) ;
#2620 = ORIENTED_EDGE ( 'NONE', *, *, #1036, .T. ) ;
#2621 = VERTEX_POINT ( 'NONE', #5447 ) ;
#2622 = CARTESIAN_POINT ( 'NONE',  ( -23.07353103125229410, 38.53830362969549839, -0.4011115483040490481 ) ) ;
#2623 = DIRECTION ( 'NONE',  ( -1.000000000000000000, -1.098173894731180050E-14, -2.942431877982980510E-15 ) ) ;
#2624 =( NAMED_UNIT ( * ) SI_UNIT ( $, .STERADIAN. ) SOLID_ANGLE_UNIT ( ) );
#2625 = ORIENTED_EDGE ( 'NONE', *, *, #2661, .T. ) ;
#2626 = EDGE_CURVE ( 'NONE', #24, #1526, #221, .T. ) ;
#2627 = CARTESIAN_POINT ( 'NONE',  ( 19.50000000000000000, 8.713136474194346448, -4.890210666032929865 ) ) ;
#2628 = ORIENTED_EDGE ( 'NONE', *, *, #1445, .T. ) ;
#2629 = EDGE_CURVE ( 'NONE', #2299, #3145, #54, .T. ) ;
#2630 = CARTESIAN_POINT ( 'NONE',  ( 18.99999952413030258, 41.04341082298442700, 0.3351241196916550091 ) ) ;
#2631 = DIRECTION ( 'NONE',  ( -2.168392568715800493E-19, 0.4999972845804250832, -0.8660269715269852675 ) ) ;
#2632 = DIRECTION ( 'NONE',  ( 0.000000000000000000, 0.4999972845804243615, -0.8660269715269856006 ) ) ;
#2633 = CARTESIAN_POINT ( 'NONE',  ( 20.56685362127970507, 43.72818497909141655, -20.01098836318661611 ) ) ;
#2634 = LINE ( 'NONE', #3856, #5581 ) ;
#2635 = FILL_AREA_STYLE_COLOUR ( '', #210 ) ;
#2636 = EDGE_LOOP ( 'NONE', ( #2169, #2232, #5594, #5488 ) ) ;
#2637 = UNCERTAINTY_MEASURE_WITH_UNIT (LENGTH_MEASURE( 1.000000000000000082E-05 ), #1066, 'distance_accuracy_value', 'NONE');
#2638 = EDGE_CURVE ( 'NONE', #2664, #5053, #5094, .T. ) ;
#2639 = AXIS2_PLACEMENT_3D ( 'NONE', #1292, #3514, #873 ) ;
#2640 = CARTESIAN_POINT ( 'NONE',  ( 19.95432252094956382, 33.27810525706119194, -4.148144675104637358 ) ) ;
#2641 = CARTESIAN_POINT ( 'NONE',  ( 19.50000000000000000, 8.768473530597924892, 7.096130475325209019 ) ) ;
#2642 = CARTESIAN_POINT ( 'NONE',  ( 21.50145552413040306, 71.53801791147240863, 13.75953326312820124 ) ) ;
#2643 = DIRECTION ( 'NONE',  ( 0.7071067811865503483, -0.3005160437229775772, -0.6400703925859135834 ) ) ;
#2644 = LINE ( 'NONE', #3914, #645 ) ;
#2645 = ORIENTED_EDGE ( 'NONE', *, *, #265, .T. ) ;
#2646 = ORIENTED_EDGE ( 'NONE', *, *, #1256, .T. ) ;
#2647 = CARTESIAN_POINT ( 'NONE',  ( 86.57447693970040348, 54.11474359078639651, -4.819875963482041392 ) ) ;
#2648 = CIRCLE ( 'NONE', #3291, 1.649999999999998579 ) ;
#2649 = DIRECTION ( 'NONE',  ( 0.000000000000000000, -5.551115123125790098E-17, -1.000000000000000000 ) ) ;
#2650 = EDGE_LOOP ( 'NONE', ( #4529, #4429, #2837, #339 ) ) ;
#2651 = CYLINDRICAL_SURFACE ( 'NONE', #2084, 1.650000000000000355 ) ;
#2652 = VECTOR ( 'NONE', #778, 1000.000000000000114 ) ;
#2653 = PRESENTATION_LAYER_ASSIGNMENT (  '', '', ( #3782 ) ) ;
#2654 = LINE ( 'NONE', #331, #1079 ) ;
#2655 = VERTEX_POINT ( 'NONE', #3660 ) ;
#2656 = COLOUR_RGB ( '',0.9254901960784314152, 0.9254901960784314152, 0.9254901960784314152 ) ;
#2657 = SURFACE_SIDE_STYLE ('',( #852 ) ) ;
#2658 = PLANE ( 'NONE',  #4012 ) ;
#2659 = CARTESIAN_POINT ( 'NONE',  ( 23.13857641368791107, 38.56250300634365402, -0.5152105558171691246 ) ) ;
#2660 = FILL_AREA_STYLE_COLOUR ( '', #2398 ) ;
#2661 = EDGE_CURVE ( 'NONE', #4170, #4001, #1436, .T. ) ;
#2662 = LINE ( 'NONE', #1585, #4257 ) ;
#2663 = DIRECTION ( 'NONE',  ( 1.000000000000000000, 0.000000000000000000, 7.511627386124889036E-19 ) ) ;
#2664 = VERTEX_POINT ( 'NONE', #1821 ) ;
#2665 = LINE ( 'NONE', #4446, #4908 ) ;
#2666 = EDGE_CURVE ( 'NONE', #3034, #1608, #1408, .T. ) ;
#2667 = DIRECTION ( 'NONE',  ( -1.069105884036878258E-50, -5.551115123125790098E-17, -1.000000000000000000 ) ) ;
#2668 = COLOUR_RGB ( '',0.9254901960784314152, 0.9254901960784314152, 0.9254901960784314152 ) ;
#2669 = EDGE_CURVE ( 'NONE', #2492, #5231, #5396, .T. ) ;
#2670 = DIRECTION ( 'NONE',  ( 1.000000000000000000, 0.000000000000000000, 0.000000000000000000 ) ) ;
#2671 = CARTESIAN_POINT ( 'NONE',  ( 23.99999952413039850, 51.64080004928289469, -7.262807626066340561 ) ) ;
#2672 = LINE ( 'NONE', #2166, #607 ) ;
#2673 = CARTESIAN_POINT ( 'NONE',  ( -19.00000047586969742, 50.54335923001125508, -16.11938833931890613 ) ) ;
#2674 = DIRECTION ( 'NONE',  ( -4.336808689942019662E-19, 1.000000000000000000, 0.000000000000000000 ) ) ;
#2675 = ORIENTED_EDGE ( 'NONE', *, *, #4891, .F. ) ;
#2676 = ORIENTED_EDGE ( 'NONE', *, *, #1619, .T. ) ;
#2677 = CARTESIAN_POINT ( 'NONE',  ( 14.50145552413030003, 83.11746515394800383, 8.460636543818598199 ) ) ;
#2678 = PRESENTATION_STYLE_ASSIGNMENT (( #350 ) ) ;
#2679 = CARTESIAN_POINT ( 'NONE',  ( 19.50000000000000000, -26.62172815897734779, 15.58353990612919659 ) ) ;
#2680 = AXIS2_PLACEMENT_3D ( 'NONE', #290, #5685, #315 ) ;
#2681 = VERTEX_POINT ( 'NONE', #2760 ) ;
#2682 = PRESENTATION_LAYER_ASSIGNMENT (  '', '', ( #5199 ) ) ;
#2683 = ORIENTED_EDGE ( 'NONE', *, *, #3776, .T. ) ;
#2684 =( GEOMETRIC_REPRESENTATION_CONTEXT ( 3 ) GLOBAL_UNCERTAINTY_ASSIGNED_CONTEXT ( ( #1693 ) ) GLOBAL_UNIT_ASSIGNED_CONTEXT ( ( #2405, #176, #5132 ) ) REPRESENTATION_CONTEXT ( 'NONE', 'WORKASPACE' ) );
#2685 = CARTESIAN_POINT ( 'NONE',  ( -14.49854447586969997, 69.55531708455561102, 17.95106012466149892 ) ) ;
#2686 = ORIENTED_EDGE ( 'NONE', *, *, #223, .T. ) ;
#2687 = COLOUR_RGB ( '',0.9254901960784314152, 0.9254901960784314152, 0.9254901960784314152 ) ;
#2688 = DIRECTION ( 'NONE',  ( 3.755793295842399036E-19, -0.8660269715269851565, -0.4999972845804250832 ) ) ;
#2689 = CONICAL_SURFACE ( 'NONE', #3824, 4.000000000000015987, 0.7853981633974380649 ) ;
#2690 = LINE ( 'NONE', #4412, #5309 ) ;
#2691 =( NAMED_UNIT ( * ) SI_UNIT ( $, .STERADIAN. ) SOLID_ANGLE_UNIT ( ) );
#2692 = ORIENTED_EDGE ( 'NONE', *, *, #1515, .F. ) ;
#2693 = UNCERTAINTY_MEASURE_WITH_UNIT (LENGTH_MEASURE( 1.000000000000000082E-05 ), #5351, 'distance_accuracy_value', 'NONE');
#2694 = EDGE_CURVE ( 'NONE', #1962, #4743, #3229, .T. ) ;
#2695 = AXIS2_PLACEMENT_3D ( 'NONE', #4021, #4361, #5293 ) ;
#2696 = LINE ( 'NONE', #4135, #4992 ) ;
#2697 = DIRECTION ( 'NONE',  ( -2.168392568715800252E-19, 0.4999972845804250277, -0.8660269715269851565 ) ) ;
#2698 = DIRECTION ( 'NONE',  ( 0.000000000000000000, -0.8660269715269851565, -0.4999972845804250277 ) ) ;
#2699 = LINE ( 'NONE', #4394, #1923 ) ;
#2700 = DIRECTION ( 'NONE',  ( -0.2542335419993849155, -0.8375717996053833048, -0.4835688023727821028 ) ) ;
#2701 = ADVANCED_FACE ( 'NONE', ( #5049 ), #495, .F. ) ;
#2702 = ORIENTED_EDGE ( 'NONE', *, *, #2638, .T. ) ;
#2703 = ORIENTED_EDGE ( 'NONE', *, *, #1697, .F. ) ;
#2704 = EDGE_CURVE ( 'NONE', #139, #3268, #3392, .T. ) ;
#2705 = AXIS2_PLACEMENT_3D ( 'NONE', #3131, #5799, #1778 ) ;
#2706 =( LENGTH_UNIT ( ) NAMED_UNIT ( * ) SI_UNIT ( .MILLI., .METRE. ) );
#2707 = STYLED_ITEM ( 'NONE', ( #3306 ), #4597 ) ;
#2708 = PLANE ( 'NONE',  #5040 ) ;
#2709 = ORIENTED_EDGE ( 'NONE', *, *, #5278, .T. ) ;
#2710 = EDGE_CURVE ( 'NONE', #5680, #926, #173, .T. ) ;
#2711 = FILL_AREA_STYLE_COLOUR ( '', #1892 ) ;
#2712 = COLOUR_RGB ( '',0.9254901960784314152, 0.9254901960784314152, 0.9254901960784314152 ) ;
#2713 = FILL_AREA_STYLE_COLOUR ( '', #758 ) ;
#2714 = FILL_AREA_STYLE ('',( #4554 ) ) ;
#2715 = EDGE_LOOP ( 'NONE', ( #2898, #3412, #733, #2887 ) ) ;
#2716 = VECTOR ( 'NONE', #836, 1000.000000000000114 ) ;
#2717 = FACE_BOUND ( 'NONE', #3544, .T. ) ;
#2718 = DIRECTION ( 'NONE',  ( 0.4802693771722779670, 0.7596104811623758390, 0.4385581401123642142 ) ) ;
#2719 = CARTESIAN_POINT ( 'NONE',  ( -19.32977923450954094, 32.28459506330857920, -4.721743899391442234 ) ) ;
#2720 = LINE ( 'NONE', #4535, #5407 ) ;
#2721 = PLANE ( 'NONE',  #4779 ) ;
#2722 = EDGE_LOOP ( 'NONE', ( #2397, #2104, #5464, #4368 ) ) ;
#2723 = AXIS2_PLACEMENT_3D ( 'NONE', #754, #1254, #5301 ) ;
#2724 = DIRECTION ( 'NONE',  ( -1.000000000000000000, -4.336808689942019662E-19, 2.407412430484050162E-35 ) ) ;
#2725 = CARTESIAN_POINT ( 'NONE',  ( -12.89854447586965946, 66.17108251417377573, -4.787386532327245980 ) ) ;
#2726 = PRODUCT_DEFINITION ( 'æœ', '', #4100, #5578 ) ;
#2727 = DIRECTION ( 'NONE',  ( 0.000000000000000000, -1.000000000000000000, 0.000000000000000000 ) ) ;
#2728 = DIRECTION ( 'NONE',  ( -1.122461818611769444E-19, 0.2588220737555249062, 0.9659250147588526181 ) ) ;
#2729 =( NAMED_UNIT ( * ) PLANE_ANGLE_UNIT ( ) SI_UNIT ( $, .RADIAN. ) );
#2730 = ORIENTED_EDGE ( 'NONE', *, *, #298, .F. ) ;
#2731 = ORIENTED_EDGE ( 'NONE', *, *, #2808, .F. ) ;
#2732 = DIRECTION ( 'NONE',  ( -0.7071067811865423547, 0.3005160437229819070, 0.6400703925859202448 ) ) ;
#2733 = CARTESIAN_POINT ( 'NONE',  ( 21.50145552413040306, 49.42018999655530109, 6.326123258167799079 ) ) ;
#2734 = LINE ( 'NONE', #3638, #4656 ) ;
#2735 = EDGE_CURVE ( 'NONE', #747, #1962, #3976, .T. ) ;
#2736 = CARTESIAN_POINT ( 'NONE',  ( -11.00130252591150004, -20.46946932730794089, 17.58353990612919659 ) ) ;
#2737 = ORIENTED_EDGE ( 'NONE', *, *, #3586, .T. ) ;
#2738 = STYLED_ITEM ( 'NONE', ( #4432 ), #513 ) ;
#2739 = SURFACE_STYLE_USAGE ( .BOTH. , #472 ) ;
#2740 = EDGE_CURVE ( 'NONE', #482, #838, #766, .T. ) ;
#2741 = CYLINDRICAL_SURFACE ( 'NONE', #4611, 1.650000000000000355 ) ;
#2742 = COLOUR_RGB ( '',0.6274509803921568540, 0.6274509803921568540, 0.6274509803921568540 ) ;
#2743 = ADVANCED_FACE ( 'NONE', ( #1072 ), #581, .F. ) ;
#2744 =( NAMED_UNIT ( * ) SI_UNIT ( $, .STERADIAN. ) SOLID_ANGLE_UNIT ( ) );
#2745 = VERTEX_POINT ( 'NONE', #1990 ) ;
#2746 = VECTOR ( 'NONE', #3538, 1000.000000000000114 ) ;
#2747 = CARTESIAN_POINT ( 'NONE',  ( 19.99151582508786973, 42.29518510501494433, -19.63044441292223752 ) ) ;
#2748 = LINE ( 'NONE', #3646, #5735 ) ;
#2749 = CIRCLE ( 'NONE', #1801, 26.00000000000000355 ) ;
#2750 = FILL_AREA_STYLE ('',( #3747 ) ) ;
#2751 = EDGE_LOOP ( 'NONE', ( #3704, #3562, #2341, #317 ) ) ;
#2752 = CARTESIAN_POINT ( 'NONE',  ( 19.49869747408850174, -15.46946932731194124, -38.72683685419079325 ) ) ;
#2753 = VECTOR ( 'NONE', #5437, 1000.000000000000114 ) ;
#2754 = DIRECTION ( 'NONE',  ( 2.470512762825043298E-19, -1.000000000000000000, 0.000000000000000000 ) ) ;
#2755 = DIRECTION ( 'NONE',  ( 3.926927030438489722E-51, 5.551115123125790098E-17, 1.000000000000000000 ) ) ;
#2756 = DIRECTION ( 'NONE',  ( -1.000000000000000000, -4.336808689942019662E-19, 2.407412430484050162E-35 ) ) ;
#2757 = EDGE_LOOP ( 'NONE', ( #4300, #1816, #288, #4296 ) ) ;
#2758 = ORIENTED_EDGE ( 'NONE', *, *, #3133, .T. ) ;
#2759 = CYLINDRICAL_SURFACE ( 'NONE', #566, 3.000000000000000000 ) ;
#2760 = CARTESIAN_POINT ( 'NONE',  ( -8.348544475869658754, 66.17108251417377573, -4.787386532327245980 ) ) ;
#2761 = CARTESIAN_POINT ( 'NONE',  ( 21.50145552413040306, 50.40991785931569780, -0.8881779687894518771 ) ) ;
#2762 = DIRECTION ( 'NONE',  ( 3.755793295842399036E-19, -0.8660269715269851565, -0.4999972845804250277 ) ) ;
#2763 =( NAMED_UNIT ( * ) SI_UNIT ( $, .STERADIAN. ) SOLID_ANGLE_UNIT ( ) );
#2764 = ORIENTED_EDGE ( 'NONE', *, *, #901, .T. ) ;
#2765 = FILL_AREA_STYLE ('',( #5054 ) ) ;
#2766 = PRESENTATION_LAYER_ASSIGNMENT (  '', '', ( #2568 ) ) ;
#2767 =( LENGTH_UNIT ( ) NAMED_UNIT ( * ) SI_UNIT ( .MILLI., .METRE. ) );
#2768 = DIRECTION ( 'NONE',  ( 0.000000000000000000, -5.551115123125790098E-17, -1.000000000000000000 ) ) ;
#2769 = CIRCLE ( 'NONE', #240, 24.99999999999999645 ) ;
#2770 = STYLED_ITEM ( 'NONE', ( #3719 ), #3822 ) ;
#2771 = EDGE_CURVE ( 'NONE', #2904, #4873, #4174, .T. ) ;
#2772 = ORIENTED_EDGE ( 'NONE', *, *, #786, .T. ) ;
#2773 = EDGE_CURVE ( 'NONE', #5154, #5717, #3850, .T. ) ;
#2774 = CARTESIAN_POINT ( 'NONE',  ( -18.90208195137395109, 42.74992306526771557, -21.10327125051736985 ) ) ;
#2775 = DIRECTION ( 'NONE',  ( 0.000000000000000000, -0.8660269715269851565, -0.4999972845804250832 ) ) ;
#2776 = AXIS2_PLACEMENT_3D ( 'NONE', #601, #1541, #3718 ) ;
#2777 =( NAMED_UNIT ( * ) SI_UNIT ( $, .STERADIAN. ) SOLID_ANGLE_UNIT ( ) );
#2778 = CARTESIAN_POINT ( 'NONE',  ( 19.50000000000000000, 41.67932740673742842, -20.35907071635092791 ) ) ;
#2779 = EDGE_LOOP ( 'NONE', ( #5771, #3894, #81, #5591 ) ) ;
#2780 = VECTOR ( 'NONE', #5344, 1000.000000000000000 ) ;
#2781 = ADVANCED_FACE ( 'NONE', ( #143 ), #1580, .T. ) ;
#2782 =( GEOMETRIC_REPRESENTATION_CONTEXT ( 3 ) GLOBAL_UNCERTAINTY_ASSIGNED_CONTEXT ( ( #3739 ) ) GLOBAL_UNIT_ASSIGNED_CONTEXT ( ( #3219, #457, #2225 ) ) REPRESENTATION_CONTEXT ( 'NONE', 'WORKASPACE' ) );
#2783 = DIRECTION ( 'NONE',  ( 0.8452298854497316549, -0.5344028824235826924, 0.000000000000000000 ) ) ;
#2784 = CARTESIAN_POINT ( 'NONE',  ( 19.50000000000000000, -14.91394385214018925, 10.88353990612919908 ) ) ;
#2785 = B_SPLINE_CURVE_WITH_KNOTS ( 'NONE', 3,
 ( #695, #1050, #5565, #1106, #2931, #2496 ),
 .UNSPECIFIED., .F., .F.,
 ( 4, 2, 4 ),
 ( 0.000000000000000000, 0.5000000000000000000, 1.000000000000000000 ),
 .UNSPECIFIED. ) ;
#2786 = VECTOR ( 'NONE', #2728, 1000.000000000000114 ) ;
#2787 = VECTOR ( 'NONE', #1164, 1000.000000000000114 ) ;
#2788 = PLANE ( 'NONE',  #4758 ) ;
#2789 = ORIENTED_EDGE ( 'NONE', *, *, #5270, .T. ) ;
#2790 = ORIENTED_EDGE ( 'NONE', *, *, #5521, .F. ) ;
#2791 = COLOUR_RGB ( '',0.6274509803921568540, 0.6274509803921568540, 0.6274509803921568540 ) ;
#2792 = AXIS2_PLACEMENT_3D ( 'NONE', #2487, #5149, #688 ) ;
#2793 = DIRECTION ( 'NONE',  ( -2.168392568715800252E-19, 0.4999972845804250277, -0.8660269715269851565 ) ) ;
#2794 = CARTESIAN_POINT ( 'NONE',  ( 21.50145552413040306, 70.76155169020010760, 10.86175821884990000 ) ) ;
#2795 = CIRCLE ( 'NONE', #4376, 26.00000000000000355 ) ;
#2796 = PRESENTATION_STYLE_ASSIGNMENT (( #3200 ) ) ;
#2797 = CARTESIAN_POINT ( 'NONE',  ( 23.99999952413039850, 49.36476938726910646, 3.407380266022498994 ) ) ;
#2798 =( LENGTH_UNIT ( ) NAMED_UNIT ( * ) SI_UNIT ( .MILLI., .METRE. ) );
#2799 = ORIENTED_EDGE ( 'NONE', *, *, #2842, .T. ) ;
#2800 = ADVANCED_BREP_SHAPE_REPRESENTATION ( '332000145,\X2\815590e8644450cf5934652f67b6\X0\_D405_305_mount-dyx0922', ( #3523, #53 ), #333 ) ;
#2801 = CIRCLE ( 'NONE', #2512, 1.649999999999998579 ) ;
#2802 = CYLINDRICAL_SURFACE ( 'NONE', #3478, 8.499999999999998224 ) ;
#2803 = CARTESIAN_POINT ( 'NONE',  ( 19.50000000000000000, -12.09540796888952485, 13.72182380222352194 ) ) ;
#2804 = UNCERTAINTY_MEASURE_WITH_UNIT (LENGTH_MEASURE( 1.000000000000000082E-05 ), #4130, 'distance_accuracy_value', 'NONE');
#2805 = VERTEX_POINT ( 'NONE', #5532 ) ;
#2806 = CARTESIAN_POINT ( 'NONE',  ( -19.22509717177640809, 43.50490181707010606, -20.99375185179713910 ) ) ;
#2807 = FILL_AREA_STYLE_COLOUR ( '', #2094 ) ;
#2808 = EDGE_CURVE ( 'NONE', #2429, #3665, #1938, .T. ) ;
#2809 = DIRECTION ( 'NONE',  ( -1.000000000000000000, 0.000000000000000000, 0.000000000000000000 ) ) ;
#2810 = PRESENTATION_LAYER_ASSIGNMENT (  '', '', ( #83 ) ) ;
#2811 = EDGE_CURVE ( 'NONE', #2655, #5039, #3725, .T. ) ;
#2812 = CARTESIAN_POINT ( 'NONE',  ( -26.25809662499554165, 44.55751472312399386, 3.518676709216695730 ) ) ;
#2813 = CARTESIAN_POINT ( 'NONE',  ( 21.50145552413040306, 75.21183176402260528, 4.910960064352699384 ) ) ;
#2814 = ORIENTED_EDGE ( 'NONE', *, *, #3273, .F. ) ;
#2815 = CARTESIAN_POINT ( 'NONE',  ( 23.99999952413039850, 50.40991785931569780, -0.8881779687894518771 ) ) ;
#2816 =( NAMED_UNIT ( * ) SI_UNIT ( $, .STERADIAN. ) SOLID_ANGLE_UNIT ( ) );
#2817 = FILL_AREA_STYLE ('',( #1574 ) ) ;
#2818 = FACE_OUTER_BOUND ( 'NONE', #4858, .T. ) ;
#2819 = EDGE_CURVE ( 'NONE', #905, #5592, #4146, .T. ) ;
#2820 = CARTESIAN_POINT ( 'NONE',  ( 19.33255714930020730, 41.31086369199029207, -20.33247684074720141 ) ) ;
#2821 = EDGE_LOOP ( 'NONE', ( #3791, #2466, #2168, #1392, #1702, #4479, #4972, #1646, #3621 ) ) ;
#2822 = ORIENTED_EDGE ( 'NONE', *, *, #3551, .F. ) ;
#2823 = EDGE_LOOP ( 'NONE', ( #3352, #5411, #5013, #1211, #1448 ) ) ;
#2824 = LINE ( 'NONE', #1435, #841 ) ;
#2825 = DIRECTION ( 'NONE',  ( 0.8454572902898691567, 0.5340430416134188674, 0.000000000000000000 ) ) ;
#2826 = DIRECTION ( 'NONE',  ( -0.7071067811865492381, -0.7071067811865457964, 3.925231146709432986E-17 ) ) ;
#2827 = FACE_OUTER_BOUND ( 'NONE', #3361, .T. ) ;
#2828 = EDGE_LOOP ( 'NONE', ( #2709, #3420, #1217, #3513, #5213, #5535 ) ) ;
#2829 = B_SPLINE_CURVE_WITH_KNOTS ( 'NONE', 3,
 ( #4091, #1903, #2259, #84 ),
 .UNSPECIFIED., .F., .F.,
 ( 4, 4 ),
 ( 1.721999452090537878E-15, 0.002077243117281998234 ),
 .UNSPECIFIED. ) ;
#2830 = CARTESIAN_POINT ( 'NONE',  ( 23.99999952413039850, 55.61473544452680073, -7.417956878063881376 ) ) ;
#2831 = DIRECTION ( 'NONE',  ( 0.000000000000000000, 0.000000000000000000, 1.000000000000000000 ) ) ;
#2832 = ORIENTED_EDGE ( 'NONE', *, *, #1180, .T. ) ;
#2833 = FILL_AREA_STYLE_COLOUR ( '', #231 ) ;
#2834 = FILL_AREA_STYLE ('',( #2807 ) ) ;
#2835 = SURFACE_STYLE_FILL_AREA ( #3272 ) ;
#2836 = CIRCLE ( 'NONE', #384, 1.650000000000000355 ) ;
#2837 = ORIENTED_EDGE ( 'NONE', *, *, #5270, .F. ) ;
#2838 = VECTOR ( 'NONE', #529, 1000.000000000000114 ) ;
#2839 = CARTESIAN_POINT ( 'NONE',  ( -86.57147018215970036, 72.31405671974620475, 5.687426285619298305 ) ) ;
#2840 = AXIS2_PLACEMENT_3D ( 'NONE', #3040, #4359, #3959 ) ;
#2841 = CARTESIAN_POINT ( 'NONE',  ( 21.50145552413040306, 51.64080004928289469, -7.262807626066340561 ) ) ;
#2842 = EDGE_CURVE ( 'NONE', #3315, #4285, #5171, .T. ) ;
#2843 = CARTESIAN_POINT ( 'NONE',  ( -19.50000000000000000, -1.871821611659597151, 17.38353990612920086 ) ) ;
#2844 = CARTESIAN_POINT ( 'NONE',  ( -11.00130252591150004, -20.46946932730794089, 17.38353990612920086 ) ) ;
#2845 =( LENGTH_UNIT ( ) NAMED_UNIT ( * ) SI_UNIT ( .MILLI., .METRE. ) );
#2846 = VERTEX_POINT ( 'NONE', #1696 ) ;
#2847 =( GEOMETRIC_REPRESENTATION_CONTEXT ( 3 ) GLOBAL_UNCERTAINTY_ASSIGNED_CONTEXT ( ( #2975 ) ) GLOBAL_UNIT_ASSIGNED_CONTEXT ( ( #5755, #34, #2181 ) ) REPRESENTATION_CONTEXT ( 'NONE', 'WORKASPACE' ) );
#2848 = ORIENTED_EDGE ( 'NONE', *, *, #3344, .T. ) ;
#2849 = EDGE_CURVE ( 'NONE', #1195, #4191, #2189, .T. ) ;
#2850 = SURFACE_STYLE_FILL_AREA ( #580 ) ;
#2851 = DIRECTION ( 'NONE',  ( 0.7071067811865421326, 0.3005160437229811854, 0.6400703925859209109 ) ) ;
#2852 = EDGE_CURVE ( 'NONE', #5367, #2146, #2836, .T. ) ;
#2853 = VECTOR ( 'NONE', #2446, 1000.000000000000000 ) ;
#2854 = DIRECTION ( 'NONE',  ( 0.7071067811865511255, -0.4982514590160382895, -0.5017424474652150135 ) ) ;
#2855 = CARTESIAN_POINT ( 'NONE',  ( -19.70264490548960978, 41.84594637150957652, -19.91938128255851836 ) ) ;
#2856 = ORIENTED_EDGE ( 'NONE', *, *, #5278, .F. ) ;
#2857 = SURFACE_STYLE_USAGE ( .BOTH. , #61 ) ;
#2858 = CARTESIAN_POINT ( 'NONE',  ( 19.49854399995287935, 44.11125323436355927, -20.83278178594472152 ) ) ;
#2859 = CARTESIAN_POINT ( 'NONE',  ( 23.24941666070530033, 38.76155645621182799, -0.9822955735802607613 ) ) ;
#2860 = FILL_AREA_STYLE ('',( #4266 ) ) ;
#2861 = UNCERTAINTY_MEASURE_WITH_UNIT (LENGTH_MEASURE( 1.000000000000000082E-05 ), #5246, 'distance_accuracy_value', 'NONE');
#2862 = CARTESIAN_POINT ( 'NONE',  ( 42.43876632627849688, -26.62172815897734779, 29.58353990612920015 ) ) ;
#2863 = CARTESIAN_POINT ( 'NONE',  ( -9.998544475869659109, 67.17107708332700611, -6.519440475373750488 ) ) ;
#2864 = VECTOR ( 'NONE', #2900, 1000.000000000000000 ) ;
#2865 = AXIS2_PLACEMENT_3D ( 'NONE', #2464, #2079, #3829 ) ;
#2866 = FACE_BOUND ( 'NONE', #3334, .T. ) ;
#2867 = DIRECTION ( 'NONE',  ( 3.926927030438489722E-51, 5.551115123125790098E-17, 1.000000000000000000 ) ) ;
#2868 = ORIENTED_EDGE ( 'NONE', *, *, #4042, .F. ) ;
#2869 = CARTESIAN_POINT ( 'NONE',  ( 21.49594603768364820, 72.60704482873204313, 13.24572836673486265 ) ) ;
#2870 = CARTESIAN_POINT ( 'NONE',  ( 19.19869747408850102, -27.57936364919197914, 17.38353990612920086 ) ) ;
#2871 = CIRCLE ( 'NONE', #2592, 1.650000000000000355 ) ;
#2872 = CARTESIAN_POINT ( 'NONE',  ( 86.57447693970040348, 72.76890010143991105, 7.384903605850298369 ) ) ;
#2873 = SURFACE_STYLE_USAGE ( .BOTH. , #4138 ) ;
#2874 =( NAMED_UNIT ( * ) PLANE_ANGLE_UNIT ( ) SI_UNIT ( $, .RADIAN. ) );
#2875 = EDGE_LOOP ( 'NONE', ( #4168, #2958, #1109, #887 ) ) ;
#2876 = EDGE_LOOP ( 'NONE', ( #5420, #5302, #1220, #2936 ) ) ;
#2877 = EDGE_CURVE ( 'NONE', #4720, #5680, #1894, .T. ) ;
#2878 =( GEOMETRIC_REPRESENTATION_CONTEXT ( 3 ) GLOBAL_UNCERTAINTY_ASSIGNED_CONTEXT ( ( #1864 ) ) GLOBAL_UNIT_ASSIGNED_CONTEXT ( ( #308, #3447, #3960 ) ) REPRESENTATION_CONTEXT ( 'NONE', 'WORKASPACE' ) );
#2879 = ORIENTED_EDGE ( 'NONE', *, *, #2942, .T. ) ;
#2880 = VECTOR ( 'NONE', #5439, 1000.000000000000114 ) ;
#2881 = SURFACE_STYLE_FILL_AREA ( #4714 ) ;
#2882 =( LENGTH_UNIT ( ) NAMED_UNIT ( * ) SI_UNIT ( .MILLI., .METRE. ) );
#2883 = AXIS2_PLACEMENT_3D ( 'NONE', #5349, #3988, #882 ) ;
#2884 = ADVANCED_FACE ( 'NONE', ( #4393 ), #723, .T. ) ;
#2885 = CARTESIAN_POINT ( 'NONE',  ( -11.64854447586965946, 66.17108251417377573, -4.787386532327245980 ) ) ;
#2886 = FACE_OUTER_BOUND ( 'NONE', #2511, .T. ) ;
#2887 = ORIENTED_EDGE ( 'NONE', *, *, #976, .T. ) ;
#2888 = EDGE_CURVE ( 'NONE', #4800, #5613, #289, .T. ) ;
#2889 = MECHANICAL_DESIGN_GEOMETRIC_PRESENTATION_REPRESENTATION (  '', ( #906 ), #3622 ) ;
#2890 = CYLINDRICAL_SURFACE ( 'NONE', #4973, 2.899999999999999911 ) ;
#2891 = AXIS2_PLACEMENT_3D ( 'NONE', #97, #160, #4947 ) ;
#2892 = LINE ( 'NONE', #181, #3573 ) ;
#2893 = AXIS2_PLACEMENT_3D ( 'NONE', #2607, #4410, #3385 ) ;
#2894 =( NAMED_UNIT ( * ) SI_UNIT ( $, .STERADIAN. ) SOLID_ANGLE_UNIT ( ) );
#2895 = EDGE_CURVE ( 'NONE', #2927, #2143, #915, .T. ) ;
#2896 = DIRECTION ( 'NONE',  ( 0.000000000000000000, 5.551115123125790098E-17, 1.000000000000000000 ) ) ;
#2897 = CARTESIAN_POINT ( 'NONE',  ( 21.50145552413040306, 75.76311922102460983, 7.198753586927002068 ) ) ;
#2898 = ORIENTED_EDGE ( 'NONE', *, *, #1792, .F. ) ;
#2899 = DIRECTION ( 'NONE',  ( 3.755793295842399036E-19, -0.8660269715269851565, -0.4999972845804250277 ) ) ;
#2900 = DIRECTION ( 'NONE',  ( 1.000000000000000000, -0.000000000000000000, -0.000000000000000000 ) ) ;
#2901 = CARTESIAN_POINT ( 'NONE',  ( -19.50000000000000000, 41.67178791715745234, -20.35861491681933089 ) ) ;
#2902 = DIRECTION ( 'NONE',  ( -1.000000000000000000, -4.336808689942019662E-19, 2.407412430484050162E-35 ) ) ;
#2903 = ORIENTED_EDGE ( 'NONE', *, *, #151, .T. ) ;
#2904 = VERTEX_POINT ( 'NONE', #3047 ) ;
#2905 = CARTESIAN_POINT ( 'NONE',  ( 18.74114241234218881, 41.48166874424047279, -20.82659023735728709 ) ) ;
#2906 = FILL_AREA_STYLE ('',( #4292 ) ) ;
#2907 = CARTESIAN_POINT ( 'NONE',  ( -19.72556704437268849, 44.58192789256076338, -20.65939371141285008 ) ) ;
#2908 = ORIENTED_EDGE ( 'NONE', *, *, #2944, .T. ) ;
#2909 = PRODUCT_CONTEXT ( 'NONE', #4840, 'mechanical' ) ;
#2910 = ADVANCED_FACE ( 'NONE', ( #3074 ), #314, .F. ) ;
#2911 = FILL_AREA_STYLE ('',( #4671 ) ) ;
#2912 = CARTESIAN_POINT ( 'NONE',  ( -19.50000000000000000, -26.62172815897734779, 15.58353990612919659 ) ) ;
#2913 = UNCERTAINTY_MEASURE_WITH_UNIT (LENGTH_MEASURE( 1.000000000000000082E-05 ), #2767, 'distance_accuracy_value', 'NONE');
#2914 = EDGE_CURVE ( 'NONE', #2805, #82, #4802, .T. ) ;
#2915 = EDGE_LOOP ( 'NONE', ( #1028, #1618, #4745, #5696 ) ) ;
#2916 = ADVANCED_FACE ( 'NONE', ( #1163 ), #4616, .T. ) ;
#2917 = DIRECTION ( 'NONE',  ( 0.000000000000000000, 5.551115123125790098E-17, 1.000000000000000000 ) ) ;
#2918 = DIRECTION ( 'NONE',  ( -0.7071067811865501263, 0.7071067811865450192, -3.925231146709428672E-17 ) ) ;
#2919 = DIRECTION ( 'NONE',  ( 0.7071067811865417996, 0.3005160437229835724, 0.6400703925859201338 ) ) ;
#2920 = ORIENTED_EDGE ( 'NONE', *, *, #2956, .F. ) ;
#2921 = AXIS2_PLACEMENT_3D ( 'NONE', #4904, #4550, #4152 ) ;
#2922 = CARTESIAN_POINT ( 'NONE',  ( 19.50000000000000000, -15.46946932731193769, 17.38353990612920441 ) ) ;
#2923 = DIRECTION ( 'NONE',  ( -0.7071067811865467956, 0.4982514590160410650, 0.5017424474652182331 ) ) ;
#2924 = DIRECTION ( 'NONE',  ( 0.000000000000000000, -0.2588220737555257944, -0.9659250147588522850 ) ) ;
#2925 = CARTESIAN_POINT ( 'NONE',  ( 20.34377388545193810, 33.82603836071948677, -3.523262227055210527 ) ) ;
#2926 = ORIENTED_EDGE ( 'NONE', *, *, #2629, .T. ) ;
#2927 = VERTEX_POINT ( 'NONE', #5736 ) ;
#2928 = ORIENTED_EDGE ( 'NONE', *, *, #3340, .F. ) ;
#2929 = FILL_AREA_STYLE_COLOUR ( '', #5643 ) ;
#2930 = CARTESIAN_POINT ( 'NONE',  ( 14.50145552413030003, 75.61750588524600403, 21.45104111672489822 ) ) ;
#2931 = CARTESIAN_POINT ( 'NONE',  ( -19.73213469616411331, 33.75367431176466937, -2.718878293481749253 ) ) ;
#2932 = PLANE ( 'NONE',  #881 ) ;
#2933 = DIRECTION ( 'NONE',  ( 0.7071067811865417996, 0.4982514590160445067, 0.5017424474652218969 ) ) ;
#2934 = ORIENTED_EDGE ( 'NONE', *, *, #1649, .T. ) ;
#2935 = LINE ( 'NONE', #293, #963 ) ;
#2936 = ORIENTED_EDGE ( 'NONE', *, *, #2842, .F. ) ;
#2937 =( BOUNDED_CURVE ( )  B_SPLINE_CURVE ( 3, ( #3693, #5426, #1410, #201 ),
 .UNSPECIFIED., .F., .T. ) 
 B_SPLINE_CURVE_WITH_KNOTS ( ( 4, 4 ),
 ( 0.6034640461610438766, 0.7223261817937778329 ),
 .UNSPECIFIED. ) 
 CURVE ( )  GEOMETRIC_REPRESENTATION_ITEM ( )  RATIONAL_B_SPLINE_CURVE ( ( 1.000000000000000000, 0.9988229958905512351, 0.9988229958905512351, 1.000000000000000000 ) ) 
 REPRESENTATION_ITEM ( '' )  );
#2938 = CARTESIAN_POINT ( 'NONE',  ( 19.33912394025991688, 43.76569128518634955, -20.93303362716618921 ) ) ;
#2939 = CARTESIAN_POINT ( 'NONE',  ( 21.48694735496251340, 75.61783704513717908, 8.366736205402352411 ) ) ;
#2940 = AXIS2_PLACEMENT_3D ( 'NONE', #4220, #1035, #2783 ) ;
#2941 = VECTOR ( 'NONE', #86, 1000.000000000000114 ) ;
#2942 = EDGE_CURVE ( 'NONE', #2074, #592, #2524, .T. ) ;
#2943 = ORIENTED_EDGE ( 'NONE', *, *, #3240, .F. ) ;
#2944 = EDGE_CURVE ( 'NONE', #2805, #5498, #2125, .T. ) ;
#2945 = PRESENTATION_STYLE_ASSIGNMENT (( #4701 ) ) ;
#2946 = ORIENTED_EDGE ( 'NONE', *, *, #1377, .F. ) ;
#2947 = EDGE_CURVE ( 'NONE', #5335, #550, #5654, .T. ) ;
#2948 = DIRECTION ( 'NONE',  ( -1.000000000000000000, 0.000000000000000000, 0.000000000000000000 ) ) ;
#2949 = DIRECTION ( 'NONE',  ( 2.168392568715800493E-19, -0.4999972845804250832, 0.8660269715269852675 ) ) ;
#2950 = CARTESIAN_POINT ( 'NONE',  ( -9.998544475869659109, 66.17108251417249676, -4.787386532327980504 ) ) ;
#2951 = DIRECTION ( 'NONE',  ( 0.000000000000000000, 0.8660269715544175462, 0.4999972845329102578 ) ) ;
#2952 = SURFACE_SIDE_STYLE ('',( #2044 ) ) ;
#2953 = ORIENTED_EDGE ( 'NONE', *, *, #1070, .T. ) ;
#2954 = COLOUR_RGB ( '',0.9254901960784314152, 0.9254901960784314152, 0.9254901960784314152 ) ;
#2955 = ORIENTED_EDGE ( 'NONE', *, *, #3932, .F. ) ;
#2956 = EDGE_CURVE ( 'NONE', #2358, #1203, #2696, .T. ) ;
#2957 = CIRCLE ( 'NONE', #5197, 28.64999999999999858 ) ;
#2958 = ORIENTED_EDGE ( 'NONE', *, *, #3019, .F. ) ;
#2959 = CARTESIAN_POINT ( 'NONE',  ( -18.50000000000002842, 19.33798309278793681, 17.73969508567892461 ) ) ;
#2960 = PRESENTATION_LAYER_ASSIGNMENT (  '', '', ( #3424 ) ) ;
#2961 = DIRECTION ( 'NONE',  ( -2.168392568715800493E-19, 0.4999972845804250832, -0.8660269715269852675 ) ) ;
#2962 = PLANE ( 'NONE',  #534 ) ;
#2963 =( LENGTH_UNIT ( ) NAMED_UNIT ( * ) SI_UNIT ( .MILLI., .METRE. ) );
#2964 = AXIS2_PLACEMENT_3D ( 'NONE', #2193, #3997, #2227 ) ;
#2965 = DIRECTION ( 'NONE',  ( 3.926927030438489722E-51, 5.551115123125790098E-17, 1.000000000000000000 ) ) ;
#2966 = EDGE_LOOP ( 'NONE', ( #1469, #4744, #699, #3605 ) ) ;
#2967 = DIRECTION ( 'NONE',  ( -1.000000000000000000, -4.336808689942019662E-19, 2.407412430484050162E-35 ) ) ;
#2968 = ORIENTED_EDGE ( 'NONE', *, *, #394, .T. ) ;
#2969 = AXIS2_PLACEMENT_3D ( 'NONE', #187, #2918, #2896 ) ;
#2970 = PLANE ( 'NONE',  #192 ) ;
#2971 = CARTESIAN_POINT ( 'NONE',  ( -19.15779643540217236, 43.35200221918930197, -21.02419980410811462 ) ) ;
#2972 = MECHANICAL_DESIGN_GEOMETRIC_PRESENTATION_REPRESENTATION (  '', ( #5028 ), #2878 ) ;
#2973 = VECTOR ( 'NONE', #1516, 1000.000000000000000 ) ;
#2974 = CARTESIAN_POINT ( 'NONE',  ( 15.09869747408849960, -26.62172815897734779, 13.88353990612919908 ) ) ;
#2975 = UNCERTAINTY_MEASURE_WITH_UNIT (LENGTH_MEASURE( 1.000000000000000082E-05 ), #5755, 'distance_accuracy_value', 'NONE');
#2976 = ORIENTED_EDGE ( 'NONE', *, *, #3374, .F. ) ;
#2977 = STYLED_ITEM ( 'NONE', ( #4282 ), #5274 ) ;
#2978 = DIRECTION ( 'NONE',  ( 0.000000000000000000, -1.000000000000000000, 0.000000000000000000 ) ) ;
#2979 = CARTESIAN_POINT ( 'NONE',  ( -86.57147018215970036, 70.76155169020010760, 10.86175821884990000 ) ) ;
#2980 = ORIENTED_EDGE ( 'NONE', *, *, #1592, .T. ) ;
#2981 = PRESENTATION_LAYER_ASSIGNMENT (  '', '', ( #5690 ) ) ;
#2982 = SURFACE_STYLE_FILL_AREA ( #743 ) ;
#2983 = CARTESIAN_POINT ( 'NONE',  ( -18.50000000000002842, -14.91394385214018925, 10.88353990612919908 ) ) ;
#2984 = CARTESIAN_POINT ( 'NONE',  ( 23.99999952413039850, 72.76890010143991105, 7.384903605850298369 ) ) ;
#2985 = EDGE_CURVE ( 'NONE', #1526, #24, #2459, .T. ) ;
#2986 = CARTESIAN_POINT ( 'NONE',  ( -18.50000000000002842, 39.72083616136811202, -20.55320356845895802 ) ) ;
#2987 = SURFACE_STYLE_FILL_AREA ( #3817 ) ;
#2988 = VERTEX_POINT ( 'NONE', #74 ) ;
#2989 = ORIENTED_EDGE ( 'NONE', *, *, #3015, .F. ) ;
#2990 = VECTOR ( 'NONE', #4234, 1000.000000000000000 ) ;
#2991 = ADVANCED_FACE ( 'NONE', ( #43 ), #4447, .F. ) ;
#2992 = ORIENTED_EDGE ( 'NONE', *, *, #4246, .T. ) ;
#2993 = CARTESIAN_POINT ( 'NONE',  ( 21.50086736455029879, 48.44520749381987912, -3.242973940489078721 ) ) ;
#2994 = ADVANCED_FACE ( 'NONE', ( #3597 ), #5386, .F. ) ;
#2995 = CARTESIAN_POINT ( 'NONE',  ( -19.50000000000000000, -26.62172815897734779, 15.58353990612919659 ) ) ;
#2996 = ORIENTED_EDGE ( 'NONE', *, *, #2849, .T. ) ;
#2997 = EDGE_LOOP ( 'NONE', ( #2017, #2556, #229, #1830, #2406, #2879, #3671, #3001, #3940, #3362 ) ) ;
#2998 = CARTESIAN_POINT ( 'NONE',  ( 18.49999895130076055, 41.73762237706829836, -21.09828942821048869 ) ) ;
#2999 = LINE ( 'NONE', #1295, #3053 ) ;
#3000 = CARTESIAN_POINT ( 'NONE',  ( -14.49854447586969997, 83.11746515394800383, 8.460636543818598199 ) ) ;
#3001 = ORIENTED_EDGE ( 'NONE', *, *, #4073, .T. ) ;
#3002 = ORIENTED_EDGE ( 'NONE', *, *, #3517, .F. ) ;
#3003 = ORIENTED_EDGE ( 'NONE', *, *, #2704, .T. ) ;
#3004 = CARTESIAN_POINT ( 'NONE',  ( -18.39706963222529623, 41.45024639274792122, -21.06775454546558635 ) ) ;
#3005 = PRESENTATION_LAYER_ASSIGNMENT (  '', '', ( #4403 ) ) ;
#3006 = CARTESIAN_POINT ( 'NONE',  ( -7.098544475869659642, 66.17108251417377573, -4.787386532327245980 ) ) ;
#3007 = FILL_AREA_STYLE_COLOUR ( '', #1666 ) ;
#3008 = PRESENTATION_STYLE_ASSIGNMENT (( #284 ) ) ;
#3009 = DIRECTION ( 'NONE',  ( -2.168392568715800493E-19, 0.4999972845804250832, -0.8660269715269852675 ) ) ;
#3010 = CARTESIAN_POINT ( 'NONE',  ( -23.00000047586971164, 51.04335651459168588, -16.98541531084589806 ) ) ;
#3011 = CARTESIAN_POINT ( 'NONE',  ( 18.44666489513485885, 41.62105928499291707, -21.09394621063508879 ) ) ;
#3012 = ORIENTED_EDGE ( 'NONE', *, *, #1081, .T. ) ;
#3013 = VERTEX_POINT ( 'NONE', #425 ) ;
#3014 = AXIS2_PLACEMENT_3D ( 'NONE', #844, #1763, #3549 ) ;
#3015 = EDGE_CURVE ( 'NONE', #2664, #2745, #3188, .T. ) ;
#3016 = VERTEX_POINT ( 'NONE', #2253 ) ;
#3017 = DIRECTION ( 'NONE',  ( 1.000000000000000000, -0.000000000000000000, -0.000000000000000000 ) ) ;
#3018 = DIRECTION ( 'NONE',  ( 0.000000000000000000, 5.551115123125790098E-17, 1.000000000000000000 ) ) ;
#3019 = EDGE_CURVE ( 'NONE', #5047, #2358, #4796, .T. ) ;
#3020 = CARTESIAN_POINT ( 'NONE',  ( 23.99999952413039850, 73.81404857348670134, 3.089345371037398813 ) ) ;
#3021 = ORIENTED_EDGE ( 'NONE', *, *, #726, .T. ) ;
#3022 = AXIS2_PLACEMENT_3D ( 'NONE', #3285, #4255, #4228 ) ;
#3023 = VERTEX_POINT ( 'NONE', #1427 ) ;
#3024 = ADVANCED_FACE ( 'NONE', ( #4054 ), #674, .F. ) ;
#3025 = CARTESIAN_POINT ( 'NONE',  ( 15.09869747408849960, -16.46946932731194835, 17.38353990612920086 ) ) ;
#3026 = CYLINDRICAL_SURFACE ( 'NONE', #509, 5.000000000000000888 ) ;
#3027 = CARTESIAN_POINT ( 'NONE',  ( -0.0005747638464858923933, -9.969469327306999418, 28.36178214484647597 ) ) ;
#3028 = COLOUR_RGB ( '',0.9254901960784314152, 0.9254901960784314152, 0.9254901960784314152 ) ;
#3029 = CARTESIAN_POINT ( 'NONE',  ( -12.65130252591150040, -20.46946932730794089, 13.88353990612919908 ) ) ;
#3030 = SURFACE_STYLE_USAGE ( .BOTH. , #2119 ) ;
#3031 = ORIENTED_EDGE ( 'NONE', *, *, #819, .F. ) ;
#3032 = VECTOR ( 'NONE', #2303, 999.9999999999997726 ) ;
#3033 = EDGE_CURVE ( 'NONE', #1726, #448, #4980, .T. ) ;
#3034 = VERTEX_POINT ( 'NONE', #3564 ) ;
#3035 = FILL_AREA_STYLE ('',( #2713 ) ) ;
#3036 = STYLED_ITEM ( 'NONE', ( #2678 ), #2522 ) ;
#3037 = CARTESIAN_POINT ( 'NONE',  ( 19.50000000000000000, -14.91394385214018925, 14.88353990612920263 ) ) ;
#3038 = VERTEX_POINT ( 'NONE', #1374 ) ;
#3039 = PRESENTATION_STYLE_ASSIGNMENT (( #2572 ) ) ;
#3040 = CARTESIAN_POINT ( 'NONE',  ( -0.001302525911494698853, -50.96946932731190572, 41.78353990612919944 ) ) ;
#3041 = CARTESIAN_POINT ( 'NONE',  ( -24.00002033532439683, 50.29334283850570131, -15.68636216929245109 ) ) ;
#3042 = SURFACE_STYLE_USAGE ( .BOTH. , #4742 ) ;
#3043 = ORIENTED_EDGE ( 'NONE', *, *, #4349, .F. ) ;
#3044 = ORIENTED_EDGE ( 'NONE', *, *, #4419, .T. ) ;
#3045 = UNCERTAINTY_MEASURE_WITH_UNIT (LENGTH_MEASURE( 1.000000000000000082E-05 ), #461, 'distance_accuracy_value', 'NONE');
#3046 = VECTOR ( 'NONE', #3259, 1000.000000000000114 ) ;
#3047 = CARTESIAN_POINT ( 'NONE',  ( -18.49999999999997158, -9.969469327306999418, 28.36178214484647597 ) ) ;
#3048 = AXIS2_PLACEMENT_3D ( 'NONE', #2736, #3639, #5399 ) ;
#3049 = DIRECTION ( 'NONE',  ( 0.000000000000000000, -0.8660269715269849344, -0.4999972845804253052 ) ) ;
#3050 = DIRECTION ( 'NONE',  ( 2.168392568715800493E-19, -0.4999972845804250832, 0.8660269715269852675 ) ) ;
#3051 = ORIENTED_EDGE ( 'NONE', *, *, #1511, .F. ) ;
#3052 = EDGE_LOOP ( 'NONE', ( #5459, #5709, #2263, #4088 ) ) ;
#3053 = VECTOR ( 'NONE', #762, 999.9999999999998863 ) ;
#3054 = DIRECTION ( 'NONE',  ( -2.168392568715800493E-19, 0.4999972845804250832, -0.8660269715269852675 ) ) ;
#3055 = EDGE_CURVE ( 'NONE', #5276, #3283, #3650, .T. ) ;
#3056 = CARTESIAN_POINT ( 'NONE',  ( 21.50145552413040306, 46.51220338417049760, 0.1063007273216149684 ) ) ;
#3057 = EDGE_CURVE ( 'NONE', #3461, #905, #358, .T. ) ;
#3058 = EDGE_LOOP ( 'NONE', ( #5008, #5159, #1257, #551, #1313, #2038 ) ) ;
#3059 = CONICAL_SURFACE ( 'NONE', #3816, 15.00000000000003730, 0.7853981633974517207 ) ;
#3060 = ORIENTED_EDGE ( 'NONE', *, *, #356, .T. ) ;
#3061 = CIRCLE ( 'NONE', #900, 3.000000000000002220 ) ;
#3062 = ADVANCED_FACE ( 'NONE', ( #4024 ), #18, .F. ) ;
#3063 =( GEOMETRIC_REPRESENTATION_CONTEXT ( 3 ) GLOBAL_UNCERTAINTY_ASSIGNED_CONTEXT ( ( #1087 ) ) GLOBAL_UNIT_ASSIGNED_CONTEXT ( ( #35, #3617, #2526 ) ) REPRESENTATION_CONTEXT ( 'NONE', 'WORKASPACE' ) );
#3064 = ORIENTED_EDGE ( 'NONE', *, *, #443, .T. ) ;
#3065 =( GEOMETRIC_REPRESENTATION_CONTEXT ( 3 ) GLOBAL_UNCERTAINTY_ASSIGNED_CONTEXT ( ( #2322 ) ) GLOBAL_UNIT_ASSIGNED_CONTEXT ( ( #565, #3213, #508 ) ) REPRESENTATION_CONTEXT ( 'NONE', 'WORKASPACE' ) );
#3066 = SURFACE_STYLE_FILL_AREA ( #65 ) ;
#3067 =( NAMED_UNIT ( * ) PLANE_ANGLE_UNIT ( ) SI_UNIT ( $, .RADIAN. ) );
#3068 = FACE_OUTER_BOUND ( 'NONE', #2073, .T. ) ;
#3069 = MECHANICAL_DESIGN_GEOMETRIC_PRESENTATION_REPRESENTATION (  '', ( #4846 ), #3933 ) ;
#3070 = CARTESIAN_POINT ( 'NONE',  ( 20.06783390045119120, 45.27078305731311048, -20.31818801721003354 ) ) ;
#3071 = DIRECTION ( 'NONE',  ( 2.168392568715800252E-19, -0.4999972845804250277, 0.8660269715269851565 ) ) ;
#3072 = DIRECTION ( 'NONE',  ( -2.168392568715800012E-19, 0.4999972845804249721, -0.8660269715269850455 ) ) ;
#3073 = ORIENTED_EDGE ( 'NONE', *, *, #1878, .T. ) ;
#3074 = FACE_OUTER_BOUND ( 'NONE', #1054, .T. ) ;
#3075 = PLANE ( 'NONE',  #2415 ) ;
#3076 = DIRECTION ( 'NONE',  ( 0.000000000000000000, -0.8660269715269850455, -0.4999972845804251942 ) ) ;
#3077 = DIRECTION ( 'NONE',  ( -2.168392568715800493E-19, 0.4999972845804250832, -0.8660269715269852675 ) ) ;
#3078 = ORIENTED_EDGE ( 'NONE', *, *, #4107, .T. ) ;
#3079 = ORIENTED_EDGE ( 'NONE', *, *, #1472, .T. ) ;
#3080 = DIRECTION ( 'NONE',  ( -7.312067776258332661E-10, 0.2588220737554908224, 0.9659250147588617219 ) ) ;
#3081 =( NAMED_UNIT ( * ) PLANE_ANGLE_UNIT ( ) SI_UNIT ( $, .RADIAN. ) );
#3082 = CARTESIAN_POINT ( 'NONE',  ( 19.50000000000000000, 23.38194513540310027, 37.78353990612920654 ) ) ;
#3083 = ORIENTED_EDGE ( 'NONE', *, *, #3961, .F. ) ;
#3084 = ORIENTED_EDGE ( 'NONE', *, *, #2515, .T. ) ;
#3085 = ADVANCED_FACE ( 'NONE', ( #2277, #2334, #1842 ), #3626, .T. ) ;
#3086 = EDGE_CURVE ( 'NONE', #5341, #3282, #5147, .T. ) ;
#3087 = ORIENTED_EDGE ( 'NONE', *, *, #4765, .F. ) ;
#3088 = EDGE_CURVE ( 'NONE', #2065, #4377, #630, .T. ) ;
#3089 = CARTESIAN_POINT ( 'NONE',  ( 19.78061151476405755, 32.80442946246772351, -4.049124213228877167 ) ) ;
#3090 = LINE ( 'NONE', #1946, #2615 ) ;
#3091 = DIRECTION ( 'NONE',  ( 1.000000000000000000, 0.000000000000000000, 0.000000000000000000 ) ) ;
#3092 = CARTESIAN_POINT ( 'NONE',  ( -9.998544475869659109, 64.67109066043200016, -2.189305617746140520 ) ) ;
#3093 = DIRECTION ( 'NONE',  ( 3.755793295842400481E-19, -0.8660269715269851565, -0.4999972845804250277 ) ) ;
#3094 = SURFACE_SIDE_STYLE ('',( #943 ) ) ;
#3095 = ORIENTED_EDGE ( 'NONE', *, *, #2231, .T. ) ;
#3096 = UNCERTAINTY_MEASURE_WITH_UNIT (LENGTH_MEASURE( 1.000000000000000082E-05 ), #2798, 'distance_accuracy_value', 'NONE');
#3097 = CARTESIAN_POINT ( 'NONE',  ( -19.50244010875757894, 44.11397377908137685, -20.83190429737373606 ) ) ;
#3098 = CARTESIAN_POINT ( 'NONE',  ( 24.00145552413039951, 67.56408251622869443, 13.91468251512480236 ) ) ;
#3099 = VECTOR ( 'NONE', #4988, 1000.000000000000000 ) ;
#3100 = CARTESIAN_POINT ( 'NONE',  ( -0.0005747638464858982480, -9.969469327306997641, 41.78353990612919944 ) ) ;
#3101 = FILL_AREA_STYLE ('',( #5738 ) ) ;
#3102 = CARTESIAN_POINT ( 'NONE',  ( -19.49999999999999645, 40.08649381681755841, -19.62014871053770548 ) ) ;
#3103 = DIRECTION ( 'NONE',  ( 1.000000000000000000, 1.067522139062650592E-14, 7.116814260417670090E-15 ) ) ;
#3104 = ORIENTED_EDGE ( 'NONE', *, *, #3233, .F. ) ;
#3105 = VERTEX_POINT ( 'NONE', #1037 ) ;
#3106 = DIRECTION ( 'NONE',  ( -1.000000000000000000, 0.000000000000000000, 0.000000000000000000 ) ) ;
#3107 = SURFACE_STYLE_FILL_AREA ( #1261 ) ;
#3108 = CARTESIAN_POINT ( 'NONE',  ( 12.64869747408850031, -20.46946932730794089, 13.88353990612919908 ) ) ;
#3109 = ORIENTED_EDGE ( 'NONE', *, *, #190, .F. ) ;
#3110 = DIRECTION ( 'NONE',  ( 0.000000000000000000, -0.4999972845805027988, 0.8660269715269400814 ) ) ;
#3111 = VECTOR ( 'NONE', #3336, 1000.000000000000000 ) ;
#3112 =( GEOMETRIC_REPRESENTATION_CONTEXT ( 3 ) GLOBAL_UNCERTAINTY_ASSIGNED_CONTEXT ( ( #5194 ) ) GLOBAL_UNIT_ASSIGNED_CONTEXT ( ( #306, #3067, #4794 ) ) REPRESENTATION_CONTEXT ( 'NONE', 'WORKASPACE' ) );
#3113 = EDGE_CURVE ( 'NONE', #3665, #4874, #2749, .T. ) ;
#3114 = CARTESIAN_POINT ( 'NONE',  ( -16.27817926986969965, 46.18238151284000281, -12.86368952623932138 ) ) ;
#3115 = EDGE_LOOP ( 'NONE', ( #3557, #2790, #1628, #2282 ) ) ;
#3116 =( BOUNDED_CURVE ( )  B_SPLINE_CURVE ( 3, ( #57, #1412, #2855, #4294 ),
 .UNSPECIFIED., .F., .T. ) 
 B_SPLINE_CURVE_WITH_KNOTS ( ( 4, 4 ),
 ( 1.312109564885654223, 1.635590327950199541 ),
 .UNSPECIFIED. ) 
 CURVE ( )  GEOMETRIC_REPRESENTATION_ITEM ( )  RATIONAL_B_SPLINE_CURVE ( ( 1.000000000000000000, 0.9912990092875412218, 0.9912990092875412218, 1.000000000000000000 ) ) 
 REPRESENTATION_ITEM ( '' )  );
#3117 = MECHANICAL_DESIGN_GEOMETRIC_PRESENTATION_REPRESENTATION (  '', ( #1904 ), #4712 ) ;
#3118 = CARTESIAN_POINT ( 'NONE',  ( 26.25594651338347418, 44.54818300371965734, 3.513289077519255788 ) ) ;
#3119 = EDGE_CURVE ( 'NONE', #3511, #4842, #5524, .T. ) ;
#3120 = CARTESIAN_POINT ( 'NONE',  ( -18.49999999999997158, -26.62172815897734779, 41.78353990612919944 ) ) ;
#3121 = CARTESIAN_POINT ( 'NONE',  ( 12.64869747408850031, -20.46946932730794089, 17.58353990612919659 ) ) ;
#3122 = FILL_AREA_STYLE ('',( #2660 ) ) ;
#3123 = EDGE_CURVE ( 'NONE', #3253, #189, #863, .T. ) ;
#3124 = FACE_OUTER_BOUND ( 'NONE', #5312, .T. ) ;
#3125 = ORIENTED_EDGE ( 'NONE', *, *, #1297, .F. ) ;
#3126 = FILL_AREA_STYLE ('',( #1807 ) ) ;
#3127 = PRESENTATION_STYLE_ASSIGNMENT (( #1340 ) ) ;
#3128 = AXIS2_PLACEMENT_3D ( 'NONE', #3222, #1542, #1960 ) ;
#3129 = AXIS2_PLACEMENT_3D ( 'NONE', #2539, #5146, #1654 ) ;
#3130 =( LENGTH_UNIT ( ) NAMED_UNIT ( * ) SI_UNIT ( .MILLI., .METRE. ) );
#3131 = CARTESIAN_POINT ( 'NONE',  ( 23.99999952413039850, 54.11474359078639651, -4.819875963482041392 ) ) ;
#3132 = DIRECTION ( 'NONE',  ( 0.000000000000000000, -0.4999972845804251942, 0.8660269715269850455 ) ) ;
#3133 = EDGE_CURVE ( 'NONE', #960, #2988, #5086, .T. ) ;
#3134 =( NAMED_UNIT ( * ) PLANE_ANGLE_UNIT ( ) SI_UNIT ( $, .RADIAN. ) );
#3135 = DIRECTION ( 'NONE',  ( -2.168392568715800493E-19, 0.4999972845804250832, -0.8660269715269852675 ) ) ;
#3136 = LINE ( 'NONE', #4543, #446 ) ;
#3137 = VERTEX_POINT ( 'NONE', #2841 ) ;
#3138 = ORIENTED_EDGE ( 'NONE', *, *, #1539, .F. ) ;
#3139 = DIRECTION ( 'NONE',  ( -1.000000000000000000, -2.391782681289280406E-19, 1.122953158202381497E-19 ) ) ;
#3140 = CARTESIAN_POINT ( 'NONE',  ( 19.50000000000000000, -10.96946932730698521, 40.78353990612919944 ) ) ;
#3141 = SURFACE_SIDE_STYLE ('',( #1020 ) ) ;
#3142 = B_SPLINE_CURVE_WITH_KNOTS ( 'NONE', 3,
 ( #1115, #3289, #1529, #3861, #5636, #2939, #3319, #3403 ),
 .UNSPECIFIED., .F., .F.,
 ( 4, 2, 2, 4 ),
 ( 0.000000000000000000, 0.2500000000000000000, 0.5000000000000000000, 1.000000000000000000 ),
 .UNSPECIFIED. ) ;
#3143 = VECTOR ( 'NONE', #5766, 1000.000000000000000 ) ;
#3144 =( NAMED_UNIT ( * ) SI_UNIT ( $, .STERADIAN. ) SOLID_ANGLE_UNIT ( ) );
#3145 = VERTEX_POINT ( 'NONE', #3325 ) ;
#3146 = FACE_OUTER_BOUND ( 'NONE', #5182, .T. ) ;
#3147 = CARTESIAN_POINT ( 'NONE',  ( 10.00145552413030003, 67.67107436791040698, -7.385467446900160660 ) ) ;
#3148 = DIRECTION ( 'NONE',  ( 0.000000000000000000, -5.551115123125790098E-17, -1.000000000000000000 ) ) ;
#3149 = ORIENTED_EDGE ( 'NONE', *, *, #4071, .F. ) ;
#3150 = AXIS2_PLACEMENT_3D ( 'NONE', #2844, #2755, #4119 ) ;
#3151 = DIRECTION ( 'NONE',  ( 0.000000000000000000, -0.8660269715269877100, -0.4999972845804205868 ) ) ;
#3152 = DIRECTION ( 'NONE',  ( 0.000000000000000000, -0.4999972845805029098, 0.8660269715269403035 ) ) ;
#3153 = AXIS2_PLACEMENT_3D ( 'NONE', #3198, #3692, #4579 ) ;
#3154 = SURFACE_SIDE_STYLE ('',( #2076 ) ) ;
#3155 = SURFACE_SIDE_STYLE ('',( #4439 ) ) ;
#3156 = MECHANICAL_DESIGN_GEOMETRIC_PRESENTATION_REPRESENTATION (  '', ( #4565 ), #159 ) ;
#3157 =( NAMED_UNIT ( * ) PLANE_ANGLE_UNIT ( ) SI_UNIT ( $, .RADIAN. ) );
#3158 = ORIENTED_EDGE ( 'NONE', *, *, #5492, .F. ) ;
#3159 = AXIS2_PLACEMENT_3D ( 'NONE', #1452, #567, #2357 ) ;
#3160 = CARTESIAN_POINT ( 'NONE',  ( 19.81819473970700329, 41.99255064099291701, -19.79867859077827674 ) ) ;
#3161 = ADVANCED_FACE ( 'NONE', ( #4624 ), #222, .F. ) ;
#3162 = AXIS2_PLACEMENT_3D ( 'NONE', #2552, #2106, #5684 ) ;
#3163 = LINE ( 'NONE', #4026, #4476 ) ;
#3164 = LINE ( 'NONE', #3190, #338 ) ;
#3165 = DIRECTION ( 'NONE',  ( 0.000000000000000000, 0.000000000000000000, -1.000000000000000000 ) ) ;
#3166 = FILL_AREA_STYLE_COLOUR ( '', #2236 ) ;
#3167 = VERTEX_POINT ( 'NONE', #4706 ) ;
#3168 = VERTEX_POINT ( 'NONE', #5121 ) ;
#3169 = EDGE_CURVE ( 'NONE', #3323, #48, #3490, .T. ) ;
#3170 = CONICAL_SURFACE ( 'NONE', #3633, 3.399999995763999916, 0.7853981633974476129 ) ;
#3171 = SURFACE_SIDE_STYLE ('',( #2850 ) ) ;
#3172 = SURFACE_STYLE_USAGE ( .BOTH. , #5806 ) ;
#3173 = EDGE_CURVE ( 'NONE', #1127, #2103, #3783, .T. ) ;
#3174 = FACE_OUTER_BOUND ( 'NONE', #4120, .T. ) ;
#3175 = SURFACE_STYLE_FILL_AREA ( #2316 ) ;
#3176 = EDGE_LOOP ( 'NONE', ( #4698, #871, #872, #5811 ) ) ;
#3177 = AXIS2_PLACEMENT_3D ( 'NONE', #1061, #1954, #1535 ) ;
#3178 = ORIENTED_EDGE ( 'NONE', *, *, #1221, .F. ) ;
#3179 = DIRECTION ( 'NONE',  ( 9.251858538543040853E-16, -0.8660269715269851565, -0.4999972845804249721 ) ) ;
#3180 = DIRECTION ( 'NONE',  ( -1.000000000000000000, -0.000000000000000000, -0.000000000000000000 ) ) ;
#3181 = ORIENTED_EDGE ( 'NONE', *, *, #4237, .T. ) ;
#3182 = SURFACE_STYLE_FILL_AREA ( #4911 ) ;
#3183 = LINE ( 'NONE', #5060, #2314 ) ;
#3184 = FACE_OUTER_BOUND ( 'NONE', #5406, .T. ) ;
#3185 = ORIENTED_EDGE ( 'NONE', *, *, #385, .T. ) ;
#3186 = DIRECTION ( 'NONE',  ( 1.000000000000000000, 4.336808689942019662E-19, -2.407412430484050162E-35 ) ) ;
#3187 = VECTOR ( 'NONE', #4344, 1000.000000000000000 ) ;
#3188 = LINE ( 'NONE', #456, #4901 ) ;
#3189 = DIRECTION ( 'NONE',  ( 1.000000000000000000, 0.000000000000000000, 0.000000000000000000 ) ) ;
#3190 = CARTESIAN_POINT ( 'NONE',  ( 21.50145552413040306, 51.64080004928289469, -7.262807626066340561 ) ) ;
#3191 = DIRECTION ( 'NONE',  ( 0.000000000000000000, 0.7095709740235812690, -0.7046339708126667656 ) ) ;
#3192 = ORIENTED_EDGE ( 'NONE', *, *, #4459, .F. ) ;
#3193 =( GEOMETRIC_REPRESENTATION_CONTEXT ( 3 ) GLOBAL_UNCERTAINTY_ASSIGNED_CONTEXT ( ( #2442 ) ) GLOBAL_UNIT_ASSIGNED_CONTEXT ( ( #1640, #3345, #5137 ) ) REPRESENTATION_CONTEXT ( 'NONE', 'WORKASPACE' ) );
#3194 = EDGE_CURVE ( 'NONE', #5480, #3315, #193, .T. ) ;
#3195 = VERTEX_POINT ( 'NONE', #1098 ) ;
#3196 = CARTESIAN_POINT ( 'NONE',  ( 19.50000000000000000, -6.969469327306998530, 28.36178214484647597 ) ) ;
#3197 = DIRECTION ( 'NONE',  ( 1.000000000000000000, 0.000000000000000000, 0.000000000000000000 ) ) ;
#3198 = CARTESIAN_POINT ( 'NONE',  ( 22.75145552413039951, 75.43925345486950107, 5.759698724468199416 ) ) ;
#3199 = EDGE_CURVE ( 'NONE', #769, #5361, #1095, .T. ) ;
#3200 = SURFACE_STYLE_USAGE ( .BOTH. , #1387 ) ;
#3201 = DIRECTION ( 'NONE',  ( 3.926927030438489722E-51, 5.551115123125790098E-17, 1.000000000000000000 ) ) ;
#3202 = EDGE_LOOP ( 'NONE', ( #670, #3178, #2737, #4231 ) ) ;
#3203 = EDGE_CURVE ( 'NONE', #1069, #5252, #5608, .T. ) ;
#3204 =( LENGTH_UNIT ( ) NAMED_UNIT ( * ) SI_UNIT ( .MILLI., .METRE. ) );
#3205 = CARTESIAN_POINT ( 'NONE',  ( 19.65790487734491876, 44.44955214904156549, -20.71943098490149282 ) ) ;
#3206 = CYLINDRICAL_SURFACE ( 'NONE', #170, 26.00000000000000711 ) ;
#3207 = UNCERTAINTY_MEASURE_WITH_UNIT (LENGTH_MEASURE( 1.000000000000000082E-05 ), #2963, 'distance_accuracy_value', 'NONE');
#3208 = EDGE_CURVE ( 'NONE', #4170, #3195, #1145, .T. ) ;
#3209 = ORIENTED_EDGE ( 'NONE', *, *, #4815, .T. ) ;
#3210 = AXIS2_PLACEMENT_3D ( 'NONE', #5562, #3309, #665 ) ;
#3211 = FACE_OUTER_BOUND ( 'NONE', #2531, .T. ) ;
#3212 = FACE_OUTER_BOUND ( 'NONE', #3058, .T. ) ;
#3213 =( NAMED_UNIT ( * ) PLANE_ANGLE_UNIT ( ) SI_UNIT ( $, .RADIAN. ) );
#3214 = SURFACE_SIDE_STYLE ('',( #1838 ) ) ;
#3215 = VERTEX_POINT ( 'NONE', #5500 ) ;
#3216 = PRESENTATION_LAYER_ASSIGNMENT (  '', '', ( #5369 ) ) ;
#3217 = DIRECTION ( 'NONE',  ( -1.000000000000000000, -4.336808689942019662E-19, 2.407412430484050162E-35 ) ) ;
#3218 = CARTESIAN_POINT ( 'NONE',  ( 19.99151582508786973, 42.29518510501494433, -19.63044441292223752 ) ) ;
#3219 =( LENGTH_UNIT ( ) NAMED_UNIT ( * ) SI_UNIT ( .MILLI., .METRE. ) );
#3220 = VECTOR ( 'NONE', #2086, 1000.000000000000000 ) ;
#3221 = AXIS2_PLACEMENT_3D ( 'NONE', #2332, #5095, #4652 ) ;
#3222 = CARTESIAN_POINT ( 'NONE',  ( -19.00000047586969742, 41.04341082298442700, 0.3351241196916550091 ) ) ;
#3223 = LINE ( 'NONE', #1401, #4560 ) ;
#3224 =( NAMED_UNIT ( * ) SI_UNIT ( $, .STERADIAN. ) SOLID_ANGLE_UNIT ( ) );
#3225 = ORIENTED_EDGE ( 'NONE', *, *, #5376, .T. ) ;
#3226 = EDGE_LOOP ( 'NONE', ( #5628, #722, #5152, #4710 ) ) ;
#3227 = DIRECTION ( 'NONE',  ( 0.000000000000000000, 0.000000000000000000, -1.000000000000000000 ) ) ;
#3228 = PRESENTATION_LAYER_ASSIGNMENT (  '', '', ( #4538 ) ) ;
#3229 = LINE ( 'NONE', #2733, #3046 ) ;
#3230 = LINE ( 'NONE', #5018, #5114 ) ;
#3231 = VERTEX_POINT ( 'NONE', #3006 ) ;
#3232 = ADVANCED_FACE ( 'NONE', ( #3500 ), #5702, .F. ) ;
#3233 = EDGE_CURVE ( 'NONE', #693, #1769, #5269, .T. ) ;
#3234 = CARTESIAN_POINT ( 'NONE',  ( -8.348544475869658754, 67.67107436791040698, -7.385467446900160660 ) ) ;
#3235 = SURFACE_STYLE_USAGE ( .BOTH. , #383 ) ;
#3236 = CARTESIAN_POINT ( 'NONE',  ( 22.37377164840175681, 49.18237323176202125, -18.05984673002416230 ) ) ;
#3237 = EDGE_LOOP ( 'NONE', ( #3083, #1774, #3456, #4078, #169 ) ) ;
#3238 = CARTESIAN_POINT ( 'NONE',  ( -19.50000000000000000, 19.33798309278793681, 40.78353990612919944 ) ) ;
#3239 = CARTESIAN_POINT ( 'NONE',  ( -15.10130252591150146, -26.62172815897734779, 17.58353990612919659 ) ) ;
#3240 = EDGE_CURVE ( 'NONE', #4153, #5057, #843, .T. ) ;
#3241 = DIRECTION ( 'NONE',  ( 0.000000000000000000, 0.4999972845804250832, -0.8660269715269851565 ) ) ;
#3242 = CARTESIAN_POINT ( 'NONE',  ( 21.50125947093820145, 44.54696951705920327, 3.512588471631500120 ) ) ;
#3243 = ORIENTED_EDGE ( 'NONE', *, *, #3776, .F. ) ;
#3244 = STYLED_ITEM ( 'NONE', ( #3983 ), #5665 ) ;
#3245 = CONICAL_SURFACE ( 'NONE', #3714, 5.000000000000015099, 0.7853981633974548293 ) ;
#3246 = DIRECTION ( 'NONE',  ( -0.7071067811865542341, 0.3535514705016752357, -0.6123735442571746068 ) ) ;
#3247 = CARTESIAN_POINT ( 'NONE',  ( 15.09869747408849960, -26.62172815897734779, 29.58353990612920015 ) ) ;
#3248 = AXIS2_PLACEMENT_3D ( 'NONE', #396, #2280, #4511 ) ;
#3249 = FACE_OUTER_BOUND ( 'NONE', #5234, .T. ) ;
#3250 = CARTESIAN_POINT ( 'NONE',  ( -19.50000000000000000, 31.30661030014310242, -4.450623947147305692 ) ) ;
#3251 = VECTOR ( 'NONE', #3760, 1000.000000000000000 ) ;
#3252 = SURFACE_STYLE_FILL_AREA ( #107 ) ;
#3253 = VERTEX_POINT ( 'NONE', #2573 ) ;
#3254 = ORIENTED_EDGE ( 'NONE', *, *, #5734, .T. ) ;
#3255 = EDGE_LOOP ( 'NONE', ( #1587, #4575, #1255, #4827 ) ) ;
#3256 = DIRECTION ( 'NONE',  ( 0.000000000000000000, -0.8660269715269798274, -0.4999972845804342980 ) ) ;
#3257 = VECTOR ( 'NONE', #716, 1000.000000000000000 ) ;
#3258 = CARTESIAN_POINT ( 'NONE',  ( 21.50086736455029879, 47.81183694473408963, -2.388169822530911368 ) ) ;
#3259 = DIRECTION ( 'NONE',  ( 3.755793295842400481E-19, -0.8660269715269851565, -0.4999972845804250277 ) ) ;
#3260 = DIRECTION ( 'NONE',  ( 0.000000000000000000, -0.8660269715269796054, -0.4999972845804345756 ) ) ;
#3261 = CARTESIAN_POINT ( 'NONE',  ( -16.32054224044554758, -26.62172815897734779, 38.12678048739232395 ) ) ;
#3262 = ORIENTED_EDGE ( 'NONE', *, *, #2149, .F. ) ;
#3263 = CIRCLE ( 'NONE', #4943, 3.899999999999999023 ) ;
#3264 =( GEOMETRIC_REPRESENTATION_CONTEXT ( 3 ) GLOBAL_UNCERTAINTY_ASSIGNED_CONTEXT ( ( #1749 ) ) GLOBAL_UNIT_ASSIGNED_CONTEXT ( ( #2845, #4684, #4166 ) ) REPRESENTATION_CONTEXT ( 'NONE', 'WORKASPACE' ) );
#3265 = CARTESIAN_POINT ( 'NONE',  ( -11.00130252591150004, -20.46946932730794089, 17.58353990612919659 ) ) ;
#3266 = DIRECTION ( 'NONE',  ( -1.000000000000000000, -4.336808689942010032E-19, -1.711937728344209980E-34 ) ) ;
#3267 = UNCERTAINTY_MEASURE_WITH_UNIT (LENGTH_MEASURE( 1.000000000000000082E-05 ), #2031, 'distance_accuracy_value', 'NONE');
#3268 = VERTEX_POINT ( 'NONE', #3445 ) ;
#3269 = EDGE_CURVE ( 'NONE', #220, #3282, #1523, .T. ) ;
#3270 = DIRECTION ( 'NONE',  ( 3.926927030438489722E-51, 5.551115123125790098E-17, 1.000000000000000000 ) ) ;
#3271 =( LENGTH_UNIT ( ) NAMED_UNIT ( * ) SI_UNIT ( .MILLI., .METRE. ) );
#3272 = FILL_AREA_STYLE ('',( #4534 ) ) ;
#3273 = EDGE_CURVE ( 'NONE', #4321, #756, #335, .T. ) ;
#3274 = SURFACE_SIDE_STYLE ('',( #69 ) ) ;
#3275 = EDGE_LOOP ( 'NONE', ( #4537, #2339, #1740, #3002 ) ) ;
#3276 = EDGE_CURVE ( 'NONE', #5750, #2558, #5542, .T. ) ;
#3277 = DIRECTION ( 'NONE',  ( 0.000000000000000000, -0.8660269715269852675, -0.4999972845804249721 ) ) ;
#3278 =( BOUNDED_CURVE ( )  B_SPLINE_CURVE ( 3, ( #3987, #4473, #3089, #913 ),
 .UNSPECIFIED., .F., .T. ) 
 B_SPLINE_CURVE_WITH_KNOTS ( ( 4, 4 ),
 ( 4.970432628719392731, 5.155771151470975866 ),
 .UNSPECIFIED. ) 
 CURVE ( )  GEOMETRIC_REPRESENTATION_ITEM ( )  RATIONAL_B_SPLINE_CURVE ( ( 1.000000000000000000, 0.9971395172661727813, 0.9971395172661727813, 1.000000000000000000 ) ) 
 REPRESENTATION_ITEM ( '' )  );
#3279 = DIRECTION ( 'NONE',  ( 0.000000000000000000, -0.7095709740235808249, 0.7046339708126672097 ) ) ;
#3280 = PLANE ( 'NONE',  #4104 ) ;
#3281 = CARTESIAN_POINT ( 'NONE',  ( 18.28151311569957471, 41.14814471517924943, -21.03494239518858322 ) ) ;
#3282 = VERTEX_POINT ( 'NONE', #4331 ) ;
#3283 = VERTEX_POINT ( 'NONE', #711 ) ;
#3284 =( NAMED_UNIT ( * ) PLANE_ANGLE_UNIT ( ) SI_UNIT ( $, .RADIAN. ) );
#3285 = CARTESIAN_POINT ( 'NONE',  ( -11.00130252591150004, -20.46946932730794089, 41.78353990612919944 ) ) ;
#3286 = FACE_OUTER_BOUND ( 'NONE', #409, .T. ) ;
#3287 = SURFACE_STYLE_FILL_AREA ( #1022 ) ;
#3288 = VERTEX_POINT ( 'NONE', #1624 ) ;
#3289 = CARTESIAN_POINT ( 'NONE',  ( 21.50145552413030003, 75.77239897318709438, 7.348018341117451335 ) ) ;
#3290 = VECTOR ( 'NONE', #1852, 1000.000000000000000 ) ;
#3291 = AXIS2_PLACEMENT_3D ( 'NONE', #3492, #2649, #4428 ) ;
#3292 = DIRECTION ( 'NONE',  ( -0.7071067811865371366, 3.925231146709500779E-17, 0.7071067811865580088 ) ) ;
#3293 =( GEOMETRIC_REPRESENTATION_CONTEXT ( 3 ) GLOBAL_UNCERTAINTY_ASSIGNED_CONTEXT ( ( #2913 ) ) GLOBAL_UNIT_ASSIGNED_CONTEXT ( ( #2767, #2349, #2321 ) ) REPRESENTATION_CONTEXT ( 'NONE', 'WORKASPACE' ) );
#3294 = DIRECTION ( 'NONE',  ( -1.000000000000000000, 0.000000000000000000, 0.000000000000000000 ) ) ;
#3295 = CARTESIAN_POINT ( 'NONE',  ( 19.50032724784789195, 40.14596910443945887, -19.64771111487227273 ) ) ;
#3296 = VECTOR ( 'NONE', #2432, 1000.000000000000114 ) ;
#3297 = DIRECTION ( 'NONE',  ( 3.926927030438489722E-51, 5.551115123125790098E-17, 1.000000000000000000 ) ) ;
#3298 = ORIENTED_EDGE ( 'NONE', *, *, #1546, .T. ) ;
#3299 = PLANE ( 'NONE',  #126 ) ;
#3300 = EDGE_CURVE ( 'NONE', #5057, #1203, #1993, .T. ) ;
#3301 = CARTESIAN_POINT ( 'NONE',  ( -19.98338258018759461, 42.27645214968536891, -19.63864360786053709 ) ) ;
#3302 = CARTESIAN_POINT ( 'NONE',  ( 22.99999952413039850, 73.95243574101237982, 19.33502093374925579 ) ) ;
#3303 = EDGE_CURVE ( 'NONE', #2212, #3398, #3506, .T. ) ;
#3304 = CARTESIAN_POINT ( 'NONE',  ( 18.50000000000001421, -9.969469327306999418, 14.92835152596819981 ) ) ;
#3305 = PRESENTATION_STYLE_ASSIGNMENT (( #3685 ) ) ;
#3306 = PRESENTATION_STYLE_ASSIGNMENT (( #2016 ) ) ;
#3307 = VERTEX_POINT ( 'NONE', #3870 ) ;
#3308 = VERTEX_POINT ( 'NONE', #1185 ) ;
#3309 = DIRECTION ( 'NONE',  ( -2.168392568715800493E-19, 0.4999972845804250832, -0.8660269715269852675 ) ) ;
#3310 = MECHANICAL_DESIGN_GEOMETRIC_PRESENTATION_REPRESENTATION (  '', ( #2568 ), #5449 ) ;
#3311 = CARTESIAN_POINT ( 'NONE',  ( 18.49999895130076055, 41.73762237706829836, -21.09828942821048869 ) ) ;
#3312 = EDGE_CURVE ( 'NONE', #2174, #2429, #1713, .T. ) ;
#3313 = DIRECTION ( 'NONE',  ( 2.168392568715800493E-19, -0.4999972845804250832, 0.8660269715269852675 ) ) ;
#3314 = CARTESIAN_POINT ( 'NONE',  ( 19.49854399995287935, 44.11125323436355927, -20.83278178594472152 ) ) ;
#3315 = VERTEX_POINT ( 'NONE', #2540 ) ;
#3316 = DIRECTION ( 'NONE',  ( 0.000000000000000000, -0.7095709740235812690, 0.7046339708126667656 ) ) ;
#3317 = CARTESIAN_POINT ( 'NONE',  ( 93.68306822113039800, 97.98381626645350195, 10.11547552111627901 ) ) ;
#3318 = AXIS2_PLACEMENT_3D ( 'NONE', #5004, #563, #974 ) ;
#3319 = CARTESIAN_POINT ( 'NONE',  ( 21.48357922963879574, 75.51121309817129656, 8.634973477578983037 ) ) ;
#3320 = UNCERTAINTY_MEASURE_WITH_UNIT (LENGTH_MEASURE( 1.000000000000000082E-05 ), #728, 'distance_accuracy_value', 'NONE');
#3321 = CIRCLE ( 'NONE', #5570, 1.650000000000000355 ) ;
#3322 = VECTOR ( 'NONE', #752, 1000.000000000000000 ) ;
#3323 = VERTEX_POINT ( 'NONE', #5005 ) ;
#3324 = DIRECTION ( 'NONE',  ( 1.000000000000000000, 4.336808689942020625E-19, 5.674384619027964914E-35 ) ) ;
#3325 = CARTESIAN_POINT ( 'NONE',  ( 21.50145552413040306, 47.51214281503921200, -0.1117117475228999318 ) ) ;
#3326 = AXIS2_PLACEMENT_3D ( 'NONE', #3729, #1939, #2315 ) ;
#3327 = LINE ( 'NONE', #5554, #520 ) ;
#3328 = DIRECTION ( 'NONE',  ( 2.168392568715800252E-19, -0.4999972845804250277, 0.8660269715269851565 ) ) ;
#3329 = VECTOR ( 'NONE', #768, 999.9999999999997726 ) ;
#3330 = CARTESIAN_POINT ( 'NONE',  ( 23.99999952413039850, 70.76155169020010760, 10.86175821884990000 ) ) ;
#3331 = VERTEX_POINT ( 'NONE', #3558 ) ;
#3332 = AXIS2_PLACEMENT_3D ( 'NONE', #3880, #4441, #238 ) ;
#3333 = EDGE_CURVE ( 'NONE', #4771, #3391, #5375, .T. ) ;
#3334 = EDGE_LOOP ( 'NONE', ( #1196, #606 ) ) ;
#3335 = CIRCLE ( 'NONE', #4369, 4.000000000000034639 ) ;
#3336 = DIRECTION ( 'NONE',  ( -0.7071067811865456854, -0.7071067811865493491, 0.000000000000000000 ) ) ;
#3337 = DIRECTION ( 'NONE',  ( -8.673617379884004904E-16, -0.8660269715269848234, -0.4999972845804254717 ) ) ;
#3338 = VECTOR ( 'NONE', #4409, 1000.000000000000000 ) ;
#3339 = SURFACE_SIDE_STYLE ('',( #235 ) ) ;
#3340 = EDGE_CURVE ( 'NONE', #5243, #2143, #3278, .T. ) ;
#3341 = ORIENTED_EDGE ( 'NONE', *, *, #4215, .T. ) ;
#3342 = AXIS2_PLACEMENT_3D ( 'NONE', #1158, #2951, #4741 ) ;
#3343 = APPLICATION_PROTOCOL_DEFINITION ( 'draft international standard', 'automotive_design', 1998, #4840 ) ;
#3344 = EDGE_CURVE ( 'NONE', #4050, #5252, #2748, .T. ) ;
#3345 =( NAMED_UNIT ( * ) PLANE_ANGLE_UNIT ( ) SI_UNIT ( $, .RADIAN. ) );
#3346 = CARTESIAN_POINT ( 'NONE',  ( -18.50000000000002842, -26.62172815897734779, 13.88353990612919908 ) ) ;
#3347 = VECTOR ( 'NONE', #4019, 1000.000000000000114 ) ;
#3348 = ORIENTED_EDGE ( 'NONE', *, *, #899, .F. ) ;
#3349 = VECTOR ( 'NONE', #1231, 1000.000000000000000 ) ;
#3350 = CARTESIAN_POINT ( 'NONE',  ( 12.64869747408850031, -20.46946932730794089, 37.78353990612920654 ) ) ;
#3351 = LINE ( 'NONE', #4702, #1375 ) ;
#3352 = ORIENTED_EDGE ( 'NONE', *, *, #474, .T. ) ;
#3353 = DIRECTION ( 'NONE',  ( 0.000000000000000000, -0.9051962300684739393, 0.4249938647437424000 ) ) ;
#3354 = CARTESIAN_POINT ( 'NONE',  ( 18.50000000000001421, 1.017499851658588916, -0.7091502389341766133 ) ) ;
#3355 = MECHANICAL_DESIGN_GEOMETRIC_PRESENTATION_REPRESENTATION (  '', ( #83 ), #278 ) ;
#3356 = SURFACE_SIDE_STYLE ('',( #3785 ) ) ;
#3357 = DIRECTION ( 'NONE',  ( 0.000000000000000000, 0.000000000000000000, -1.000000000000000000 ) ) ;
#3358 = CARTESIAN_POINT ( 'NONE',  ( -24.00002033532439683, 50.29334283850570131, -15.68636216929245109 ) ) ;
#3359 =( NAMED_UNIT ( * ) SI_UNIT ( $, .STERADIAN. ) SOLID_ANGLE_UNIT ( ) );
#3360 = ORIENTED_EDGE ( 'NONE', *, *, #4237, .F. ) ;
#3361 = EDGE_LOOP ( 'NONE', ( #4375, #295, #1978, #1919 ) ) ;
#3362 = ORIENTED_EDGE ( 'NONE', *, *, #1487, .F. ) ;
#3363 = DIRECTION ( 'NONE',  ( -0.000000000000000000, 0.7095709740235812690, -0.7046339708126667656 ) ) ;
#3364 = CARTESIAN_POINT ( 'NONE',  ( 18.53126508538272077, 41.70581937761501479, -21.06406278080023498 ) ) ;
#3365 = CARTESIAN_POINT ( 'NONE',  ( 0.001455524130052690329, 87.41648931872039441, 4.014470641529260142 ) ) ;
#3366 = ADVANCED_FACE ( 'NONE', ( #5787 ), #4906, .F. ) ;
#3367 = FACE_OUTER_BOUND ( 'NONE', #5400, .T. ) ;
#3368 = SURFACE_STYLE_USAGE ( .BOTH. , #1583 ) ;
#3369 = ORIENTED_EDGE ( 'NONE', *, *, #2272, .T. ) ;
#3370 = CARTESIAN_POINT ( 'NONE',  ( -19.50040162425221268, 40.14600071395497594, -19.64764378963148772 ) ) ;
#3371 = VERTEX_POINT ( 'NONE', #1363 ) ;
#3372 = CARTESIAN_POINT ( 'NONE',  ( 19.40532892651296848, 43.91091532861383229, -20.89437900121274083 ) ) ;
#3373 = ADVANCED_FACE ( 'NONE', ( #3212 ), #1393, .F. ) ;
#3374 = EDGE_CURVE ( 'NONE', #3371, #1485, #4436, .T. ) ;
#3375 = PRESENTATION_STYLE_ASSIGNMENT (( #5540 ) ) ;
#3376 = UNCERTAINTY_MEASURE_WITH_UNIT (LENGTH_MEASURE( 1.000000000000000082E-05 ), #855, 'distance_accuracy_value', 'NONE');
#3377 = AXIS2_PLACEMENT_3D ( 'NONE', #3574, #5363, #4489 ) ;
#3378 = ORIENTED_EDGE ( 'NONE', *, *, #3411, .F. ) ;
#3379 = CARTESIAN_POINT ( 'NONE',  ( 10.00145552413030003, 64.67109066043200016, -2.189305617746140520 ) ) ;
#3380 = CARTESIAN_POINT ( 'NONE',  ( -11.00130252591150004, -20.46946932730794089, 41.78353990612919944 ) ) ;
#3381 = EDGE_CURVE ( 'NONE', #3023, #2745, #5183, .T. ) ;
#3382 = DIRECTION ( 'NONE',  ( 0.000000000000000000, -0.9659250147588526181, 0.2588220737555247952 ) ) ;
#3383 = ORIENTED_EDGE ( 'NONE', *, *, #2566, .F. ) ;
#3384 = DIRECTION ( 'NONE',  ( 0.000000000000000000, 0.000000000000000000, -1.000000000000000000 ) ) ;
#3385 = DIRECTION ( 'NONE',  ( -1.000000000000000000, 0.000000000000000000, 0.000000000000000000 ) ) ;
#3386 = SURFACE_STYLE_USAGE ( .BOTH. , #4738 ) ;
#3387 = FACE_BOUND ( 'NONE', #4040, .T. ) ;
#3388 = CARTESIAN_POINT ( 'NONE',  ( 18.76833790505796884, 42.46385498963117300, -21.14142462312299742 ) ) ;
#3389 = ORIENTED_EDGE ( 'NONE', *, *, #394, .F. ) ;
#3390 = ORIENTED_EDGE ( 'NONE', *, *, #3208, .T. ) ;
#3391 = VERTEX_POINT ( 'NONE', #4945 ) ;
#3392 = LINE ( 'NONE', #5595, #1046 ) ;
#3393 = LINE ( 'NONE', #609, #3251 ) ;
#3394 = DIRECTION ( 'NONE',  ( 0.000000000000000000, 0.9051962300684739393, -0.4249938647437424000 ) ) ;
#3395 = VECTOR ( 'NONE', #1538, 1000.000000000000000 ) ;
#3396 =( NAMED_UNIT ( * ) SI_UNIT ( $, .STERADIAN. ) SOLID_ANGLE_UNIT ( ) );
#3397 = DIRECTION ( 'NONE',  ( 0.000000000000000000, -0.8660269715269849344, -0.4999972845804253052 ) ) ;
#3398 = VERTEX_POINT ( 'NONE', #1301 ) ;
#3399 = ORIENTED_EDGE ( 'NONE', *, *, #3547, .F. ) ;
#3400 = CYLINDRICAL_SURFACE ( 'NONE', #3955, 3.000000000000001332 ) ;
#3401 = AXIS2_PLACEMENT_3D ( 'NONE', #5610, #1594, #246 ) ;
#3402 = CARTESIAN_POINT ( 'NONE',  ( 22.48749830680648287, 38.62737816215048525, 0.09493556123622147458 ) ) ;
#3403 = CARTESIAN_POINT ( 'NONE',  ( 21.48357554601030017, 75.36698101602149791, 8.884895459591799494 ) ) ;
#3404 = EDGE_CURVE ( 'NONE', #738, #4978, #4501, .T. ) ;
#3405 = ORIENTED_EDGE ( 'NONE', *, *, #3208, .F. ) ;
#3406 = ADVANCED_FACE ( 'NONE', ( #66 ), #381, .T. ) ;
#3407 = B_SPLINE_CURVE_WITH_KNOTS ( 'NONE', 3,
 ( #3358, #3451, #4250, #1216 ),
 .UNSPECIFIED., .F., .F.,
 ( 4, 4 ),
 ( 0.000000000000000000, 0.9487178964904221523 ),
 .UNSPECIFIED. ) ;
#3408 = MECHANICAL_DESIGN_GEOMETRIC_PRESENTATION_REPRESENTATION (  '', ( #4173 ), #319 ) ;
#3409 = CIRCLE ( 'NONE', #599, 25.00000000000001421 ) ;
#3410 = CARTESIAN_POINT ( 'NONE',  ( 21.50145552413040306, 77.05527635326689051, 4.960655551757800374 ) ) ;
#3411 = EDGE_CURVE ( 'NONE', #4050, #4089, #593, .T. ) ;
#3412 = ORIENTED_EDGE ( 'NONE', *, *, #4459, .T. ) ;
#3413 = EDGE_CURVE ( 'NONE', #3640, #3253, #5543, .T. ) ;
#3414 = CARTESIAN_POINT ( 'NONE',  ( -19.80973107029697289, 41.96636152782040341, -19.80538839486723646 ) ) ;
#3415 =( GEOMETRIC_REPRESENTATION_CONTEXT ( 3 ) GLOBAL_UNCERTAINTY_ASSIGNED_CONTEXT ( ( #93 ) ) GLOBAL_UNIT_ASSIGNED_CONTEXT ( ( #1041, #1243, #5178 ) ) REPRESENTATION_CONTEXT ( 'NONE', 'WORKASPACE' ) );
#3416 = VECTOR ( 'NONE', #5599, 1000.000000000000114 ) ;
#3417 = CARTESIAN_POINT ( 'NONE',  ( -21.49854447586969997, 44.54542484137370906, 3.511696663276298480 ) ) ;
#3418 = CARTESIAN_POINT ( 'NONE',  ( 18.27274190526229347, 41.15043288646378983, -21.04239592168928752 ) ) ;
#3419 = ORIENTED_EDGE ( 'NONE', *, *, #1147, .T. ) ;
#3420 = ORIENTED_EDGE ( 'NONE', *, *, #262, .T. ) ;
#3421 = MECHANICAL_DESIGN_GEOMETRIC_PRESENTATION_REPRESENTATION (  '', ( #1361 ), #424 ) ;
#3422 = ORIENTED_EDGE ( 'NONE', *, *, #3033, .F. ) ;
#3423 = CARTESIAN_POINT ( 'NONE',  ( 19.99151582508786973, 33.33693145959540516, -4.114181597167898552 ) ) ;
#3424 = STYLED_ITEM ( 'NONE', ( #697 ), #4379 ) ;
#3425 = FACE_OUTER_BOUND ( 'NONE', #1584, .T. ) ;
#3426 = CARTESIAN_POINT ( 'NONE',  ( 10.99869747408849996, -20.46946932730794089, 41.78353990612919944 ) ) ;
#3427 = CYLINDRICAL_SURFACE ( 'NONE', #4392, 1.000000000000000888 ) ;
#3428 = ORIENTED_EDGE ( 'NONE', *, *, #2011, .T. ) ;
#3429 = CARTESIAN_POINT ( 'NONE',  ( -19.50000000000000000, 40.05656278030208739, -19.60609594886908269 ) ) ;
#3430 = ORIENTED_EDGE ( 'NONE', *, *, #2190, .T. ) ;
#3431 =( GEOMETRIC_REPRESENTATION_CONTEXT ( 3 ) GLOBAL_UNCERTAINTY_ASSIGNED_CONTEXT ( ( #4238 ) ) GLOBAL_UNIT_ASSIGNED_CONTEXT ( ( #820, #1887, #3765 ) ) REPRESENTATION_CONTEXT ( 'NONE', 'WORKASPACE' ) );
#3432 = CARTESIAN_POINT ( 'NONE',  ( 22.81421690124788171, 38.53306571785525847, -0.1052286162956459492 ) ) ;
#3433 = AXIS2_PLACEMENT_3D ( 'NONE', #4030, #3135, #1287 ) ;
#3434 =( LENGTH_UNIT ( ) NAMED_UNIT ( * ) SI_UNIT ( .MILLI., .METRE. ) );
#3435 = UNCERTAINTY_MEASURE_WITH_UNIT (LENGTH_MEASURE( 1.000000000000000082E-05 ), #889, 'distance_accuracy_value', 'NONE');
#3436 = B_SPLINE_SURFACE_WITH_KNOTS ( 'NONE', 1, 3, ( 
 ( #686, #2513, #5174, #5614, #770, #4763, #3472, #4330, #709 ),
 ( #3443, #5205, #4705, #1214, #5672, #5645, #3004, #1184, #4303 ) ),
 .UNSPECIFIED., .F., .F., .F.,
 ( 2, 2 ),
 ( 4, 2, 3, 4 ),
 ( 0.000000000000000000, 1.000000000000000000 ),
 ( 1.782147089369070958, 1.993626600607543597, 2.205106111846016237, 2.284403935438964250 ),
 .UNSPECIFIED. ) ;
#3437 = EDGE_LOOP ( 'NONE', ( #2111, #1596, #5191, #1160 ) ) ;
#3438 = CIRCLE ( 'NONE', #2695, 1.649999999999998579 ) ;
#3439 = ADVANCED_FACE ( 'NONE', ( #4674 ), #622, .F. ) ;
#3440 = SURFACE_STYLE_FILL_AREA ( #5667 ) ;
#3441 = ORIENTED_EDGE ( 'NONE', *, *, #4448, .F. ) ;
#3442 = VECTOR ( 'NONE', #1399, 1000.000000000000114 ) ;
#3443 = CARTESIAN_POINT ( 'NONE',  ( -19.50244010871195499, 44.11397377910926565, -20.83190429736473703 ) ) ;
#3444 = PRESENTATION_LAYER_ASSIGNMENT (  '', '', ( #2707 ) ) ;
#3445 = CARTESIAN_POINT ( 'NONE',  ( 23.99999952413039850, 49.36476938726910646, 3.407380266022498994 ) ) ;
#3446 = EDGE_CURVE ( 'NONE', #4423, #220, #1949, .T. ) ;
#3447 =( NAMED_UNIT ( * ) PLANE_ANGLE_UNIT ( ) SI_UNIT ( $, .RADIAN. ) );
#3448 = CARTESIAN_POINT ( 'NONE',  ( -11.00130252591150004, -20.46946932730794089, 17.58353990612919659 ) ) ;
#3449 = EDGE_CURVE ( 'NONE', #1434, #2507, #5652, .T. ) ;
#3450 = CIRCLE ( 'NONE', #1421, 7.000000000000001776 ) ;
#3451 = CARTESIAN_POINT ( 'NONE',  ( -24.00000047586969742, 47.21003203299063955, -10.34586681680447739 ) ) ;
#3452 =( NAMED_UNIT ( * ) PLANE_ANGLE_UNIT ( ) SI_UNIT ( $, .RADIAN. ) );
#3453 = ORIENTED_EDGE ( 'NONE', *, *, #3133, .F. ) ;
#3454 = VERTEX_POINT ( 'NONE', #3350 ) ;
#3455 = AXIS2_PLACEMENT_3D ( 'NONE', #702, #676, #1086 ) ;
#3456 = ORIENTED_EDGE ( 'NONE', *, *, #4704, .F. ) ;
#3457 = DIRECTION ( 'NONE',  ( -3.755793295842400481E-19, 0.8660269715269851565, 0.4999972845804250277 ) ) ;
#3458 = LINE ( 'NONE', #1698, #4756 ) ;
#3459 = PRESENTATION_STYLE_ASSIGNMENT (( #2023 ) ) ;
#3460 = FACE_OUTER_BOUND ( 'NONE', #5560, .T. ) ;
#3461 = VERTEX_POINT ( 'NONE', #5142 ) ;
#3462 = ORIENTED_EDGE ( 'NONE', *, *, #5448, .T. ) ;
#3463 = CARTESIAN_POINT ( 'NONE',  ( 19.23940422185331300, 43.54362624001178261, -20.98547933429680512 ) ) ;
#3464 = SURFACE_SIDE_STYLE ('',( #4346 ) ) ;
#3465 = FACE_OUTER_BOUND ( 'NONE', #2613, .T. ) ;
#3466 = EDGE_LOOP ( 'NONE', ( #2683, #3572, #3378, #933, #1661, #4574 ) ) ;
#3467 = ORIENTED_EDGE ( 'NONE', *, *, #1180, .F. ) ;
#3468 = AXIS2_PLACEMENT_3D ( 'NONE', #4948, #1803, #453 ) ;
#3469 = CIRCLE ( 'NONE', #5626, 29.64999999999999503 ) ;
#3470 = LINE ( 'NONE', #4817, #4739 ) ;
#3471 = ORIENTED_EDGE ( 'NONE', *, *, #2370, .F. ) ;
#3472 = CARTESIAN_POINT ( 'NONE',  ( -19.27438125839543304, 41.17138055848886324, -20.31675909123453039 ) ) ;
#3473 = VECTOR ( 'NONE', #1385, 1000.000000000000227 ) ;
#3474 = DIRECTION ( 'NONE',  ( 1.000000000000000000, 0.000000000000000000, 0.000000000000000000 ) ) ;
#3475 = FILL_AREA_STYLE_COLOUR ( '', #2712 ) ;
#3476 = EDGE_LOOP ( 'NONE', ( #2205, #1623, #2814, #3764 ) ) ;
#3477 = EDGE_LOOP ( 'NONE', ( #4287, #3688, #4934, #2548 ) ) ;
#3478 = AXIS2_PLACEMENT_3D ( 'NONE', #5453, #3734, #1082 ) ;
#3479 = STYLED_ITEM ( 'NONE', ( #2593 ), #4241 ) ;
#3480 = ADVANCED_FACE ( 'NONE', ( #1117, #96 ), #1002, .T. ) ;
#3481 = CARTESIAN_POINT ( 'NONE',  ( -23.24951924656969737, 38.26170113049310118, -0.1161866426588609169 ) ) ;
#3482 = EDGE_CURVE ( 'NONE', #5126, #19, #5544, .T. ) ;
#3483 = CARTESIAN_POINT ( 'NONE',  ( 21.50145552413040306, 75.66667514571639686, 6.608437384583800700 ) ) ;
#3484 = DIRECTION ( 'NONE',  ( 0.000000000000000000, -0.4999972845804206423, 0.8660269715269878210 ) ) ;
#3485 = ORIENTED_EDGE ( 'NONE', *, *, #4312, .T. ) ;
#3486 = ORIENTED_EDGE ( 'NONE', *, *, #4215, .F. ) ;
#3487 = LINE ( 'NONE', #2170, #656 ) ;
#3488 = CARTESIAN_POINT ( 'NONE',  ( -23.13866487347625522, 38.56262559069280371, -0.5151376591126457516 ) ) ;
#3489 = ADVANCED_FACE ( 'NONE', ( #2478 ), #867, .T. ) ;
#3490 = CIRCLE ( 'NONE', #587, 1.000000000000000888 ) ;
#3491 = FACE_OUTER_BOUND ( 'NONE', #1849, .T. ) ;
#3492 = CARTESIAN_POINT ( 'NONE',  ( -11.00130252591150004, -20.46946932730794089, 13.88353990612919908 ) ) ;
#3493 = EDGE_LOOP ( 'NONE', ( #5445, #1478, #2832, #5547 ) ) ;
#3494 = ORIENTED_EDGE ( 'NONE', *, *, #5000, .F. ) ;
#3495 = DIRECTION ( 'NONE',  ( 1.000000000000000000, 4.336808689942019662E-19, -2.407412430484050162E-35 ) ) ;
#3496 =( GEOMETRIC_REPRESENTATION_CONTEXT ( 3 ) GLOBAL_UNCERTAINTY_ASSIGNED_CONTEXT ( ( #4555 ) ) GLOBAL_UNIT_ASSIGNED_CONTEXT ( ( #1706, #3081, #5306 ) ) REPRESENTATION_CONTEXT ( 'NONE', 'WORKASPACE' ) );
#3497 = DIRECTION ( 'NONE',  ( -1.000000000000000000, -0.000000000000000000, -0.000000000000000000 ) ) ;
#3498 = VERTEX_POINT ( 'NONE', #4023 ) ;
#3499 = SURFACE_STYLE_USAGE ( .BOTH. , #5319 ) ;
#3500 = FACE_OUTER_BOUND ( 'NONE', #4245, .T. ) ;
#3501 = SURFACE_STYLE_FILL_AREA ( #4305 ) ;
#3502 = VECTOR ( 'NONE', #3270, 1000.000000000000000 ) ;
#3503 = DIRECTION ( 'NONE',  ( -2.168392568715800493E-19, 0.4999972845804250832, -0.8660269715269852675 ) ) ;
#3504 = ORIENTED_EDGE ( 'NONE', *, *, #4806, .F. ) ;
#3505 = UNCERTAINTY_MEASURE_WITH_UNIT (LENGTH_MEASURE( 1.000000000000000082E-05 ), #4038, 'distance_accuracy_value', 'NONE');
#3506 = B_SPLINE_CURVE_WITH_KNOTS ( 'NONE', 3,
 ( #5615, #3898, #5176, #1155, #2514, #4304, #282, #3414, #5237, #2067 ),
 .UNSPECIFIED., .F., .F.,
 ( 4, 2, 2, 2, 4 ),
 ( 0.000000000000000000, 0.0005713434294733754637, 0.001142686858946750927, 0.001714030288420126391, 0.002285373717893501855 ),
 .UNSPECIFIED. ) ;
#3507 = SURFACE_STYLE_FILL_AREA ( #832 ) ;
#3508 = CARTESIAN_POINT ( 'NONE',  ( -19.50000000000000000, -9.788005210557699343, 25.52349824875212292 ) ) ;
#3509 = FACE_OUTER_BOUND ( 'NONE', #4505, .T. ) ;
#3510 = FACE_OUTER_BOUND ( 'NONE', #2587, .T. ) ;
#3511 = VERTEX_POINT ( 'NONE', #3623 ) ;
#3512 = EDGE_CURVE ( 'NONE', #2389, #592, #4113, .T. ) ;
#3513 = ORIENTED_EDGE ( 'NONE', *, *, #793, .T. ) ;
#3514 = DIRECTION ( 'NONE',  ( -2.168392568715800493E-19, 0.4999972845804250832, -0.8660269715269852675 ) ) ;
#3515 = CARTESIAN_POINT ( 'NONE',  ( 19.50000000000000000, 8.288142609450611431, -5.795406896101386707 ) ) ;
#3516 = PRESENTATION_LAYER_ASSIGNMENT (  '', '', ( #4276 ) ) ;
#3517 = EDGE_CURVE ( 'NONE', #3550, #5057, #1397, .T. ) ;
#3518 = SURFACE_STYLE_USAGE ( .BOTH. , #5256 ) ;
#3519 = LINE ( 'NONE', #4841, #5260 ) ;
#3520 = ORIENTED_EDGE ( 'NONE', *, *, #2124, .T. ) ;
#3521 = AXIS2_PLACEMENT_3D ( 'NONE', #1976, #3777, #2537 ) ;
#3522 = ADVANCED_FACE ( 'NONE', ( #1751, #514 ), #1372, .T. ) ;
#3523 = MANIFOLD_SOLID_BREP ( 'Ô²½Ç16', #486 ) ;
#3524 = ORIENTED_EDGE ( 'NONE', *, *, #3930, .T. ) ;
#3525 = FACE_OUTER_BOUND ( 'NONE', #5242, .T. ) ;
#3526 = VERTEX_POINT ( 'NONE', #3097 ) ;
#3527 = AXIS2_PLACEMENT_3D ( 'NONE', #3330, #5125, #1984 ) ;
#3528 = AXIS2_PLACEMENT_3D ( 'NONE', #1003, #1482, #1974 ) ;
#3529 = FACE_OUTER_BOUND ( 'NONE', #3799, .T. ) ;
#3530 = DIRECTION ( 'NONE',  ( -1.000000000000000000, 0.000000000000000000, 0.000000000000000000 ) ) ;
#3531 = CARTESIAN_POINT ( 'NONE',  ( 19.38149397125145867, 41.42425091561869976, -20.35012205320508016 ) ) ;
#3532 = SURFACE_STYLE_USAGE ( .BOTH. , #3155 ) ;
#3533 = AXIS2_PLACEMENT_3D ( 'NONE', #5674, #2949, #4737 ) ;
#3534 = SURFACE_SIDE_STYLE ('',( #1689 ) ) ;
#3535 = CARTESIAN_POINT ( 'NONE',  ( -18.49999999999997158, -9.083371239745002157, 26.23306922277573250 ) ) ;
#3536 = VERTEX_POINT ( 'NONE', #4892 ) ;
#3537 = DIRECTION ( 'NONE',  ( -1.000000000000000000, -4.336808689942019662E-19, 0.000000000000000000 ) ) ;
#3538 = DIRECTION ( 'NONE',  ( 2.168392568715800252E-19, -0.4999972845804250277, 0.8660269715269851565 ) ) ;
#3539 = CARTESIAN_POINT ( 'NONE',  ( 19.42259938467536173, 32.36907724883413806, -3.844724312245104691 ) ) ;
#3540 = CARTESIAN_POINT ( 'NONE',  ( 25.08431120346820009, 25.10886465487598684, -7.709925335051036832 ) ) ;
#3541 = DIRECTION ( 'NONE',  ( 0.8771210437280320127, -0.4159262342296610182, -0.2401333844532679562 ) ) ;
#3542 = DIRECTION ( 'NONE',  ( 0.000000000000000000, 0.000000000000000000, -1.000000000000000000 ) ) ;
#3543 = FILL_AREA_STYLE ('',( #1403 ) ) ;
#3544 = EDGE_LOOP ( 'NONE', ( #3906, #2457 ) ) ;
#3545 = ORIENTED_EDGE ( 'NONE', *, *, #1229, .F. ) ;
#3546 = CARTESIAN_POINT ( 'NONE',  ( 15.49999951637467710, 87.41648931872039441, 4.014470641529261030 ) ) ;
#3547 = EDGE_CURVE ( 'NONE', #4202, #4771, #920, .T. ) ;
#3548 =( NAMED_UNIT ( * ) SI_UNIT ( $, .STERADIAN. ) SOLID_ANGLE_UNIT ( ) );
#3549 = DIRECTION ( 'NONE',  ( 2.212683231814677350E-35, -0.8660269715269851565, -0.4999972845804250277 ) ) ;
#3550 = VERTEX_POINT ( 'NONE', #1425 ) ;
#3551 = EDGE_CURVE ( 'NONE', #3948, #3308, #392, .T. ) ;
#3552 = FILL_AREA_STYLE ('',( #2711 ) ) ;
#3553 = VECTOR ( 'NONE', #517, 999.9999999999997726 ) ;
#3554 = EDGE_CURVE ( 'NONE', #569, #3323, #2665, .T. ) ;
#3555 = SURFACE_STYLE_FILL_AREA ( #3035 ) ;
#3556 =( NAMED_UNIT ( * ) PLANE_ANGLE_UNIT ( ) SI_UNIT ( $, .RADIAN. ) );
#3557 = ORIENTED_EDGE ( 'NONE', *, *, #1539, .T. ) ;
#3558 = CARTESIAN_POINT ( 'NONE',  ( 13.90145552412403163, 67.67107436790877273, -7.385467446901107458 ) ) ;
#3559 = CARTESIAN_POINT ( 'NONE',  ( -18.36214668993802945, 32.05723306756679847, -3.698312010255720317 ) ) ;
#3560 = DIRECTION ( 'NONE',  ( 1.000000000000000000, -0.000000000000000000, -0.000000000000000000 ) ) ;
#3561 = FILL_AREA_STYLE_COLOUR ( '', #4499 ) ;
#3562 = ORIENTED_EDGE ( 'NONE', *, *, #5238, .T. ) ;
#3563 = UNCERTAINTY_MEASURE_WITH_UNIT (LENGTH_MEASURE( 1.000000000000000082E-05 ), #5649, 'distance_accuracy_value', 'NONE');
#3564 = CARTESIAN_POINT ( 'NONE',  ( 21.50145552413040306, 47.96698619673291120, 1.585765572708199622 ) ) ;
#3565 = SURFACE_STYLE_USAGE ( .BOTH. , #1777 ) ;
#3566 = LINE ( 'NONE', #1341, #348 ) ;
#3567 = FACE_OUTER_BOUND ( 'NONE', #2636, .T. ) ;
#3568 = AXIS2_PLACEMENT_3D ( 'NONE', #4552, #4612, #2319 ) ;
#3569 = LINE ( 'NONE', #3602, #2386 ) ;
#3570 = DIRECTION ( 'NONE',  ( 0.000000000000000000, -0.4999972845804205313, 0.8660269715269875990 ) ) ;
#3571 = ORIENTED_EDGE ( 'NONE', *, *, #1327, .F. ) ;
#3572 = ORIENTED_EDGE ( 'NONE', *, *, #2606, .T. ) ;
#3573 = VECTOR ( 'NONE', #242, 1000.000000000000000 ) ;
#3574 = CARTESIAN_POINT ( 'NONE',  ( -21.49854447586969997, 72.15339799913721208, 19.45105197840299738 ) ) ;
#3575 = DIRECTION ( 'NONE',  ( 0.000000000000000000, -1.000000000000000000, 5.551115123125790098E-17 ) ) ;
#3576 = SURFACE_STYLE_USAGE ( .BOTH. , #1999 ) ;
#3577 =( NAMED_UNIT ( * ) PLANE_ANGLE_UNIT ( ) SI_UNIT ( $, .RADIAN. ) );
#3578 = PRESENTATION_LAYER_ASSIGNMENT (  '', '', ( #1426 ) ) ;
#3580 = ORIENTED_EDGE ( 'NONE', *, *, #3967, .F. ) ;
#3579 = VECTOR ( 'NONE', #1358, 1000.000000000000000 ) ;
#3581 = VERTEX_POINT ( 'NONE', #597 ) ;
#3582 = AXIS2_PLACEMENT_3D ( 'NONE', #2784, #543, #485 ) ;
#3583 = CARTESIAN_POINT ( 'NONE',  ( 19.50000000000000000, 19.33798309278793681, 17.73969508567892461 ) ) ;
#3584 = CARTESIAN_POINT ( 'NONE',  ( 15.71133264272425301, -26.62172815898051326, 38.46065016628878652 ) ) ;
#3585 = ORIENTED_EDGE ( 'NONE', *, *, #1260, .T. ) ;
#3586 = EDGE_CURVE ( 'NONE', #4910, #1817, #4679, .T. ) ;
#3587 =( LENGTH_UNIT ( ) NAMED_UNIT ( * ) SI_UNIT ( .MILLI., .METRE. ) );
#3588 = DIRECTION ( 'NONE',  ( -2.168392568715800012E-19, 0.4999972845804249721, -0.8660269715269850455 ) ) ;
#3589 = CARTESIAN_POINT ( 'NONE',  ( 21.50121047618020143, 52.04583421268620214, -9.478448041984034234 ) ) ;
#3590 = FACE_BOUND ( 'NONE', #5520, .T. ) ;
#3591 = EDGE_CURVE ( 'NONE', #3820, #2120, #101, .T. ) ;
#3592 = SURFACE_STYLE_USAGE ( .BOTH. , #3534 ) ;
#3593 = ORIENTED_EDGE ( 'NONE', *, *, #546, .F. ) ;
#3594 = B_SPLINE_CURVE_WITH_KNOTS ( 'NONE', 3,
 ( #1074, #3261, #3663, #4521 ),
 .UNSPECIFIED., .F., .F.,
 ( 4, 4 ),
 ( 0.000000000000000000, 0.002077243117280272184 ),
 .UNSPECIFIED. ) ;
#3595 = VECTOR ( 'NONE', #2967, 1000.000000000000000 ) ;
#3596 = ADVANCED_FACE ( 'NONE', ( #1893 ), #571, .F. ) ;
#3597 = FACE_OUTER_BOUND ( 'NONE', #4630, .T. ) ;
#3598 = AXIS2_PLACEMENT_3D ( 'NONE', #1154, #3384, #2948 ) ;
#3599 = DIRECTION ( 'NONE',  ( -1.000000000000000000, -4.336808689942019662E-19, 2.407412430484050162E-35 ) ) ;
#3600 = CARTESIAN_POINT ( 'NONE',  ( -24.00000047578970097, 80.17129109802100118, 1.563531460108000370 ) ) ;
#3601 = CARTESIAN_POINT ( 'NONE',  ( 22.99999952413039850, 56.99792599741600441, 10.70109949824630036 ) ) ;
#3602 = CARTESIAN_POINT ( 'NONE',  ( -27.18128160681664340, -18.65075093412373519, 33.10225829931277985 ) ) ;
#3603 = CARTESIAN_POINT ( 'NONE',  ( 19.50000000000000000, -9.788005210557660263, 25.52349824875215845 ) ) ;
#3604 = CARTESIAN_POINT ( 'NONE',  ( -24.00000047586969742, 50.54335923001124797, -16.11938833931891324 ) ) ;
#3605 = ORIENTED_EDGE ( 'NONE', *, *, #1619, .F. ) ;
#3606 = ORIENTED_EDGE ( 'NONE', *, *, #5308, .F. ) ;
#3607 = FILL_AREA_STYLE_COLOUR ( '', #4788 ) ;
#3608 = CARTESIAN_POINT ( 'NONE',  ( 15.49999952413029902, 80.42128974771279104, 1.130517978717639149 ) ) ;
#3609 = EDGE_LOOP ( 'NONE', ( #492, #4269, #3348, #664 ) ) ;
#3610 =( LENGTH_UNIT ( ) NAMED_UNIT ( * ) SI_UNIT ( .MILLI., .METRE. ) );
#3611 = FILL_AREA_STYLE ('',( #1914 ) ) ;
#3612 = AXIS2_PLACEMENT_3D ( 'NONE', #2872, #5587, #1490 ) ;
#3613 = ORIENTED_EDGE ( 'NONE', *, *, #1910, .F. ) ;
#3614 = AXIS2_PLACEMENT_3D ( 'NONE', #2641, #1755, #3996 ) ;
#3615 = FACE_OUTER_BOUND ( 'NONE', #3437, .T. ) ;
#3616 = PRESENTATION_LAYER_ASSIGNMENT (  '', '', ( #4291 ) ) ;
#3617 =( NAMED_UNIT ( * ) PLANE_ANGLE_UNIT ( ) SI_UNIT ( $, .RADIAN. ) );
#3618 = VECTOR ( 'NONE', #4188, 999.9999999999998863 ) ;
#3619 = PLANE ( 'NONE',  #5122 ) ;
#3620 = FACE_OUTER_BOUND ( 'NONE', #4866, .T. ) ;
#3621 = ORIENTED_EDGE ( 'NONE', *, *, #3199, .T. ) ;
#3622 =( GEOMETRIC_REPRESENTATION_CONTEXT ( 3 ) GLOBAL_UNCERTAINTY_ASSIGNED_CONTEXT ( ( #1143 ) ) GLOBAL_UNIT_ASSIGNED_CONTEXT ( ( #623, #2327, #5433 ) ) REPRESENTATION_CONTEXT ( 'NONE', 'WORKASPACE' ) );
#3623 = CARTESIAN_POINT ( 'NONE',  ( 19.50000000000000000, 8.768473530597937327, 7.096130475325220566 ) ) ;
#3624 = ADVANCED_FACE ( 'NONE', ( #1488 ), #3299, .T. ) ;
#3625 = COLOUR_RGB ( '',0.6274509803921568540, 0.6274509803921568540, 0.6274509803921568540 ) ;
#3626 = PLANE ( 'NONE',  #2367 ) ;
#3627 = FILL_AREA_STYLE ('',( #865 ) ) ;
#3628 = EDGE_CURVE ( 'NONE', #371, #802, #1862, .T. ) ;
#3629 = AXIS2_PLACEMENT_3D ( 'NONE', #3797, #2077, #4315 ) ;
#3630 = DIRECTION ( 'NONE',  ( 1.000000000000000000, 4.336808689942019662E-19, -2.407412430484049093E-35 ) ) ;
#3631 = ORIENTED_EDGE ( 'NONE', *, *, #788, .T. ) ;
#3632 = EDGE_LOOP ( 'NONE', ( #3471, #327, #5336, #1226, #3631 ) ) ;
#3633 = AXIS2_PLACEMENT_3D ( 'NONE', #5339, #2118, #1788 ) ;
#3634 = DIRECTION ( 'NONE',  ( -0.000000000000000000, 0.4249938647437424000, 0.9051962300684739393 ) ) ;
#3635 = CARTESIAN_POINT ( 'NONE',  ( -22.60382707447175576, 38.58452059832967507, 0.03962538381449699776 ) ) ;
#3636 = FILL_AREA_STYLE ('',( #2285 ) ) ;
#3637 = EDGE_CURVE ( 'NONE', #3865, #5133, #1349, .T. ) ;
#3638 = CARTESIAN_POINT ( 'NONE',  ( 19.50200000000433675, -15.46946932731193414, 37.78353990612920654 ) ) ;
#3639 = DIRECTION ( 'NONE',  ( 3.926927030438489722E-51, 5.551115123125790098E-17, 1.000000000000000000 ) ) ;
#3640 = VERTEX_POINT ( 'NONE', #1572 ) ;
#3641 = CARTESIAN_POINT ( 'NONE',  ( 18.50000000000001421, 1.017499851658588916, -0.7091502389341766133 ) ) ;
#3642 = CARTESIAN_POINT ( 'NONE',  ( 19.92628863444781828, 44.99287187442620706, -20.46928019929056575 ) ) ;
#3643 = DIRECTION ( 'NONE',  ( 0.7071067811865430208, 0.000000000000000000, -0.7071067811865521247 ) ) ;
#3644 = EDGE_LOOP ( 'NONE', ( #4711, #3390, #3243, #5503 ) ) ;
#3645 =( NAMED_UNIT ( * ) SI_UNIT ( $, .STERADIAN. ) SOLID_ANGLE_UNIT ( ) );
#3646 = CARTESIAN_POINT ( 'NONE',  ( 15.09869747408849960, -26.62172815897734779, 14.58353990612919837 ) ) ;
#3647 = FILL_AREA_STYLE_COLOUR ( '', #805 ) ;
#3648 = ORIENTED_EDGE ( 'NONE', *, *, #2445, .F. ) ;
#3649 = DIRECTION ( 'NONE',  ( 2.168392568715800493E-19, -0.4999972845804250832, 0.8660269715269851565 ) ) ;
#3650 = LINE ( 'NONE', #2224, #4619 ) ;
#3651 = FILL_AREA_STYLE_COLOUR ( '', #336 ) ;
#3652 = CARTESIAN_POINT ( 'NONE',  ( -18.50000000000002842, -12.80004193970219006, 13.01225282819994256 ) ) ;
#3653 = ADVANCED_FACE ( 'NONE', ( #981 ), #2424, .T. ) ;
#3654 = SURFACE_STYLE_FILL_AREA ( #3543 ) ;
#3655 = EDGE_LOOP ( 'NONE', ( #5742, #3012 ) ) ;
#3656 = ORIENTED_EDGE ( 'NONE', *, *, #2985, .T. ) ;
#3657 = ORIENTED_EDGE ( 'NONE', *, *, #2669, .T. ) ;
#3658 = EDGE_CURVE ( 'NONE', #2745, #5154, #191, .T. ) ;
#3659 = CARTESIAN_POINT ( 'NONE',  ( 21.50145552413040306, 67.56408251622869443, 13.91468251512480236 ) ) ;
#3660 = CARTESIAN_POINT ( 'NONE',  ( 21.50121047618020143, 52.04583421268620214, -9.478448041984034234 ) ) ;
#3661 =( LENGTH_UNIT ( ) NAMED_UNIT ( * ) SI_UNIT ( .MILLI., .METRE. ) );
#3662 = SURFACE_STYLE_FILL_AREA ( #5398 ) ;
#3663 = CARTESIAN_POINT ( 'NONE',  ( -15.71393769454608780, -26.62172815897734779, 38.46065016628678990 ) ) ;
#3664 =( NAMED_UNIT ( * ) PLANE_ANGLE_UNIT ( ) SI_UNIT ( $, .RADIAN. ) );
#3665 = VERTEX_POINT ( 'NONE', #1980 ) ;
#3666 = PRESENTATION_LAYER_ASSIGNMENT (  '', '', ( #209 ) ) ;
#3667 = EDGE_CURVE ( 'NONE', #441, #1045, #134, .T. ) ;
#3668 = CARTESIAN_POINT ( 'NONE',  ( 23.52198618289355991, 40.59729941211059412, 1.107816462486319598 ) ) ;
#3669 = FACE_OUTER_BOUND ( 'NONE', #5373, .T. ) ;
#3670 = UNCERTAINTY_MEASURE_WITH_UNIT (LENGTH_MEASURE( 1.000000000000000082E-05 ), #4912, 'distance_accuracy_value', 'NONE');
#3671 = ORIENTED_EDGE ( 'NONE', *, *, #3512, .F. ) ;
#3672 =( GEOMETRIC_REPRESENTATION_CONTEXT ( 3 ) GLOBAL_UNCERTAINTY_ASSIGNED_CONTEXT ( ( #1502 ) ) GLOBAL_UNIT_ASSIGNED_CONTEXT ( ( #3825, #1965, #2494 ) ) REPRESENTATION_CONTEXT ( 'NONE', 'WORKASPACE' ) );
#3673 = CARTESIAN_POINT ( 'NONE',  ( -18.64577123692392391, 42.11219386264478004, -21.12331020988068886 ) ) ;
#3674 = DIRECTION ( 'NONE',  ( -1.122461818611769685E-19, 0.2588220737555249062, 0.9659250147588526181 ) ) ;
#3675 = CARTESIAN_POINT ( 'NONE',  ( 23.50000000000000000, 18.71055551616277413, 17.37745222847285831 ) ) ;
#3676 = AXIS2_PLACEMENT_3D ( 'NONE', #5065, #4221, #572 ) ;
#3677 = FACE_OUTER_BOUND ( 'NONE', #4457, .T. ) ;
#3678 = SURFACE_STYLE_USAGE ( .BOTH. , #5497 ) ;
#3679 = ORIENTED_EDGE ( 'NONE', *, *, #4891, .T. ) ;
#3680 =( LENGTH_UNIT ( ) NAMED_UNIT ( * ) SI_UNIT ( .MILLI., .METRE. ) );
#3681 = CARTESIAN_POINT ( 'NONE',  ( 15.71133264272310193, -26.62172815897734779, 16.70642964597162816 ) ) ;
#3682 = DIRECTION ( 'NONE',  ( -4.336808689942019662E-19, 1.000000000000000000, 0.000000000000000000 ) ) ;
#3683 = PRESENTATION_LAYER_ASSIGNMENT (  '', '', ( #4715 ) ) ;
#3684 = CARTESIAN_POINT ( 'NONE',  ( 12.64869747408850031, -20.46946932730794089, 17.58353990612919659 ) ) ;
#3685 = SURFACE_STYLE_USAGE ( .BOTH. , #165 ) ;
#3686 = SURFACE_SIDE_STYLE ('',( #604 ) ) ;
#3687 = EDGE_LOOP ( 'NONE', ( #999, #1202, #605, #2265, #4111, #200, #2493, #1875, #2703 ) ) ;
#3688 = ORIENTED_EDGE ( 'NONE', *, *, #3482, .F. ) ;
#3689 = ORIENTED_EDGE ( 'NONE', *, *, #3967, .T. ) ;
#3690 = FACE_OUTER_BOUND ( 'NONE', #1650, .T. ) ;
#3691 = DIRECTION ( 'NONE',  ( 1.000000000000000000, -3.907483657077149921E-15, 1.458454605699429936E-14 ) ) ;
#3692 = DIRECTION ( 'NONE',  ( 4.189031997838570992E-19, -0.9659250147588526181, 0.2588220737555249062 ) ) ;
#3693 = CARTESIAN_POINT ( 'NONE',  ( -18.36214668993802945, 32.05723306756679847, -3.698312010255720317 ) ) ;
#3694 = FACE_OUTER_BOUND ( 'NONE', #782, .T. ) ;
#3695 = EDGE_CURVE ( 'NONE', #3756, #2299, #4626, .T. ) ;
#3696 = CARTESIAN_POINT ( 'NONE',  ( 20.94936756407807010, 44.36191610501383309, -19.68822034906279228 ) ) ;
#3697 = ORIENTED_EDGE ( 'NONE', *, *, #5668, .T. ) ;
#3698 = LINE ( 'NONE', #3641, #5356 ) ;
#3699 = EDGE_CURVE ( 'NONE', #4226, #5435, #5551, .T. ) ;
#3700 = CARTESIAN_POINT ( 'NONE',  ( 19.84490860336891771, 44.82993117483618306, -20.54924366925014212 ) ) ;
#3701 = FILL_AREA_STYLE_COLOUR ( '', #814 ) ;
#3702 = ADVANCED_FACE ( 'NONE', ( #2427 ), #1429, .F. ) ;
#3703 = CARTESIAN_POINT ( 'NONE',  ( 16.91939485923746034, -26.62172815897734779, 37.78353990612920654 ) ) ;
#3704 = ORIENTED_EDGE ( 'NONE', *, *, #5515, .F. ) ;
#3705 = AXIS2_PLACEMENT_3D ( 'NONE', #366, #2617, #5358 ) ;
#3706 = CARTESIAN_POINT ( 'NONE',  ( -19.50244010875757894, 44.11397377908137685, -20.83190429737373606 ) ) ;
#3707 = MECHANICAL_DESIGN_GEOMETRIC_PRESENTATION_REPRESENTATION (  '', ( #3424 ), #5670 ) ;
#3708 = PRESENTATION_STYLE_ASSIGNMENT (( #128 ) ) ;
#3709 = DIRECTION ( 'NONE',  ( 1.000000000000000000, 0.000000000000000000, 0.000000000000000000 ) ) ;
#3710 = CARTESIAN_POINT ( 'NONE',  ( 19.79726105495200983, 32.96165496700469077, -4.122942323147867683 ) ) ;
#3711 =( NAMED_UNIT ( * ) PLANE_ANGLE_UNIT ( ) SI_UNIT ( $, .RADIAN. ) );
#3712 = ORIENTED_EDGE ( 'NONE', *, *, #2376, .T. ) ;
#3713 =( GEOMETRIC_REPRESENTATION_CONTEXT ( 3 ) GLOBAL_UNCERTAINTY_ASSIGNED_CONTEXT ( ( #4051 ) ) GLOBAL_UNIT_ASSIGNED_CONTEXT ( ( #4730, #4327, #3893 ) ) REPRESENTATION_CONTEXT ( 'NONE', 'WORKASPACE' ) );
#3714 = AXIS2_PLACEMENT_3D ( 'NONE', #1771, #4884, #857 ) ;
#3715 = CARTESIAN_POINT ( 'NONE',  ( -6.598544480105659638, 67.42107572350370504, -6.952453957474550528 ) ) ;
#3716 = DIRECTION ( 'NONE',  ( 0.000000000000000000, -0.7095709740235812690, 0.7046339708126667656 ) ) ;
#3717 = VECTOR ( 'NONE', #2919, 1000.000000000000000 ) ;
#3718 = DIRECTION ( 'NONE',  ( 0.000000000000000000, 0.000000000000000000, -1.000000000000000000 ) ) ;
#3719 = PRESENTATION_STYLE_ASSIGNMENT (( #1929 ) ) ;
#3720 =( GEOMETRIC_REPRESENTATION_CONTEXT ( 3 ) GLOBAL_UNCERTAINTY_ASSIGNED_CONTEXT ( ( #677 ) ) GLOBAL_UNIT_ASSIGNED_CONTEXT ( ( #5807, #4963, #1787 ) ) REPRESENTATION_CONTEXT ( 'NONE', 'WORKASPACE' ) );
#3721 = SURFACE_STYLE_FILL_AREA ( #4199 ) ;
#3722 = EDGE_LOOP ( 'NONE', ( #1692, #2758 ) ) ;
#3723 = ORIENTED_EDGE ( 'NONE', *, *, #5747, .F. ) ;
#3724 = LINE ( 'NONE', #2371, #1317 ) ;
#3725 = LINE ( 'NONE', #5506, #1711 ) ;
#3726 =( BOUNDED_CURVE ( )  B_SPLINE_CURVE ( 3, ( #5463, #594, #3710, #540 ),
 .UNSPECIFIED., .F., .T. ) 
 B_SPLINE_CURVE_WITH_KNOTS ( ( 4, 4 ),
 ( 4.108585970891535766, 4.379072170403735420 ),
 .UNSPECIFIED. ) 
 CURVE ( )  GEOMETRIC_REPRESENTATION_ITEM ( )  RATIONAL_B_SPLINE_CURVE ( ( 1.000000000000000000, 0.9939123887021330539, 0.9939123887021330539, 1.000000000000000000 ) ) 
 REPRESENTATION_ITEM ( '' )  );
#3727 = AXIS2_PLACEMENT_3D ( 'NONE', #4933, #2286, #3260 ) ;
#3728 = CARTESIAN_POINT ( 'NONE',  ( -18.49999999999997158, 32.06501575326566922, -3.701966017602593695 ) ) ;
#3729 = CARTESIAN_POINT ( 'NONE',  ( 10.00145552413030003, 66.17108251417249676, -4.787386532327980504 ) ) ;
#3730 = CARTESIAN_POINT ( 'NONE',  ( -19.53450937014899580, 44.18244043826475576, -20.80980295071680430 ) ) ;
#3731 = EDGE_LOOP ( 'NONE', ( #493, #1748, #2311, #2731 ) ) ;
#3732 = CIRCLE ( 'NONE', #3162, 1.650000000000000355 ) ;
#3733 = STYLED_ITEM ( 'NONE', ( #4927 ), #4591 ) ;
#3734 = DIRECTION ( 'NONE',  ( 2.168392568715800012E-19, -0.4999972845804249721, 0.8660269715269850455 ) ) ;
#3735 = COLOUR_RGB ( '',0.9254901960784314152, 0.9254901960784314152, 0.9254901960784314152 ) ;
#3736 = ADVANCED_FACE ( 'NONE', ( #1514 ), #5009, .T. ) ;
#3737 = LINE ( 'NONE', #5513, #4384 ) ;
#3738 = SURFACE_STYLE_FILL_AREA ( #2860 ) ;
#3739 = UNCERTAINTY_MEASURE_WITH_UNIT (LENGTH_MEASURE( 1.000000000000000082E-05 ), #3219, 'distance_accuracy_value', 'NONE');
#3740 = VECTOR ( 'NONE', #4213, 999.9999999999998863 ) ;
#3741 = EDGE_CURVE ( 'NONE', #4842, #4771, #1356, .T. ) ;
#3742 = EDGE_CURVE ( 'NONE', #3167, #3331, #2581, .T. ) ;
#3743 = LINE ( 'NONE', #5432, #3502 ) ;
#3744 = STYLED_ITEM ( 'NONE', ( #4390 ), #4670 ) ;
#3745 =( NAMED_UNIT ( * ) SI_UNIT ( $, .STERADIAN. ) SOLID_ANGLE_UNIT ( ) );
#3746 = DIRECTION ( 'NONE',  ( 4.911672425368290049E-12, -0.4999972841881789032, 0.8660269717534468947 ) ) ;
#3747 = FILL_AREA_STYLE_COLOUR ( '', #3625 ) ;
#3748 = EDGE_LOOP ( 'NONE', ( #5259, #795 ) ) ;
#3749 = EDGE_CURVE ( 'NONE', #1679, #3253, #602, .T. ) ;
#3750 = CARTESIAN_POINT ( 'NONE',  ( 21.48357738733508526, 73.28748149412223256, 12.48666894134698602 ) ) ;
#3751 = CARTESIAN_POINT ( 'NONE',  ( 15.09869747408849960, -26.62172815897734779, 16.38353990612920086 ) ) ;
#3752 = CYLINDRICAL_SURFACE ( 'NONE', #3612, 2.999999999999999556 ) ;
#3753 = CARTESIAN_POINT ( 'NONE',  ( 15.49999952413029902, 116.2443821252229981, -60.91734739811199972 ) ) ;
#3754 = SURFACE_STYLE_USAGE ( .BOTH. , #4984 ) ;
#3755 = PLANE ( 'NONE',  #4216 ) ;
#3756 = VERTEX_POINT ( 'NONE', #2392 ) ;
#3757 = EDGE_LOOP ( 'NONE', ( #2062, #3993, #1495, #2955 ) ) ;
#3758 = CARTESIAN_POINT ( 'NONE',  ( 13.66873190018350037, -26.62172815897734779, 17.38353990612920086 ) ) ;
#3759 = CARTESIAN_POINT ( 'NONE',  ( -86.57147018215970036, 50.86476124100940410, 0.8092993514415992573 ) ) ;
#3760 = DIRECTION ( 'NONE',  ( 0.7071067811865429098, -3.894565278375801619E-17, -0.7071067811865522357 ) ) ;
#3761 =( NAMED_UNIT ( * ) SI_UNIT ( $, .STERADIAN. ) SOLID_ANGLE_UNIT ( ) );
#3762 = CARTESIAN_POINT ( 'NONE',  ( 10.99869747408849996, -20.46946932730794089, 17.38353990612920086 ) ) ;
#3763 = FILL_AREA_STYLE ('',( #2435 ) ) ;
#3764 = ORIENTED_EDGE ( 'NONE', *, *, #3863, .F. ) ;
#3765 =( NAMED_UNIT ( * ) SI_UNIT ( $, .STERADIAN. ) SOLID_ANGLE_UNIT ( ) );
#3766 = COLOUR_RGB ( '',0.9254901960784314152, 0.9254901960784314152, 0.9254901960784314152 ) ;
#3767 = DIRECTION ( 'NONE',  ( 3.926927030438489722E-51, 5.551115123125790098E-17, 1.000000000000000000 ) ) ;
#3768 = CARTESIAN_POINT ( 'NONE',  ( -19.66705449743779610, 33.55638251270621453, -5.691453114943459290 ) ) ;
#3769 = CARTESIAN_POINT ( 'NONE',  ( 23.99999952402784231, 80.42128973984461027, 1.130517974174969575 ) ) ;
#3770 =( GEOMETRIC_REPRESENTATION_CONTEXT ( 3 ) GLOBAL_UNCERTAINTY_ASSIGNED_CONTEXT ( ( #1027 ) ) GLOBAL_UNIT_ASSIGNED_CONTEXT ( ( #3434, #5749, #2624 ) ) REPRESENTATION_CONTEXT ( 'NONE', 'WORKASPACE' ) );
#3771 = B_SPLINE_CURVE_WITH_KNOTS ( 'NONE', 3,
 ( #4232, #3584, #1418, #4102 ),
 .UNSPECIFIED., .F., .F.,
 ( 4, 4 ),
 ( 1.718809856145421148E-15, 0.002077243117282002137 ),
 .UNSPECIFIED. ) ;
#3772 = CARTESIAN_POINT ( 'NONE',  ( 15.09869747408849960, -26.62172815897734779, 13.88353990612919908 ) ) ;
#3773 =( GEOMETRIC_REPRESENTATION_CONTEXT ( 3 ) GLOBAL_UNCERTAINTY_ASSIGNED_CONTEXT ( ( #3563 ) ) GLOBAL_UNIT_ASSIGNED_CONTEXT ( ( #5649, #4770, #3905 ) ) REPRESENTATION_CONTEXT ( 'NONE', 'WORKASPACE' ) );
#3774 = PLANE ( 'NONE',  #4016 ) ;
#3775 = VECTOR ( 'NONE', #1284, 1000.000000000000000 ) ;
#3776 = EDGE_CURVE ( 'NONE', #2174, #3195, #5011, .T. ) ;
#3777 = DIRECTION ( 'NONE',  ( -1.000000000000000000, 0.000000000000000000, 0.000000000000000000 ) ) ;
#3778 = DIRECTION ( 'NONE',  ( 1.000000000000000000, 0.000000000000000000, 0.000000000000000000 ) ) ;
#3779 = EDGE_LOOP ( 'NONE', ( #3254, #3580, #4515, #5427 ) ) ;
#3780 = STYLED_ITEM ( 'NONE', ( #4936 ), #87 ) ;
#3781 = DIRECTION ( 'NONE',  ( -1.000000000000000000, -4.336808689942019662E-19, -8.559688641721049899E-35 ) ) ;
#3782 = STYLED_ITEM ( 'NONE', ( #5646 ), #3232 ) ;
#3783 = LINE ( 'NONE', #1573, #4068 ) ;
#3784 = ADVANCED_FACE ( 'NONE', ( #2014 ), #1983, .T. ) ;
#3785 = SURFACE_STYLE_FILL_AREA ( #2817 ) ;
#3786 = DIRECTION ( 'NONE',  ( 2.168392568715800012E-19, -0.4999972845804249721, 0.8660269715269850455 ) ) ;
#3787 = EDGE_CURVE ( 'NONE', #4227, #2146, #4682, .T. ) ;
#3788 = LINE ( 'NONE', #3010, #1188 ) ;
#3789 = FACE_OUTER_BOUND ( 'NONE', #2422, .T. ) ;
#3790 = ORIENTED_EDGE ( 'NONE', *, *, #5448, .F. ) ;
#3791 = ORIENTED_EDGE ( 'NONE', *, *, #36, .T. ) ;
#3792 = COLOUR_RGB ( '',0.9254901960784314152, 0.9254901960784314152, 0.9254901960784314152 ) ;
#3793 = ORIENTED_EDGE ( 'NONE', *, *, #4704, .T. ) ;
#3794 = DIRECTION ( 'NONE',  ( 1.000000000000000000, 4.336808689942019662E-19, -2.407412430484050162E-35 ) ) ;
#3795 = COLOUR_RGB ( '',0.9254901960784314152, 0.9254901960784314152, 0.9254901960784314152 ) ;
#3796 = CARTESIAN_POINT ( 'NONE',  ( 19.15863415942768455, 40.91932758672484027, -20.28958974511838775 ) ) ;
#3797 = CARTESIAN_POINT ( 'NONE',  ( 10.99869747408849996, -20.46946932730794089, 37.78353990612920654 ) ) ;
#3798 = CARTESIAN_POINT ( 'NONE',  ( 19.50000000000000000, -10.96946932730698698, 28.36178214484647597 ) ) ;
#3799 = EDGE_LOOP ( 'NONE', ( #4905, #1578, #2520, #340, #2491, #2033, #5815, #1727, #2968, #4456, #2365, #4551 ) ) ;
#3800 = DIRECTION ( 'NONE',  ( 1.000000000000000000, 0.000000000000000000, 0.000000000000000000 ) ) ;
#3801 = CARTESIAN_POINT ( 'NONE',  ( 19.04855470386635474, 43.10597320570484925, -21.06396772622763791 ) ) ;
#3802 = LINE ( 'NONE', #1970, #5536 ) ;
#3803 = AXIS2_PLACEMENT_3D ( 'NONE', #5124, #5099, #195 ) ;
#3804 = LINE ( 'NONE', #617, #3740 ) ;
#3805 = UNCERTAINTY_MEASURE_WITH_UNIT (LENGTH_MEASURE( 1.000000000000000082E-05 ), #3130, 'distance_accuracy_value', 'NONE');
#3806 = AXIS2_PLACEMENT_3D ( 'NONE', #285, #3266, #2350 ) ;
#3807 = AXIS2_PLACEMENT_3D ( 'NONE', #1019, #4578, #3197 ) ;
#3808 = VECTOR ( 'NONE', #1626, 1000.000000000000114 ) ;
#3809 = FACE_OUTER_BOUND ( 'NONE', #3493, .T. ) ;
#3810 = ORIENTED_EDGE ( 'NONE', *, *, #3667, .T. ) ;
#3811 = CARTESIAN_POINT ( 'NONE',  ( 21.48435000777673665, 73.20665587023891874, 12.60574267691227845 ) ) ;
#3812 = DIRECTION ( 'NONE',  ( 0.000000000000000000, -1.000000000000000000, 5.551115123125790098E-17 ) ) ;
#3813 = AXIS2_PLACEMENT_3D ( 'NONE', #4512, #489, #46 ) ;
#3814 = LINE ( 'NONE', #2843, #244 ) ;
#3815 =( GEOMETRIC_REPRESENTATION_CONTEXT ( 3 ) GLOBAL_UNCERTAINTY_ASSIGNED_CONTEXT ( ( #2161 ) ) GLOBAL_UNIT_ASSIGNED_CONTEXT ( ( #5317, #3556, #1212 ) ) REPRESENTATION_CONTEXT ( 'NONE', 'WORKASPACE' ) );
#3816 = AXIS2_PLACEMENT_3D ( 'NONE', #1157, #1215, #4823 ) ;
#3817 = FILL_AREA_STYLE ('',( #3904 ) ) ;
#3818 = CARTESIAN_POINT ( 'NONE',  ( 0.001455524130052699002, 67.49786897360699811, -7.485466903816321071 ) ) ;
#3819 = VERTEX_POINT ( 'NONE', #3250 ) ;
#3820 = VERTEX_POINT ( 'NONE', #5068 ) ;
#3821 = STYLED_ITEM ( 'NONE', ( #1802 ), #2053 ) ;
#3822 = ADVANCED_FACE ( 'NONE', ( #2818 ), #4598, .F. ) ;
#3823 = EDGE_LOOP ( 'NONE', ( #202, #783, #790, #1517 ) ) ;
#3824 = AXIS2_PLACEMENT_3D ( 'NONE', #460, #3570, #4864 ) ;
#3825 =( LENGTH_UNIT ( ) NAMED_UNIT ( * ) SI_UNIT ( .MILLI., .METRE. ) );
#3826 = EDGE_CURVE ( 'NONE', #2664, #2212, #362, .T. ) ;
#3827 = CARTESIAN_POINT ( 'NONE',  ( -19.49984700178150376, -15.46946932731194835, 17.38353990612920086 ) ) ;
#3828 = DIRECTION ( 'NONE',  ( -4.336808689942019662E-19, 1.000000000000000000, 0.000000000000000000 ) ) ;
#3829 = DIRECTION ( 'NONE',  ( 0.000000000000000000, 0.8660269715269853785, 0.4999972845804245281 ) ) ;
#3830 = CARTESIAN_POINT ( 'NONE',  ( 22.37377164840157207, 38.68243025557408998, 0.1267196720402278820 ) ) ;
#3831 = ORIENTED_EDGE ( 'NONE', *, *, #4317, .F. ) ;
#3832 = CARTESIAN_POINT ( 'NONE',  ( 19.50000000000000000, -9.788005210557665592, 25.52349824875216200 ) ) ;
#3833 =( GEOMETRIC_REPRESENTATION_CONTEXT ( 3 ) GLOBAL_UNCERTAINTY_ASSIGNED_CONTEXT ( ( #5384 ) ) GLOBAL_UNIT_ASSIGNED_CONTEXT ( ( #1483, #3157, #2777 ) ) REPRESENTATION_CONTEXT ( 'NONE', 'WORKASPACE' ) );
#3834 = ORIENTED_EDGE ( 'NONE', *, *, #4003, .T. ) ;
#3835 = PRESENTATION_LAYER_ASSIGNMENT (  '', '', ( #906 ) ) ;
#3836 = FACE_OUTER_BOUND ( 'NONE', #2875, .T. ) ;
#3837 = ADVANCED_FACE ( 'NONE', ( #5209 ), #4092, .T. ) ;
#3838 = CARTESIAN_POINT ( 'NONE',  ( -18.49984700178150376, -16.46946932731194835, 37.78353990612920654 ) ) ;
#3839 = VECTOR ( 'NONE', #4717, 1000.000000000000000 ) ;
#3840 = ORIENTED_EDGE ( 'NONE', *, *, #757, .F. ) ;
#3841 = PLANE ( 'NONE',  #2969 ) ;
#3842 = LINE ( 'NONE', #1120, #3717 ) ;
#3843 = ORIENTED_EDGE ( 'NONE', *, *, #4853, .T. ) ;
#3844 = FACE_OUTER_BOUND ( 'NONE', #2137, .T. ) ;
#3845 = CARTESIAN_POINT ( 'NONE',  ( 3.447000578851375230E-13, 10.67973472455859962, -36.82509912640939831 ) ) ;
#3846 = DIRECTION ( 'NONE',  ( 0.000000000000000000, -1.000000000000000000, 5.551115123125790098E-17 ) ) ;
#3847 = ORIENTED_EDGE ( 'NONE', *, *, #2666, .T. ) ;
#3848 = ORIENTED_EDGE ( 'NONE', *, *, #2451, .F. ) ;
#3849 = ORIENTED_EDGE ( 'NONE', *, *, #5705, .F. ) ;
#3850 = LINE ( 'NONE', #232, #211 ) ;
#3851 = DIRECTION ( 'NONE',  ( 1.000000000000000000, 0.000000000000000000, 0.000000000000000000 ) ) ;
#3852 = ADVANCED_FACE ( 'NONE', ( #5617 ), #3059, .F. ) ;
#3853 = DIRECTION ( 'NONE',  ( 1.000000000000000000, 0.000000000000000000, 0.000000000000000000 ) ) ;
#3854 = DIRECTION ( 'NONE',  ( 1.000000000000000000, 0.000000000000000000, 0.000000000000000000 ) ) ;
#3855 = ORIENTED_EDGE ( 'NONE', *, *, #3999, .F. ) ;
#3856 = CARTESIAN_POINT ( 'NONE',  ( 22.99999952413040916, 51.04335651459168588, -16.98541531084589806 ) ) ;
#3857 = ADVANCED_FACE ( 'NONE', ( #3844 ), #1174, .T. ) ;
#3858 = ORIENTED_EDGE ( 'NONE', *, *, #2264, .F. ) ;
#3859 = LINE ( 'NONE', #3025, #2260 ) ;
#3860 = DIRECTION ( 'NONE',  ( 0.000000000000000000, -0.8660269715270333402, -0.4999972845803417054 ) ) ;
#3861 = CARTESIAN_POINT ( 'NONE',  ( 21.49612943789260200, 75.74522084128558674, 7.789889945417902695 ) ) ;
#3862 = UNCERTAINTY_MEASURE_WITH_UNIT (LENGTH_MEASURE( 1.000000000000000082E-05 ), #4880, 'distance_accuracy_value', 'NONE');
#3863 = EDGE_CURVE ( 'NONE', #5063, #4321, #248, .T. ) ;
#3864 = VECTOR ( 'NONE', #4062, 1000.000000000000114 ) ;
#3865 = VERTEX_POINT ( 'NONE', #1658 ) ;
#3866 = CARTESIAN_POINT ( 'NONE',  ( 12.90145552413029861, 66.17108251417377573, -4.787386532327245980 ) ) ;
#3867 = COLOUR_RGB ( '',0.9254901960784314152, 0.9254901960784314152, 0.9254901960784314152 ) ;
#3868 = ORIENTED_EDGE ( 'NONE', *, *, #1406, .F. ) ;
#3869 =( NAMED_UNIT ( * ) SI_UNIT ( $, .STERADIAN. ) SOLID_ANGLE_UNIT ( ) );
#3870 = CARTESIAN_POINT ( 'NONE',  ( -9.351302525911499686, -20.46946932730794089, 17.38353990612920086 ) ) ;
#3871 = DIRECTION ( 'NONE',  ( -2.168392568715800493E-19, 0.4999972845804250832, -0.8660269715269852675 ) ) ;
#3872 = ORIENTED_EDGE ( 'NONE', *, *, #684, .F. ) ;
#3873 = ORIENTED_EDGE ( 'NONE', *, *, #4, .T. ) ;
#3874 = AXIS2_PLACEMENT_3D ( 'NONE', #5413, #4539, #4481 ) ;
#3875 = ORIENTED_EDGE ( 'NONE', *, *, #5774, .F. ) ;
#3876 = DIRECTION ( 'NONE',  ( 0.000000000000000000, -0.9051962300684738283, 0.4249938647437425110 ) ) ;
#3877 = AXIS2_PLACEMENT_3D ( 'NONE', #5096, #1957, #135 ) ;
#3878 = CARTESIAN_POINT ( 'NONE',  ( 20.94936756407807010, 44.36191610501383309, -19.68822034906279228 ) ) ;
#3879 = EDGE_LOOP ( 'NONE', ( #5577, #3044, #4465, #1791 ) ) ;
#3880 = CARTESIAN_POINT ( 'NONE',  ( -19.50000000000000000, 1.722133822471255016, 0.0004207350893792316526 ) ) ;
#3881 = VERTEX_POINT ( 'NONE', #5675 ) ;
#3882 = AXIS2_PLACEMENT_3D ( 'NONE', #1450, #2418, #3294 ) ;
#3883 = SURFACE_STYLE_FILL_AREA ( #5280 ) ;
#3884 = EDGE_CURVE ( 'NONE', #2681, #1602, #4281, .T. ) ;
#3885 =( BOUNDED_CURVE ( )  B_SPLINE_CURVE ( 3, ( #2747, #1831, #1741, #5348 ),
 .UNSPECIFIED., .F., .T. ) 
 B_SPLINE_CURVE_WITH_KNOTS ( ( 4, 4 ),
 ( 4.640638839765215629, 4.967604714743668382 ),
 .UNSPECIFIED. ) 
 CURVE ( )  GEOMETRIC_REPRESENTATION_ITEM ( )  RATIONAL_B_SPLINE_CURVE ( ( 1.000000000000000000, 0.9911109341294928043, 0.9911109341294928043, 1.000000000000000000 ) ) 
 REPRESENTATION_ITEM ( '' )  );
#3886 = DIRECTION ( 'NONE',  ( -3.755793295842399036E-19, 0.8660269715269851565, 0.4999972845804250832 ) ) ;
#3887 = VECTOR ( 'NONE', #4811, 1000.000000000000000 ) ;
#3888 = ADVANCED_FACE ( 'NONE', ( #771 ), #1576, .T. ) ;
#3889 = VERTEX_POINT ( 'NONE', #4279 ) ;
#3890 = B_SPLINE_CURVE_WITH_KNOTS ( 'NONE', 3,
 ( #998, #1417, #122, #1916 ),
 .UNSPECIFIED., .F., .F.,
 ( 4, 4 ),
 ( 0.000000000000000000, 1.000000000000000000 ),
 .UNSPECIFIED. ) ;
#3891 = EDGE_CURVE ( 'NONE', #5613, #4873, #257, .T. ) ;
#3892 = DIRECTION ( 'NONE',  ( 1.069105884036878258E-50, 5.551115123125790098E-17, 1.000000000000000000 ) ) ;
#3893 =( NAMED_UNIT ( * ) SI_UNIT ( $, .STERADIAN. ) SOLID_ANGLE_UNIT ( ) );
#3894 = ORIENTED_EDGE ( 'NONE', *, *, #504, .F. ) ;
#3895 = SURFACE_SIDE_STYLE ('',( #2061 ) ) ;
#3896 = B_SPLINE_CURVE_WITH_KNOTS ( 'NONE', 3,
 ( #866, #4924, #4482, #2306, #4982, #4896, #458, #15, #951, #77, #1379, #1779, #5800, #5357, #1874 ),
 .UNSPECIFIED., .F., .F.,
 ( 4, 2, 2, 2, 1, 2, 2, 4 ),
 ( 0.000000000000000000, 0.1250000000000179856, 0.2500000000000359712, 0.3750000000000539568, 0.4375000000000629496, 0.4687500000000606182, 0.5000000000000582867, 1.000000000000000000 ),
 .UNSPECIFIED. ) ;
#3897 = CARTESIAN_POINT ( 'NONE',  ( 18.50000000000001421, -26.62172815897734779, 41.78353990612919944 ) ) ;
#3898 = CARTESIAN_POINT ( 'NONE',  ( -19.50197602852866297, 40.32060557295411485, -19.72788229167113627 ) ) ;
#3899 = AXIS2_PLACEMENT_3D ( 'NONE', #3753, #3786, #5526 ) ;
#3900 = CARTESIAN_POINT ( 'NONE',  ( -21.49854447586969997, 77.05527635326689051, 4.960655551757800374 ) ) ;
#3901 = FILL_AREA_STYLE ('',( #1685 ) ) ;
#3902 = COLOUR_RGB ( '',0.6274509803921568540, 0.6274509803921568540, 0.6274509803921568540 ) ;
#3903 = CARTESIAN_POINT ( 'NONE',  ( 19.50000000000000000, -6.969469327306998530, 28.36178214484647597 ) ) ;
#3904 = FILL_AREA_STYLE_COLOUR ( '', #2791 ) ;
#3905 =( NAMED_UNIT ( * ) SI_UNIT ( $, .STERADIAN. ) SOLID_ANGLE_UNIT ( ) );
#3906 = ORIENTED_EDGE ( 'NONE', *, *, #294, .T. ) ;
#3907 = EDGE_LOOP ( 'NONE', ( #3453, #3965, #1610, #1720 ) ) ;
#3908 = AXIS2_PLACEMENT_3D ( 'NONE', #1021, #2854, #3279 ) ;
#3909 = ORIENTED_EDGE ( 'NONE', *, *, #2811, .F. ) ;
#3910 = CARTESIAN_POINT ( 'NONE',  ( 19.87981027107158027, 33.16025413293672131, -4.216185560647825348 ) ) ;
#3911 = AXIS2_PLACEMENT_3D ( 'NONE', #2979, #5143, #2096 ) ;
#3912 = CARTESIAN_POINT ( 'NONE',  ( 23.24941666070530033, 38.76155645621182799, -0.9822955735802607613 ) ) ;
#3913 = LINE ( 'NONE', #4293, #3322 ) ;
#3914 = CARTESIAN_POINT ( 'NONE',  ( -19.50000000000000000, -15.46946932731194657, 37.78353990612920654 ) ) ;
#3915 = ORIENTED_EDGE ( 'NONE', *, *, #2380, .T. ) ;
#3916 = VERTEX_POINT ( 'NONE', #4307 ) ;
#3917 = COLOUR_RGB ( '',0.9254901960784314152, 0.9254901960784314152, 0.9254901960784314152 ) ;
#3918 = CARTESIAN_POINT ( 'NONE',  ( 18.64073340216086194, 42.11310631653578440, -21.13178851988715223 ) ) ;
#3919 = DIRECTION ( 'NONE',  ( -1.000000000000000000, 0.000000000000000000, 0.000000000000000000 ) ) ;
#3920 = MECHANICAL_DESIGN_GEOMETRIC_PRESENTATION_REPRESENTATION (  '', ( #4291 ), #1750 ) ;
#3921 = CARTESIAN_POINT ( 'NONE',  ( 21.50145552413040306, 45.52958645061487175, 1.809444599476571547 ) ) ;
#3922 =( GEOMETRIC_REPRESENTATION_CONTEXT ( 3 ) GLOBAL_UNCERTAINTY_ASSIGNED_CONTEXT ( ( #390 ) ) GLOBAL_UNIT_ASSIGNED_CONTEXT ( ( #631, #2542, #226 ) ) REPRESENTATION_CONTEXT ( 'NONE', 'WORKASPACE' ) );
#3923 = FILL_AREA_STYLE_COLOUR ( '', #4236 ) ;
#3924 = ORIENTED_EDGE ( 'NONE', *, *, #2773, .F. ) ;
#3925 = MECHANICAL_DESIGN_GEOMETRIC_PRESENTATION_REPRESENTATION (  '', ( #528 ), #3065 ) ;
#3926 = EDGE_CURVE ( 'NONE', #1900, #4425, #1631, .T. ) ;
#3927 = ORIENTED_EDGE ( 'NONE', *, *, #966, .F. ) ;
#3928 =( BOUNDED_CURVE ( )  B_SPLINE_CURVE ( 3, ( #1590, #3768, #1113, #212 ),
 .UNSPECIFIED., .F., .T. ) 
 B_SPLINE_CURVE_WITH_KNOTS ( ( 4, 4 ),
 ( 5.095413204896803272, 5.595978038686591383 ),
 .UNSPECIFIED. ) 
 CURVE ( )  GEOMETRIC_REPRESENTATION_ITEM ( )  RATIONAL_B_SPLINE_CURVE ( ( 1.000000000000000000, 0.9792283413424847094, 0.9792283413424847094, 1.000000000000000000 ) ) 
 REPRESENTATION_ITEM ( '' )  );
#3929 = CARTESIAN_POINT ( 'NONE',  ( -19.49984700178150376, -15.46946932731194657, 37.78353990612920654 ) ) ;
#3930 = EDGE_CURVE ( 'NONE', #3398, #5361, #1080, .T. ) ;
#3931 = ORIENTED_EDGE ( 'NONE', *, *, #5032, .T. ) ;
#3932 = EDGE_CURVE ( 'NONE', #4202, #3511, #1259, .T. ) ;
#3933 =( GEOMETRIC_REPRESENTATION_CONTEXT ( 3 ) GLOBAL_UNCERTAINTY_ASSIGNED_CONTEXT ( ( #3376 ) ) GLOBAL_UNIT_ASSIGNED_CONTEXT ( ( #855, #5024, #1474 ) ) REPRESENTATION_CONTEXT ( 'NONE', 'WORKASPACE' ) );
#3934 =( LENGTH_UNIT ( ) NAMED_UNIT ( * ) SI_UNIT ( .MILLI., .METRE. ) );
#3935 = DIRECTION ( 'NONE',  ( 0.000000000000000000, -0.8660269715269851565, -0.4999972845804249721 ) ) ;
#3936 = CIRCLE ( 'NONE', #1672, 2.899999999999999911 ) ;
#3937 = CARTESIAN_POINT ( 'NONE',  ( -9.998544475869659109, 67.67107436791040698, -7.385467446900160660 ) ) ;
#3938 = PRESENTATION_STYLE_ASSIGNMENT (( #3042 ) ) ;
#3939 = VERTEX_POINT ( 'NONE', #4970 ) ;
#3940 = ORIENTED_EDGE ( 'NONE', *, *, #1036, .F. ) ;
#3941 =( GEOMETRIC_REPRESENTATION_CONTEXT ( 3 ) GLOBAL_UNCERTAINTY_ASSIGNED_CONTEXT ( ( #3267 ) ) GLOBAL_UNIT_ASSIGNED_CONTEXT ( ( #2031, #1615, #2894 ) ) REPRESENTATION_CONTEXT ( 'NONE', 'WORKASPACE' ) );
#3942 = EDGE_CURVE ( 'NONE', #4227, #3536, #2197, .T. ) ;
#3943 = DIRECTION ( 'NONE',  ( -4.189031997838571473E-19, 0.9659250147588526181, -0.2588220737555249062 ) ) ;
#3944 =( LENGTH_UNIT ( ) NAMED_UNIT ( * ) SI_UNIT ( .MILLI., .METRE. ) );
#3945 = DIRECTION ( 'NONE',  ( 0.000000000000000000, -0.8660269715269877100, -0.4999972845804205868 ) ) ;
#3946 = CYLINDRICAL_SURFACE ( 'NONE', #740, 1.650000000000000355 ) ;
#3947 = VERTEX_POINT ( 'NONE', #3703 ) ;
#3948 = VERTEX_POINT ( 'NONE', #1794 ) ;
#3949 = DIRECTION ( 'NONE',  ( 0.000000000000000000, -1.000000000000000000, 0.000000000000000000 ) ) ;
#3950 = FILL_AREA_STYLE ('',( #1674 ) ) ;
#3951 = LINE ( 'NONE', #4903, #4668 ) ;
#3952 =( LENGTH_UNIT ( ) NAMED_UNIT ( * ) SI_UNIT ( .MILLI., .METRE. ) );
#3953 = ORIENTED_EDGE ( 'NONE', *, *, #753, .F. ) ;
#3954 = LINE ( 'NONE', #5403, #5083 ) ;
#3955 = AXIS2_PLACEMENT_3D ( 'NONE', #2647, #5395, #2144 ) ;
#3956 = FILL_AREA_STYLE_COLOUR ( '', #2687 ) ;
#3957 = ORIENTED_EDGE ( 'NONE', *, *, #3333, .T. ) ;
#3958 = DIRECTION ( 'NONE',  ( 0.000000000000000000, -5.551115123125790098E-17, -1.000000000000000000 ) ) ;
#3959 = DIRECTION ( 'NONE',  ( 0.5270506108201920004, 0.8498338976729878924, 0.000000000000000000 ) ) ;
#3960 =( NAMED_UNIT ( * ) SI_UNIT ( $, .STERADIAN. ) SOLID_ANGLE_UNIT ( ) );
#3961 = EDGE_CURVE ( 'NONE', #5288, #3581, #3890, .T. ) ;
#3962 = CARTESIAN_POINT ( 'NONE',  ( -19.98343157685934912, 42.27647450581066124, -19.63859461118877547 ) ) ;
#3963 = DIRECTION ( 'NONE',  ( 0.000000000000000000, 0.4999972845804250832, -0.8660269715269851565 ) ) ;
#3964 = CARTESIAN_POINT ( 'NONE',  ( 19.31082891204453134, 43.71075983184532987, -20.96188883154511728 ) ) ;
#3965 = ORIENTED_EDGE ( 'NONE', *, *, #4636, .T. ) ;
#3966 = CIRCLE ( 'NONE', #1323, 7.500000000000006217 ) ;
#3967 = EDGE_CURVE ( 'NONE', #40, #1877, #3409, .T. ) ;
#3968 = DIRECTION ( 'NONE',  ( 0.000000000000000000, -0.8660269715269852675, -0.4999972845804249721 ) ) ;
#3969 = MECHANICAL_DESIGN_GEOMETRIC_PRESENTATION_REPRESENTATION (  '', ( #1047 ), #1969 ) ;
#3970 = ADVANCED_FACE ( 'NONE', ( #3669 ), #3206, .T. ) ;
#3971 = DIRECTION ( 'NONE',  ( -1.000000000000000000, 0.000000000000000000, 1.618498738169990079E-18 ) ) ;
#3972 = DIRECTION ( 'NONE',  ( -0.7071067811865457964, -0.3005160437229801307, -0.6400703925859172472 ) ) ;
#3973 = CARTESIAN_POINT ( 'NONE',  ( 20.94936756407807010, 44.36191610501383309, -19.68822034906279228 ) ) ;
#3974 = CARTESIAN_POINT ( 'NONE',  ( 9.348697474088499604, -20.46946932730794089, 17.58353990612919659 ) ) ;
#3975 = ORIENTED_EDGE ( 'NONE', *, *, #5458, .T. ) ;
#3976 = CIRCLE ( 'NONE', #3210, 7.000000000000004441 ) ;
#3977 = EDGE_LOOP ( 'NONE', ( #4703, #845, #5809, #462 ) ) ;
#3978 = VERTEX_POINT ( 'NONE', #590 ) ;
#3979 = STYLED_ITEM ( 'NONE', ( #5115 ), #3439 ) ;
#3980 = LINE ( 'NONE', #1298, #213 ) ;
#3981 = CIRCLE ( 'NONE', #1262, 1.650000000000000355 ) ;
#3982 = B_SPLINE_CURVE_WITH_KNOTS ( 'NONE', 3,
 ( #1053, #4637, #1108, #1136 ),
 .UNSPECIFIED., .F., .F.,
 ( 4, 4 ),
 ( 0.000000000000000000, 1.000000000000000000 ),
 .UNSPECIFIED. ) ;
#3983 = PRESENTATION_STYLE_ASSIGNMENT (( #1237 ) ) ;
#3984 = ORIENTED_EDGE ( 'NONE', *, *, #1950, .F. ) ;
#3985 = AXIS2_PLACEMENT_3D ( 'NONE', #4975, #33, #3151 ) ;
#3986 = PRESENTATION_STYLE_ASSIGNMENT (( #2179 ) ) ;
#3987 = CARTESIAN_POINT ( 'NONE',  ( 19.63243572623122901, 32.05723306756490132, -3.698312010256799454 ) ) ;
#3988 = DIRECTION ( 'NONE',  ( 0.000000000000000000, 5.551115123125790098E-17, 1.000000000000000000 ) ) ;
#3989 = CARTESIAN_POINT ( 'NONE',  ( 23.22659257422748880, 38.64153021419171097, -0.7492425932681101575 ) ) ;
#3990 = CARTESIAN_POINT ( 'NONE',  ( 9.348697474088499604, -20.46946932730794089, 17.38353990612920086 ) ) ;
#3991 = CARTESIAN_POINT ( 'NONE',  ( -16.92199991106044976, -26.62172815897734779, 37.78353990612920654 ) ) ;
#3992 = FILL_AREA_STYLE ('',( #3561 ) ) ;
#3993 = ORIENTED_EDGE ( 'NONE', *, *, #3741, .F. ) ;
#3994 = MECHANICAL_DESIGN_GEOMETRIC_PRESENTATION_REPRESENTATION (  '', ( #2770 ), #3415 ) ;
#3995 = EDGE_CURVE ( 'NONE', #3536, #4227, #353, .T. ) ;
#3996 = DIRECTION ( 'NONE',  ( 0.000000000000000000, 0.7095709740235808249, -0.7046339708126672097 ) ) ;
#3997 = DIRECTION ( 'NONE',  ( 2.168392568715800493E-19, -0.4999972845804250832, 0.8660269715269852675 ) ) ;
#3998 = CARTESIAN_POINT ( 'NONE',  ( 23.99999952413033810, 41.04341040078032421, 0.3351238759337729078 ) ) ;
#3999 = EDGE_CURVE ( 'NONE', #168, #755, #5372, .T. ) ;
#4000 =( NAMED_UNIT ( * ) SI_UNIT ( $, .STERADIAN. ) SOLID_ANGLE_UNIT ( ) );
#4001 = VERTEX_POINT ( 'NONE', #2803 ) ;
#4002 = ORIENTED_EDGE ( 'NONE', *, *, #537, .T. ) ;
#4003 = EDGE_CURVE ( 'NONE', #3398, #769, #4496, .T. ) ;
#4004 = FILL_AREA_STYLE ('',( #3607 ) ) ;
#4005 = COLOUR_RGB ( '',0.9254901960784314152, 0.9254901960784314152, 0.9254901960784314152 ) ;
#4006 = ORIENTED_EDGE ( 'NONE', *, *, #964, .T. ) ;
#4007 = AXIS2_PLACEMENT_3D ( 'NONE', #4433, #1324, #2177 ) ;
#4008 = ADVANCED_FACE ( 'NONE', ( #2268 ), #909, .F. ) ;
#4009 = EDGE_LOOP ( 'NONE', ( #3298, #310, #4415, #1839, #2026, #2131, #434, #2934, #5267, #1023 ) ) ;
#4010 = CIRCLE ( 'NONE', #4935, 3.999999999999988010 ) ;
#4011 = SURFACE_SIDE_STYLE ('',( #3555 ) ) ;
#4012 = AXIS2_PLACEMENT_3D ( 'NONE', #1331, #1634, #1275 ) ;
#4013 = DIRECTION ( 'NONE',  ( 0.000000000000000000, -5.551115123125790098E-17, -1.000000000000000000 ) ) ;
#4014 = ORIENTED_EDGE ( 'NONE', *, *, #4217, .F. ) ;
#4015 = AXIS2_PLACEMENT_3D ( 'NONE', #3092, #3503, #1718 ) ;
#4016 = AXIS2_PLACEMENT_3D ( 'NONE', #5462, #1451, #3241 ) ;
#4017 =( NAMED_UNIT ( * ) PLANE_ANGLE_UNIT ( ) SI_UNIT ( $, .RADIAN. ) );
#4018 = DIRECTION ( 'NONE',  ( 0.000000000000000000, -1.000000000000000000, 5.551115123125790098E-17 ) ) ;
#4019 = DIRECTION ( 'NONE',  ( -3.755793295842400481E-19, 0.8660269715269851565, 0.4999972845804250277 ) ) ;
#4020 = COLOUR_RGB ( '',0.6274509803921568540, 0.6274509803921568540, 0.6274509803921568540 ) ;
#4021 = CARTESIAN_POINT ( 'NONE',  ( 10.99869747408849996, -20.46946932730794089, 41.78353990612919944 ) ) ;
#4022 = EDGE_LOOP ( 'NONE', ( #4780, #5778, #2868, #3697 ) ) ;
#4023 = CARTESIAN_POINT ( 'NONE',  ( 19.73648337914254114, 32.86552691520721226, -4.077809753118709857 ) ) ;
#4024 = FACE_OUTER_BOUND ( 'NONE', #4996, .T. ) ;
#4025 = CARTESIAN_POINT ( 'NONE',  ( -19.50000000000000000, 42.27079934983056830, -15.12202618804811571 ) ) ;
#4026 = CARTESIAN_POINT ( 'NONE',  ( 11.65145552413030039, 67.67107436791040698, -7.385467446900160660 ) ) ;
#4027 = DIRECTION ( 'NONE',  ( -2.401665515434914729E-14, -0.8660269715269852675, -0.4999972845804250277 ) ) ;
#4028 = PRESENTATION_LAYER_ASSIGNMENT (  '', '', ( #2047 ) ) ;
#4029 = LINE ( 'NONE', #2642, #1171 ) ;
#4030 = CARTESIAN_POINT ( 'NONE',  ( -15.50000047586970098, 70.92134134068595586, 17.58503043772818941 ) ) ;
#4031 = FACE_BOUND ( 'NONE', #3655, .T. ) ;
#4032 = ORIENTED_EDGE ( 'NONE', *, *, #3891, .T. ) ;
#4033 = ORIENTED_EDGE ( 'NONE', *, *, #468, .T. ) ;
#4034 = AXIS2_PLACEMENT_3D ( 'NONE', #5241, #5707, #801 ) ;
#4035 =( NAMED_UNIT ( * ) PLANE_ANGLE_UNIT ( ) SI_UNIT ( $, .RADIAN. ) );
#4036 = FILL_AREA_STYLE ('',( #2235 ) ) ;
#4037 = EDGE_CURVE ( 'NONE', #2507, #2358, #5795, .T. ) ;
#4038 =( LENGTH_UNIT ( ) NAMED_UNIT ( * ) SI_UNIT ( .MILLI., .METRE. ) );
#4039 = ORIENTED_EDGE ( 'NONE', *, *, #5066, .T. ) ;
#4040 = EDGE_LOOP ( 'NONE', ( #4263, #1213 ) ) ;
#4041 = STYLED_ITEM ( 'NONE', ( #5443 ), #4559 ) ;
#4042 = EDGE_CURVE ( 'NONE', #985, #2138, #5428, .T. ) ;
#4043 = ADVANCED_FACE ( 'NONE', ( #4184 ), #243, .F. ) ;
#4044 = CARTESIAN_POINT ( 'NONE',  ( -20.76100876963104014, 44.05359817892062324, -19.86612284065203582 ) ) ;
#4045 = VERTEX_POINT ( 'NONE', #5607 ) ;
#4046 = PLANE ( 'NONE',  #3318 ) ;
#4047 = DIRECTION ( 'NONE',  ( 0.000000000000000000, 0.000000000000000000, -1.000000000000000000 ) ) ;
#4048 = CARTESIAN_POINT ( 'NONE',  ( 20.37566504368052733, 43.38858468604437491, -20.12112257074891986 ) ) ;
#4049 = CYLINDRICAL_SURFACE ( 'NONE', #663, 1.650000000000000355 ) ;
#4050 = VERTEX_POINT ( 'NONE', #2974 ) ;
#4051 = UNCERTAINTY_MEASURE_WITH_UNIT (LENGTH_MEASURE( 1.000000000000000082E-05 ), #4730, 'distance_accuracy_value', 'NONE');
#4052 = STYLED_ITEM ( 'NONE', ( #320 ), #225 ) ;
#4053 =( NAMED_UNIT ( * ) PLANE_ANGLE_UNIT ( ) SI_UNIT ( $, .RADIAN. ) );
#4054 = FACE_OUTER_BOUND ( 'NONE', #3255, .T. ) ;
#4055 = CARTESIAN_POINT ( 'NONE',  ( -20.37976666451678653, 33.94685719991051087, -3.762043356697709395 ) ) ;
#4056 = MECHANICAL_DESIGN_GEOMETRIC_PRESENTATION_REPRESENTATION (  '', ( #2 ), #5523 ) ;
#4057 = DIRECTION ( 'NONE',  ( -4.336808689942019662E-19, 1.000000000000000000, -5.551115123125790098E-17 ) ) ;
#4058 = FACE_OUTER_BOUND ( 'NONE', #2650, .T. ) ;
#4059 =( NAMED_UNIT ( * ) SI_UNIT ( $, .STERADIAN. ) SOLID_ANGLE_UNIT ( ) );
#4060 = EDGE_LOOP ( 'NONE', ( #4986, #2498, #5630, #4405 ) ) ;
#4061 = ORIENTED_EDGE ( 'NONE', *, *, #1649, .F. ) ;
#4062 = DIRECTION ( 'NONE',  ( -2.168392568715800252E-19, 0.4999972845804250277, -0.8660269715269851565 ) ) ;
#4063 = CARTESIAN_POINT ( 'NONE',  ( 18.49869747408848752, -16.46946932731194835, 29.58353990612920015 ) ) ;
#4064 = PRESENTATION_LAYER_ASSIGNMENT (  '', '', ( #5354 ) ) ;
#4065 = SURFACE_SIDE_STYLE ('',( #1388 ) ) ;
#4066 = ORIENTED_EDGE ( 'NONE', *, *, #4843, .T. ) ;
#4067 = ORIENTED_EDGE ( 'NONE', *, *, #3199, .F. ) ;
#4068 = VECTOR ( 'NONE', #4195, 1000.000000000000000 ) ;
#4069 = SURFACE_SIDE_STYLE ('',( #475 ) ) ;
#4070 = MECHANICAL_DESIGN_GEOMETRIC_PRESENTATION_REPRESENTATION (  '', ( #4622 ), #4803 ) ;
#4071 = EDGE_CURVE ( 'NONE', #3881, #2310, #2001, .T. ) ;
#4072 = VERTEX_POINT ( 'NONE', #3769 ) ;
#4073 = EDGE_CURVE ( 'NONE', #2389, #2081, #1591, .T. ) ;
#4074 = CARTESIAN_POINT ( 'NONE',  ( -23.00000047586969742, 56.99792599741600441, 10.70109949824630036 ) ) ;
#4075 = CARTESIAN_POINT ( 'NONE',  ( 21.50145552413040306, 51.47921675712812828, -8.497377205255371990 ) ) ;
#4076 = CARTESIAN_POINT ( 'NONE',  ( 21.50105116441880071, 50.34598184577179580, -6.535235531936750775 ) ) ;
#4077 = DIRECTION ( 'NONE',  ( 0.000000000000000000, 0.000000000000000000, -1.000000000000000000 ) ) ;
#4078 = ORIENTED_EDGE ( 'NONE', *, *, #2488, .F. ) ;
#4079 = CONICAL_SURFACE ( 'NONE', #133, 3.399999995763999916, 0.7853981633974476129 ) ;
#4080 = EDGE_CURVE ( 'NONE', #738, #5243, #2323, .T. ) ;
#4081 = SURFACE_SIDE_STYLE ('',( #2276 ) ) ;
#4082 = CARTESIAN_POINT ( 'NONE',  ( -11.00130252591150004, -20.46946932730794089, 37.78353990612920654 ) ) ;
#4083 = AXIS2_PLACEMENT_3D ( 'NONE', #3304, #659, #4223 ) ;
#4084 = CARTESIAN_POINT ( 'NONE',  ( -23.89222737947951813, 40.78241854771363251, 0.7871784352069514101 ) ) ;
#4085 = LINE ( 'NONE', #3100, #5401 ) ;
#4086 =( NAMED_UNIT ( * ) SI_UNIT ( $, .STERADIAN. ) SOLID_ANGLE_UNIT ( ) );
#4087 = CARTESIAN_POINT ( 'NONE',  ( 21.50145552413040306, 41.84245399569490331, 1.951147018089098184 ) ) ;
#4088 = ORIENTED_EDGE ( 'NONE', *, *, #1111, .T. ) ;
#4089 = VERTEX_POINT ( 'NONE', #1971 ) ;
#4090 = DIRECTION ( 'NONE',  ( -1.000000000000000000, -4.336808689942019662E-19, 2.407412430484050162E-35 ) ) ;
#4091 = CARTESIAN_POINT ( 'NONE',  ( -15.10130252591150146, -26.62172815897734779, 16.38353990612920086 ) ) ;
#4092 = CONICAL_SURFACE ( 'NONE', #2591, 5.000000000000003553, 0.7853981633974380649 ) ;
#4093 = CARTESIAN_POINT ( 'NONE',  ( -19.49984700178150376, -15.46946932731194835, 3.229486366718701262 ) ) ;
#4094 = CARTESIAN_POINT ( 'NONE',  ( 23.99999952413039850, 83.45238414803921501, 2.880508474738700198 ) ) ;
#4095 = CIRCLE ( 'NONE', #2680, 2.999999999999999556 ) ;
#4096 =( NAMED_UNIT ( * ) PLANE_ANGLE_UNIT ( ) SI_UNIT ( $, .RADIAN. ) );
#4097 = ORIENTED_EDGE ( 'NONE', *, *, #2301, .F. ) ;
#4098 =( NAMED_UNIT ( * ) PLANE_ANGLE_UNIT ( ) SI_UNIT ( $, .RADIAN. ) );
#4099 = CARTESIAN_POINT ( 'NONE',  ( 19.90052368906042091, 44.94155380756122042, -20.49519247177071435 ) ) ;
#4100 = PRODUCT_DEFINITION_FORMATION_WITH_SPECIFIED_SOURCE ( 'ä»', '', #2553, .NOT_KNOWN. ) ;
#4101 = DIRECTION ( 'NONE',  ( 0.000000000000000000, 0.000000000000000000, -1.000000000000000000 ) ) ;
#4102 = CARTESIAN_POINT ( 'NONE',  ( 16.91939485923746034, -26.62172815897734779, 37.78353990612920654 ) ) ;
#4103 = ORIENTED_EDGE ( 'NONE', *, *, #273, .T. ) ;
#4104 = AXIS2_PLACEMENT_3D ( 'NONE', #5442, #1961, #3191 ) ;
#4105 = DIRECTION ( 'NONE',  ( -0.000000000000000000, 0.9051962300684738283, -0.4249938647437425110 ) ) ;
#4106 = COLOUR_RGB ( '',0.9254901960784314152, 0.9254901960784314152, 0.9254901960784314152 ) ;
#4107 = EDGE_CURVE ( 'NONE', #4781, #4727, #3142, .T. ) ;
#4108 = STYLED_ITEM ( 'NONE', ( #480 ), #5489 ) ;
#4109 = EDGE_CURVE ( 'NONE', #3034, #3145, #5113, .T. ) ;
#4110 = DIRECTION ( 'NONE',  ( 0.000000000000000000, 0.9051962300684739393, -0.4249938647437424000 ) ) ;
#4111 = ORIENTED_EDGE ( 'NONE', *, *, #2735, .T. ) ;
#4112 = AXIS2_PLACEMENT_3D ( 'NONE', #1411, #5078, #3828 ) ;
#4113 = LINE ( 'NONE', #5329, #591 ) ;
#4114 = CARTESIAN_POINT ( 'NONE',  ( 19.68580087806029155, 41.63968541821207481, -19.89773639027212937 ) ) ;
#4115 = CARTESIAN_POINT ( 'NONE',  ( -19.50000000000000000, 12.96307512163178544, 4.161751634651791321 ) ) ;
#4116 = CIRCLE ( 'NONE', #1198, 2.899999999999999911 ) ;
#4117 = FACE_OUTER_BOUND ( 'NONE', #2046, .T. ) ;
#4118 = EDGE_CURVE ( 'NONE', #5717, #5592, #1056, .T. ) ;
#4119 = DIRECTION ( 'NONE',  ( 1.000000000000000000, 0.000000000000000000, 0.000000000000000000 ) ) ;
#4120 = EDGE_LOOP ( 'NONE', ( #1691, #4121, #1016 ) ) ;
#4121 = ORIENTED_EDGE ( 'NONE', *, *, #2914, .T. ) ;
#4122 = AXIS2_PLACEMENT_3D ( 'NONE', #589, #5788, #2217 ) ;
#4123 = FILL_AREA_STYLE_COLOUR ( '', #2066 ) ;
#4124 = CARTESIAN_POINT ( 'NONE',  ( 10.00145552413030003, 66.17108251417249676, -4.787386532327980504 ) ) ;
#4125 = B_SPLINE_CURVE_WITH_KNOTS ( 'NONE', 3,
 ( #5079, #3730, #1966, #1555, #1940, #2907, #207, #2465, #4260, #4230 ),
 .UNSPECIFIED., .F., .F.,
 ( 4, 2, 2, 2, 4 ),
 ( 0.000000000000000000, 0.2500000000000103806, 0.3750000000000128231, 0.5000000000000153211, 1.000000000000000000 ),
 .UNSPECIFIED. ) ;
#4126 = LINE ( 'NONE', #2344, #2941 ) ;
#4127 = DIRECTION ( 'NONE',  ( 0.000000000000000000, 0.7095709740235808249, -0.7046339708126672097 ) ) ;
#4128 = ORIENTED_EDGE ( 'NONE', *, *, #4921, .F. ) ;
#4129 =( LENGTH_UNIT ( ) NAMED_UNIT ( * ) SI_UNIT ( .MILLI., .METRE. ) );
#4130 =( LENGTH_UNIT ( ) NAMED_UNIT ( * ) SI_UNIT ( .MILLI., .METRE. ) );
#4131 = VERTEX_POINT ( 'NONE', #2473 ) ;
#4132 = CARTESIAN_POINT ( 'NONE',  ( -18.97402119905236972, 42.92250548186478198, -21.08653988590978301 ) ) ;
#4133 = CARTESIAN_POINT ( 'NONE',  ( 18.99999952413030258, 51.04335651459167877, -16.98541531084589806 ) ) ;
#4134 = ORIENTED_EDGE ( 'NONE', *, *, #31, .T. ) ;
#4135 = CARTESIAN_POINT ( 'NONE',  ( 23.24941666070530033, 49.26149943239580153, -19.16886197563837158 ) ) ;
#4136 = EDGE_CURVE ( 'NONE', #4800, #1127, #2416, .T. ) ;
#4137 = DIRECTION ( 'NONE',  ( 0.000000000000000000, 0.9051962300684738283, -0.4249938647437425110 ) ) ;
#4138 = SURFACE_SIDE_STYLE ('',( #4198 ) ) ;
#4139 = DIRECTION ( 'NONE',  ( -2.775557561562890562E-15, -0.8660269715269852675, -0.4999972845804248611 ) ) ;
#4140 = EDGE_LOOP ( 'NONE', ( #2565, #4251, #3262, #2147, #1604, #1300, #2331, #1348, #2822, #3428 ) ) ;
#4141 = ORIENTED_EDGE ( 'NONE', *, *, #321, .F. ) ;
#4142 = VERTEX_POINT ( 'NONE', #4695 ) ;
#4143 = EDGE_CURVE ( 'NONE', #1556, #3167, #3804, .T. ) ;
#4144 = FACE_OUTER_BOUND ( 'NONE', #3052, .T. ) ;
#4145 = CARTESIAN_POINT ( 'NONE',  ( 18.50000000000001421, -12.80004193970219006, 13.01225282819994256 ) ) ;
#4146 =( BOUNDED_CURVE ( )  B_SPLINE_CURVE ( 3, ( #4634, #608, #2400, #4206 ),
 .UNSPECIFIED., .F., .T. ) 
 B_SPLINE_CURVE_WITH_KNOTS ( ( 4, 4 ),
 ( 0.6744156245383881032, 0.6872072684929594333 ),
 .UNSPECIFIED. ) 
 CURVE ( )  GEOMETRIC_REPRESENTATION_ITEM ( )  RATIONAL_B_SPLINE_CURVE ( ( 1.000000000000000000, 0.9999863645335600459, 0.9999863645335600459, 1.000000000000000000 ) ) 
 REPRESENTATION_ITEM ( '' )  );
#4147 = ADVANCED_FACE ( 'NONE', ( #214 ), #5576, .T. ) ;
#4148 = AXIS2_PLACEMENT_3D ( 'NONE', #1461, #142, #2342 ) ;
#4149 = DIRECTION ( 'NONE',  ( 2.168392568715800493E-19, -0.4999972845804250832, 0.8660269715269852675 ) ) ;
#4150 = PLANE ( 'NONE',  #4112 ) ;
#4151 = STYLED_ITEM ( 'NONE', ( #1925 ), #4740 ) ;
#4152 = DIRECTION ( 'NONE',  ( 1.000000000000000000, 0.000000000000000000, 0.000000000000000000 ) ) ;
#4153 = VERTEX_POINT ( 'NONE', #5282 ) ;
#4154 = CARTESIAN_POINT ( 'NONE',  ( -19.97979957778898097, 42.27079934983056830, -19.64222661025914363 ) ) ;
#4155 = UNCERTAINTY_MEASURE_WITH_UNIT (LENGTH_MEASURE( 1.000000000000000082E-05 ), #4627, 'distance_accuracy_value', 'NONE');
#4156 = ORIENTED_EDGE ( 'NONE', *, *, #1487, .T. ) ;
#4157 = DIRECTION ( 'NONE',  ( -4.336808689942019662E-19, 1.000000000000000000, -5.551115123125790098E-17 ) ) ;
#4158 = DIRECTION ( 'NONE',  ( -2.168392568715800493E-19, 0.4999972845804250832, -0.8660269715269852675 ) ) ;
#4159 = DIRECTION ( 'NONE',  ( 0.7071067811865500152, -0.3005160437229776327, -0.6400703925859139165 ) ) ;
#4160 = DIRECTION ( 'NONE',  ( 1.000000000000000000, 0.000000000000000000, 0.000000000000000000 ) ) ;
#4161 = ORIENTED_EDGE ( 'NONE', *, *, #3826, .T. ) ;
#4162 = CARTESIAN_POINT ( 'NONE',  ( 21.48916995151555653, 72.93030479635208962, 12.93874879834896063 ) ) ;
#4163 = CARTESIAN_POINT ( 'NONE',  ( -19.99075349531945278, 42.28773693937392864, -19.63124088220876118 ) ) ;
#4164 = CARTESIAN_POINT ( 'NONE',  ( 23.99999952413039850, 75.66667514571639686, 6.608437384583800700 ) ) ;
#4165 = SURFACE_STYLE_FILL_AREA ( #2362 ) ;
#4166 =( NAMED_UNIT ( * ) SI_UNIT ( $, .STERADIAN. ) SOLID_ANGLE_UNIT ( ) );
#4167 = ORIENTED_EDGE ( 'NONE', *, *, #1221, .T. ) ;
#4168 = ORIENTED_EDGE ( 'NONE', *, *, #4037, .T. ) ;
#4169 = ADVANCED_FACE ( 'NONE', ( #3465 ), #5166, .T. ) ;
#4170 = VERTEX_POINT ( 'NONE', #1734 ) ;
#4171 = LINE ( 'NONE', #2116, #405 ) ;
#4172 = DIRECTION ( 'NONE',  ( 1.000000000000000000, 4.336808689942019662E-19, -4.306634346273544760E-19 ) ) ;
#4173 = STYLED_ITEM ( 'NONE', ( #3039 ), #2333 ) ;
#4174 = LINE ( 'NONE', #2461, #3111 ) ;
#4175 = CARTESIAN_POINT ( 'NONE',  ( 18.57739934223652156, 41.65818281556587266, -21.01304169418405365 ) ) ;
#4176 = EDGE_CURVE ( 'NONE', #3889, #1715, #1709, .T. ) ;
#4177 = LINE ( 'NONE', #2797, #146 ) ;
#4178 = SURFACE_STYLE_USAGE ( .BOTH. , #669 ) ;
#4179 = ORIENTED_EDGE ( 'NONE', *, *, #1829, .T. ) ;
#4180 = EDGE_CURVE ( 'NONE', #3819, #2160, #3519, .T. ) ;
#4181 =( NAMED_UNIT ( * ) SI_UNIT ( $, .STERADIAN. ) SOLID_ANGLE_UNIT ( ) );
#4182 = DIRECTION ( 'NONE',  ( -2.168392568715800252E-19, 0.4999972845804250277, -0.8660269715269851565 ) ) ;
#4183 = CARTESIAN_POINT ( 'NONE',  ( 8.351455524130299679, 66.17108251417377573, -4.787386532327245980 ) ) ;
#4184 = FACE_OUTER_BOUND ( 'NONE', #1209, .T. ) ;
#4185 = CARTESIAN_POINT ( 'NONE',  ( -19.06073872839151306, 43.12762614196974198, -21.06138552088538773 ) ) ;
#4186 = CIRCLE ( 'NONE', #5579, 2.999999999999999112 ) ;
#4187 = LINE ( 'NONE', #5006, #5405 ) ;
#4188 = DIRECTION ( 'NONE',  ( 0.4799211503848397342, -0.7597755306975392253, -0.4386534308159059647 ) ) ;
#4189 = B_SPLINE_CURVE_WITH_KNOTS ( 'NONE', 3,
 ( #3311, #3364, #4175, #1497, #5076, #5156, #666, #1048, #2905, #1991, #1132, #1551, #2401, #5106, #4663, #638, #3796 ),
 .UNSPECIFIED., .F., .F.,
 ( 4, 1, 2, 2, 2, 2, 2, 2, 4 ),
 ( 0.000000000000000000, 0.1249999999999933387, 0.1874999999999966693, 0.2500000000000000000, 0.3125000000000033307, 0.3750000000000066613, 0.4375000000000099920, 0.5000000000000133227, 1.000000000000000000 ),
 .UNSPECIFIED. ) ;
#4190 =( LENGTH_UNIT ( ) NAMED_UNIT ( * ) SI_UNIT ( .MILLI., .METRE. ) );
#4191 = VERTEX_POINT ( 'NONE', #1208 ) ;
#4192 = CIRCLE ( 'NONE', #796, 6.999999999999999112 ) ;
#4193 = AXIS2_PLACEMENT_3D ( 'NONE', #5597, #5129, #174 ) ;
#4194 = SURFACE_STYLE_FILL_AREA ( #2452 ) ;
#4195 = DIRECTION ( 'NONE',  ( 1.000000000000000000, 4.336808689942019662E-19, -2.407412430484050162E-35 ) ) ;
#4196 = CIRCLE ( 'NONE', #5304, 6.999999999999999112 ) ;
#4197 =( LENGTH_UNIT ( ) NAMED_UNIT ( * ) SI_UNIT ( .MILLI., .METRE. ) );
#4198 = SURFACE_STYLE_FILL_AREA ( #2455 ) ;
#4199 = FILL_AREA_STYLE ('',( #79 ) ) ;
#4200 = CARTESIAN_POINT ( 'NONE',  ( -16.92199991106047108, -26.62172815897734779, 17.38353990612920086 ) ) ;
#4201 = EDGE_LOOP ( 'NONE', ( #3927, #706, #4383, #5733, #3181 ) ) ;
#4202 = VERTEX_POINT ( 'NONE', #5229 ) ;
#4203 = VERTEX_POINT ( 'NONE', #3000 ) ;
#4204 = VECTOR ( 'NONE', #2043, 1000.000000000000114 ) ;
#4205 = PRESENTATION_STYLE_ASSIGNMENT (( #4633 ) ) ;
#4206 = CARTESIAN_POINT ( 'NONE',  ( 19.50000000000000000, 40.06520501993333028, -19.61015352080642771 ) ) ;
#4207 = SURFACE_STYLE_FILL_AREA ( #2906 ) ;
#4208 = ORIENTED_EDGE ( 'NONE', *, *, #5041, .F. ) ;
#4209 = AXIS2_PLACEMENT_3D ( 'NONE', #2135, #1242, #5208 ) ;
#4210 = CARTESIAN_POINT ( 'NONE',  ( 21.50145552413040306, 49.36476938726910646, 3.407380266022498994 ) ) ;
#4211 = ADVANCED_FACE ( 'NONE', ( #1320 ), #760, .T. ) ;
#4212 = DIRECTION ( 'NONE',  ( 0.2063498446421282717, -0.7780978074779020259, 0.5932820101892953835 ) ) ;
#4213 = DIRECTION ( 'NONE',  ( -0.7071067811865470176, 0.3535514705016787884, -0.6123735442571807130 ) ) ;
#4214 = UNCERTAINTY_MEASURE_WITH_UNIT (LENGTH_MEASURE( 1.000000000000000082E-05 ), #1504, 'distance_accuracy_value', 'NONE');
#4215 = EDGE_CURVE ( 'NONE', #1494, #1238, #2648, .T. ) ;
#4216 = AXIS2_PLACEMENT_3D ( 'NONE', #4709, #689, #661 ) ;
#4217 = EDGE_CURVE ( 'NONE', #4377, #3756, #323, .T. ) ;
#4218 = DIRECTION ( 'NONE',  ( 0.000000000000000000, 0.9051962300684738283, -0.4249938647437425110 ) ) ;
#4219 = ORIENTED_EDGE ( 'NONE', *, *, #5130, .F. ) ;
#4220 = CARTESIAN_POINT ( 'NONE',  ( 19.49854400000220522, 34.36044124314306458, -3.523262227055210527 ) ) ;
#4221 = DIRECTION ( 'NONE',  ( -2.168392568715800493E-19, 0.4999972845804250832, -0.8660269715269852675 ) ) ;
#4222 = CYLINDRICAL_SURFACE ( 'NONE', #4932, 28.64999999999999858 ) ;
#4223 = DIRECTION ( 'NONE',  ( 0.000000000000000000, -5.551115123125790098E-17, -1.000000000000000000 ) ) ;
#4224 = PLANE ( 'NONE',  #5224 ) ;
#4225 = DIRECTION ( 'NONE',  ( -2.168392568715800493E-19, 0.4999972845804250832, -0.8660269715269852675 ) ) ;
#4226 = VERTEX_POINT ( 'NONE', #2090 ) ;
#4227 = VERTEX_POINT ( 'NONE', #3108 ) ;
#4228 = DIRECTION ( 'NONE',  ( 0.000000000000000000, -1.000000000000000000, 0.000000000000000000 ) ) ;
#4229 = CIRCLE ( 'NONE', #2348, 7.000000000000000888 ) ;
#4230 = CARTESIAN_POINT ( 'NONE',  ( -20.06994559683848323, 45.27078305731311048, -20.31818801721002998 ) ) ;
#4231 = ORIENTED_EDGE ( 'NONE', *, *, #1766, .F. ) ;
#4232 = CARTESIAN_POINT ( 'NONE',  ( 15.09869747408849960, -26.62172815897734779, 38.78353990612922786 ) ) ;
#4233 = FACE_OUTER_BOUND ( 'NONE', #3115, .T. ) ;
#4234 = DIRECTION ( 'NONE',  ( 0.000000000000000000, -5.551115123125779004E-17, -1.000000000000000000 ) ) ;
#4235 = PRESENTATION_LAYER_ASSIGNMENT (  '', '', ( #4876 ) ) ;
#4236 = COLOUR_RGB ( '',0.9254901960784314152, 0.9254901960784314152, 0.9254901960784314152 ) ;
#4237 = EDGE_CURVE ( 'NONE', #1735, #4781, #479, .T. ) ;
#4238 = UNCERTAINTY_MEASURE_WITH_UNIT (LENGTH_MEASURE( 1.000000000000000082E-05 ), #820, 'distance_accuracy_value', 'NONE');
#4239 = DIRECTION ( 'NONE',  ( 0.000000000000000000, -0.8660269715269852675, -0.4999972845804249166 ) ) ;
#4240 = LINE ( 'NONE', #3929, #1285 ) ;
#4241 = ADVANCED_FACE ( 'NONE', ( #2564 ), #4350, .F. ) ;
#4242 = AXIS2_PLACEMENT_3D ( 'NONE', #2959, #3017, #5710 ) ;
#4243 = SURFACE_STYLE_FILL_AREA ( #652 ) ;
#4244 = CARTESIAN_POINT ( 'NONE',  ( 22.99999952413040916, 51.04335651459167877, -16.98541531084590162 ) ) ;
#4245 = EDGE_LOOP ( 'NONE', ( #1383, #3389, #454, #3078, #3051, #4336, #3430, #4342 ) ) ;
#4246 = EDGE_CURVE ( 'NONE', #5480, #5047, #4964, .T. ) ;
#4247 = SURFACE_STYLE_USAGE ( .BOTH. , #5120 ) ;
#4248 = AXIS2_PLACEMENT_3D ( 'NONE', #2983, #4764, #744 ) ;
#4249 = DIRECTION ( 'NONE',  ( 0.000000000000000000, 0.4999972845804288024, -0.8660269715269830471 ) ) ;
#4250 = CARTESIAN_POINT ( 'NONE',  ( -24.00000047586969742, 44.12672122748586645, -5.005371464315255814 ) ) ;
#4251 = ORIENTED_EDGE ( 'NONE', *, *, #1762, .T. ) ;
#4252 = ORIENTED_EDGE ( 'NONE', *, *, #1256, .F. ) ;
#4253 = ADVANCED_FACE ( 'NONE', ( #2238 ), #4965, .F. ) ;
#4254 = ORIENTED_EDGE ( 'NONE', *, *, #2154, .F. ) ;
#4255 = DIRECTION ( 'NONE',  ( 0.000000000000000000, 5.551115123125790098E-17, 1.000000000000000000 ) ) ;
#4256 =( NAMED_UNIT ( * ) PLANE_ANGLE_UNIT ( ) SI_UNIT ( $, .RADIAN. ) );
#4257 = VECTOR ( 'NONE', #3071, 1000.000000000000114 ) ;
#4258 = CARTESIAN_POINT ( 'NONE',  ( 10.00145552413030003, 67.67107436791040698, -7.385467446900160660 ) ) ;
#4259 = FILL_AREA_STYLE_COLOUR ( '', #4458 ) ;
#4260 = CARTESIAN_POINT ( 'NONE',  ( -20.00776730725422681, 45.15002178438729175, -20.38790906578074313 ) ) ;
#4261 = ORIENTED_EDGE ( 'NONE', *, *, #4606, .T. ) ;
#4262 = CARTESIAN_POINT ( 'NONE',  ( 19.50000000000000000, 19.33798309278793681, 40.78353990612919233 ) ) ;
#4263 = ORIENTED_EDGE ( 'NONE', *, *, #1872, .F. ) ;
#4264 = PLANE ( 'NONE',  #4517 ) ;
#4265 = LINE ( 'NONE', #1176, #1859 ) ;
#4266 = FILL_AREA_STYLE_COLOUR ( '', #78 ) ;
#4267 = UNCERTAINTY_MEASURE_WITH_UNIT (LENGTH_MEASURE( 1.000000000000000082E-05 ), #3661, 'distance_accuracy_value', 'NONE');
#4268 = COLOUR_RGB ( '',0.9254901960784314152, 0.9254901960784314152, 0.9254901960784314152 ) ;
#4269 = ORIENTED_EDGE ( 'NONE', *, *, #5315, .T. ) ;
#4270 = MECHANICAL_DESIGN_GEOMETRIC_PRESENTATION_REPRESENTATION (  '', ( #3036 ), #3496 ) ;
#4271 = DIRECTION ( 'NONE',  ( -2.168392568715800493E-19, 0.4999972845804250832, -0.8660269715269852675 ) ) ;
#4272 = ORIENTED_EDGE ( 'NONE', *, *, #2133, .F. ) ;
#4273 = DIRECTION ( 'NONE',  ( -1.000000000000000000, 0.000000000000000000, 0.000000000000000000 ) ) ;
#4274 = ADVANCED_FACE ( 'NONE', ( #4995 ), #1468, .F. ) ;
#4275 = CARTESIAN_POINT ( 'NONE',  ( -19.98706830915702426, 42.28209802165865483, -19.63494727536795281 ) ) ;
#4276 = STYLED_ITEM ( 'NONE', ( #2041 ), #2013 ) ;
#4277 = DIRECTION ( 'NONE',  ( 0.000000000000000000, -1.000000000000000000, 5.551115123125790098E-17 ) ) ;
#4278 = EDGE_CURVE ( 'NONE', #3581, #769, #3116, .T. ) ;
#4279 = CARTESIAN_POINT ( 'NONE',  ( -24.00000047586969032, 41.04341044254577042, 0.3351239000469099505 ) ) ;
#4280 = AXIS2_PLACEMENT_3D ( 'NONE', #1092, #3297, #279 ) ;
#4281 = CIRCLE ( 'NONE', #703, 1.650000000000000355 ) ;
#4282 = PRESENTATION_STYLE_ASSIGNMENT (( #660 ) ) ;
#4283 = CARTESIAN_POINT ( 'NONE',  ( 19.50000000000000000, 18.30581571957040055, 17.38353990612920086 ) ) ;
#4284 = ORIENTED_EDGE ( 'NONE', *, *, #2704, .F. ) ;
#4285 = VERTEX_POINT ( 'NONE', #2288 ) ;
#4286 =( GEOMETRIC_REPRESENTATION_CONTEXT ( 3 ) GLOBAL_UNCERTAINTY_ASSIGNED_CONTEXT ( ( #154 ) ) GLOBAL_UNIT_ASSIGNED_CONTEXT ( ( #2249, #1333, #44 ) ) REPRESENTATION_CONTEXT ( 'NONE', 'WORKASPACE' ) );
#4287 = ORIENTED_EDGE ( 'NONE', *, *, #1294, .F. ) ;
#4288 = CIRCLE ( 'NONE', #3150, 1.650000000000000355 ) ;
#4289 = DIRECTION ( 'NONE',  ( -0.7071067811865457964, 0.7071067811865492381, -3.925231146709452708E-17 ) ) ;
#4290 = EDGE_CURVE ( 'NONE', #3105, #5288, #3982, .T. ) ;
#4291 = STYLED_ITEM ( 'NONE', ( #4931 ), #692 ) ;
#4292 = FILL_AREA_STYLE_COLOUR ( '', #1571 ) ;
#4293 = CARTESIAN_POINT ( 'NONE',  ( 19.50000000000000000, 9.473107501410597209, 7.805701449348794618 ) ) ;
#4294 = CARTESIAN_POINT ( 'NONE',  ( -19.97969632563023623, 42.27079934983056830, -19.64232986241788836 ) ) ;
#4295 = ORIENTED_EDGE ( 'NONE', *, *, #5130, .T. ) ;
#4296 = ORIENTED_EDGE ( 'NONE', *, *, #2095, .F. ) ;
#4297 = PRESENTATION_LAYER_ASSIGNMENT (  '', '', ( #4471 ) ) ;
#4298 = CARTESIAN_POINT ( 'NONE',  ( -19.50000000000000000, 12.96307512163177833, 4.161751634651789544 ) ) ;
#4299 = CARTESIAN_POINT ( 'NONE',  ( -19.23136536789240836, 43.51905073388739709, -20.99075756412569405 ) ) ;
#4300 = ORIENTED_EDGE ( 'NONE', *, *, #4073, .F. ) ;
#4301 = CYLINDRICAL_SURFACE ( 'NONE', #4280, 1.650000000000000355 ) ;
#4302 = ORIENTED_EDGE ( 'NONE', *, *, #2058, .T. ) ;
#4303 = CARTESIAN_POINT ( 'NONE',  ( -18.28060671531022408, 41.13499769667199502, -21.03268189768877150 ) ) ;
#4304 = CARTESIAN_POINT ( 'NONE',  ( -19.63274349642789218, 41.43301148715408289, -19.92014112472119791 ) ) ;
#4305 = FILL_AREA_STYLE ('',( #3007 ) ) ;
#4306 = VECTOR ( 'NONE', #2965, 1000.000000000000000 ) ;
#4307 = CARTESIAN_POINT ( 'NONE',  ( 23.99999952413039850, 55.61473544452680073, -7.417956878063881376 ) ) ;
#4308 = CARTESIAN_POINT ( 'NONE',  ( 19.50000000000000000, -10.96946932730698698, 17.73969508567892461 ) ) ;
#4309 = FACE_OUTER_BOUND ( 'NONE', #1071, .T. ) ;
#4310 = ORIENTED_EDGE ( 'NONE', *, *, #5203, .F. ) ;
#4311 = ORIENTED_EDGE ( 'NONE', *, *, #385, .F. ) ;
#4312 = EDGE_CURVE ( 'NONE', #4131, #1738, #1868, .T. ) ;
#4313 = VERTEX_POINT ( 'NONE', #3830 ) ;
#4314 = CARTESIAN_POINT ( 'NONE',  ( 5.904372397093415437, -40.87368872618699811, 37.78353990612920654 ) ) ;
#4315 = DIRECTION ( 'NONE',  ( -1.000000000000000000, 0.000000000000000000, 0.000000000000000000 ) ) ;
#4316 = DIRECTION ( 'NONE',  ( 2.168392568715800252E-19, -0.4999972845804250277, 0.8660269715269851565 ) ) ;
#4317 = EDGE_CURVE ( 'NONE', #4966, #5717, #2769, .T. ) ;
#4318 = LINE ( 'NONE', #2141, #1964 ) ;
#4319 = VERTEX_POINT ( 'NONE', #2377 ) ;
#4320 = CARTESIAN_POINT ( 'NONE',  ( -19.32977923450954094, 32.28459506330857920, -4.721743899391442234 ) ) ;
#4321 = VERTEX_POINT ( 'NONE', #3798 ) ;
#4322 = ADVANCED_FACE ( 'NONE', ( #2886 ), #4732, .F. ) ;
#4323 = DIRECTION ( 'NONE',  ( 0.000000000000000000, 0.2588220737555257389, 0.9659250147588525071 ) ) ;
#4324 = UNCERTAINTY_MEASURE_WITH_UNIT (LENGTH_MEASURE( 1.000000000000000082E-05 ), #5219, 'distance_accuracy_value', 'NONE');
#4325 = MECHANICAL_DESIGN_GEOMETRIC_PRESENTATION_REPRESENTATION (  '', ( #4052 ), #3193 ) ;
#4326 = ORIENTED_EDGE ( 'NONE', *, *, #2563, .F. ) ;
#4327 =( NAMED_UNIT ( * ) PLANE_ANGLE_UNIT ( ) SI_UNIT ( $, .RADIAN. ) );
#4328 = ORIENTED_EDGE ( 'NONE', *, *, #3269, .F. ) ;
#4329 = MECHANICAL_DESIGN_GEOMETRIC_PRESENTATION_REPRESENTATION (  '', ( #209 ), #3720 ) ;
#4330 = CARTESIAN_POINT ( 'NONE',  ( -19.21614979993789873, 41.04002693512389754, -20.30214548799419561 ) ) ;
#4331 = CARTESIAN_POINT ( 'NONE',  ( 15.09869747408849960, -26.62172815897734779, 41.78353990612919944 ) ) ;
#4332 = COLOUR_RGB ( '',0.9254901960784314152, 0.9254901960784314152, 0.9254901960784314152 ) ;
#4333 = DIRECTION ( 'NONE',  ( -1.000000000000000000, -0.000000000000000000, -0.000000000000000000 ) ) ;
#4334 = DIRECTION ( 'NONE',  ( -2.168392568715799049E-19, 0.4999972845804250832, -0.8660269715269851565 ) ) ;
#4335 = ORIENTED_EDGE ( 'NONE', *, *, #610, .F. ) ;
#4336 = ORIENTED_EDGE ( 'NONE', *, *, #3628, .T. ) ;
#4337 = PRESENTATION_LAYER_ASSIGNMENT (  '', '', ( #4525 ) ) ;
#4338 = EDGE_LOOP ( 'NONE', ( #5184, #880, #2686, #463 ) ) ;
#4339 = COLOUR_RGB ( '',0.9254901960784314152, 0.9254901960784314152, 0.9254901960784314152 ) ;
#4340 = FACE_OUTER_BOUND ( 'NONE', #2751, .T. ) ;
#4341 = DIRECTION ( 'NONE',  ( 0.000000000000000000, -5.551115123125779004E-17, -1.000000000000000000 ) ) ;
#4342 = ORIENTED_EDGE ( 'NONE', *, *, #2735, .F. ) ;
#4343 = ORIENTED_EDGE ( 'NONE', *, *, #4875, .T. ) ;
#4344 = DIRECTION ( 'NONE',  ( -1.000000000000000000, -4.336808689942020625E-19, -6.437509947715496544E-35 ) ) ;
#4345 = CIRCLE ( 'NONE', #5460, 2.899999999999999911 ) ;
#4346 = SURFACE_STYLE_FILL_AREA ( #3950 ) ;
#4347 = EDGE_CURVE ( 'NONE', #3526, #3315, #4125, .T. ) ;
#4348 = DIRECTION ( 'NONE',  ( -0.000000000000000000, 5.551115123125779621E-17, 1.000000000000000000 ) ) ;
#4349 = EDGE_CURVE ( 'NONE', #3038, #4966, #5534, .T. ) ;
#4350 = CYLINDRICAL_SURFACE ( 'NONE', #2921, 1.650000000000000355 ) ;
#4351 = EDGE_LOOP ( 'NONE', ( #3875, #3957, #4751, #2008, #691, #2483, #5230, #5754, #4833 ) ) ;
#4352 = VECTOR ( 'NONE', #2688, 999.9999999999997726 ) ;
#4353 = ORIENTED_EDGE ( 'NONE', *, *, #4419, .F. ) ;
#4354 = TOROIDAL_SURFACE ( 'NONE', #1825, 4.000000000000000000, 1.000000000000000000 ) ;
#4355 = EDGE_CURVE ( 'NONE', #5173, #693, #1525, .T. ) ;
#4356 = DIRECTION ( 'NONE',  ( -0.7071067811865441310, 0.4982514590160428414, 0.5017424474652202315 ) ) ;
#4357 = ORIENTED_EDGE ( 'NONE', *, *, #1144, .F. ) ;
#4358 = LINE ( 'NONE', #5726, #1532 ) ;
#4359 = DIRECTION ( 'NONE',  ( 4.228670611456740061E-32, -5.551115123125779621E-17, -1.000000000000000000 ) ) ;
#4360 = CIRCLE ( 'NONE', #2206, 3.000000000000001332 ) ;
#4361 = DIRECTION ( 'NONE',  ( 0.000000000000000000, 5.551115123125790098E-17, 1.000000000000000000 ) ) ;
#4362 = ORIENTED_EDGE ( 'NONE', *, *, #3995, .T. ) ;
#4363 = ORIENTED_EDGE ( 'NONE', *, *, #1795, .F. ) ;
#4364 = AXIS2_PLACEMENT_3D ( 'NONE', #4420, #3541, #398 ) ;
#4365 = AXIS2_PLACEMENT_3D ( 'NONE', #5468, #4509, #4541 ) ;
#4366 = DIRECTION ( 'NONE',  ( -1.122461818611769444E-19, 0.2588220737555249062, 0.9659250147588526181 ) ) ;
#4367 = ORIENTED_EDGE ( 'NONE', *, *, #4672, .T. ) ;
#4368 = ORIENTED_EDGE ( 'NONE', *, *, #5380, .F. ) ;
#4369 = AXIS2_PLACEMENT_3D ( 'NONE', #5392, #1380, #3165 ) ;
#4370 = CARTESIAN_POINT ( 'NONE',  ( -0.001302525911494698853, -50.96946932731190572, 37.78353990612920654 ) ) ;
#4371 = SURFACE_SIDE_STYLE ('',( #3883 ) ) ;
#4372 = COLOUR_RGB ( '',0.9254901960784314152, 0.9254901960784314152, 0.9254901960784314152 ) ;
#4373 = AXIS2_PLACEMENT_3D ( 'NONE', #196, #5211, #1192 ) ;
#4374 = SURFACE_SIDE_STYLE ('',( #4813 ) ) ;
#4375 = ORIENTED_EDGE ( 'NONE', *, *, #4042, .T. ) ;
#4376 = AXIS2_PLACEMENT_3D ( 'NONE', #977, #2809, #4590 ) ;
#4377 = VERTEX_POINT ( 'NONE', #5600 ) ;
#4378 = STYLED_ITEM ( 'NONE', ( #1924 ), #5552 ) ;
#4379 = ADVANCED_FACE ( 'NONE', ( #268 ), #4719, .F. ) ;
#4380 = VECTOR ( 'NONE', #1187, 1000.000000000000114 ) ;
#4381 = CYLINDRICAL_SURFACE ( 'NONE', #2121, 28.65000000000000213 ) ;
#4382 = ADVANCED_FACE ( 'NONE', ( #5275 ), #467, .F. ) ;
#4383 = ORIENTED_EDGE ( 'NONE', *, *, #3637, .T. ) ;
#4384 = VECTOR ( 'NONE', #4883, 1000.000000000000114 ) ;
#4385 = EDGE_CURVE ( 'NONE', #5133, #1735, #781, .T. ) ;
#4386 = SURFACE_SIDE_STYLE ('',( #2982 ) ) ;
#4387 = SURFACE_STYLE_FILL_AREA ( #1655 ) ;
#4388 = AXIS2_PLACEMENT_3D ( 'NONE', #5814, #3148, #1446 ) ;
#4389 = DIRECTION ( 'NONE',  ( -2.168392568715800493E-19, 0.4999972845804250832, -0.8660269715269852675 ) ) ;
#4390 = PRESENTATION_STYLE_ASSIGNMENT (( #2543 ) ) ;
#4391 = EDGE_LOOP ( 'NONE', ( #1289, #3810, #4928, #4687 ) ) ;
#4392 = AXIS2_PLACEMENT_3D ( 'NONE', #316, #5222, #400 ) ;
#4393 = FACE_OUTER_BOUND ( 'NONE', #2245, .T. ) ;
#4394 = CARTESIAN_POINT ( 'NONE',  ( 21.50145552413040306, 49.36476938726910646, 3.407380266022498994 ) ) ;
#4395 = CARTESIAN_POINT ( 'NONE',  ( 18.50000000000001421, 19.33798309278793681, 17.73969508567892461 ) ) ;
#4396 = DIRECTION ( 'NONE',  ( 0.000000000000000000, -0.9051962300684738283, 0.4249938647437425110 ) ) ;
#4397 = ORIENTED_EDGE ( 'NONE', *, *, #4136, .F. ) ;
#4398 = ORIENTED_EDGE ( 'NONE', *, *, #4107, .F. ) ;
#4399 = SURFACE_SIDE_STYLE ('',( #438 ) ) ;
#4400 = CARTESIAN_POINT ( 'NONE',  ( -22.91191487421021833, 38.52351551374415806, -0.1967124587525256874 ) ) ;
#4401 = SURFACE_SIDE_STYLE ('',( #817 ) ) ;
#4402 = VERTEX_POINT ( 'NONE', #730 ) ;
#4403 = STYLED_ITEM ( 'NONE', ( #1315 ), #326 ) ;
#4404 = DIRECTION ( 'NONE',  ( -2.168392568715800493E-19, 0.4999972845804250832, -0.8660269715269852675 ) ) ;
#4405 = ORIENTED_EDGE ( 'NONE', *, *, #3449, .F. ) ;
#4406 =( NAMED_UNIT ( * ) PLANE_ANGLE_UNIT ( ) SI_UNIT ( $, .RADIAN. ) );
#4407 = DIRECTION ( 'NONE',  ( -1.595945597898661896E-14, -0.8660269715269852675, -0.4999972845804248611 ) ) ;
#4408 = EDGE_CURVE ( 'NONE', #4313, #2621, #4870, .T. ) ;
#4409 = DIRECTION ( 'NONE',  ( 0.7071067811865325847, -0.3535514705016833403, 0.6123735442571948129 ) ) ;
#4410 = DIRECTION ( 'NONE',  ( -2.168392568715800012E-19, 0.4999972845804249721, -0.8660269715269850455 ) ) ;
#4411 = ADVANCED_FACE ( 'NONE', ( #3510 ), #2528, .T. ) ;
#4412 = CARTESIAN_POINT ( 'NONE',  ( -19.50000000000000000, -26.62172815897735134, 40.78353990612919944 ) ) ;
#4413 = CARTESIAN_POINT ( 'NONE',  ( 3.447000578851375230E-13, 10.67973472455859962, -36.82509912640939831 ) ) ;
#4414 = CARTESIAN_POINT ( 'NONE',  ( 19.50000000000000000, -14.91394385214018925, 10.88353990612919908 ) ) ;
#4415 = ORIENTED_EDGE ( 'NONE', *, *, #2190, .F. ) ;
#4416 =( NAMED_UNIT ( * ) PLANE_ANGLE_UNIT ( ) SI_UNIT ( $, .RADIAN. ) );
#4417 = FACE_OUTER_BOUND ( 'NONE', #49, .T. ) ;
#4418 = CARTESIAN_POINT ( 'NONE',  ( -20.37976138173538487, 37.03016534247644387, -9.102547700404164388 ) ) ;
#4419 = EDGE_CURVE ( 'NONE', #3536, #5367, #2585, .T. ) ;
#4420 = CARTESIAN_POINT ( 'NONE',  ( 20.37566504373030085, 44.44445798510369627, -21.94996201357760057 ) ) ;
#4421 = LINE ( 'NONE', #1345, #616 ) ;
#4422 = CARTESIAN_POINT ( 'NONE',  ( 20.56684019755875426, 43.72816104370192392, -20.01099613043556147 ) ) ;
#4423 = VERTEX_POINT ( 'NONE', #4865 ) ;
#4424 = VECTOR ( 'NONE', #3363, 1000.000000000000114 ) ;
#4425 = VERTEX_POINT ( 'NONE', #3020 ) ;
#4426 = DIRECTION ( 'NONE',  ( 0.000000000000000000, 0.2588220737554786655, 0.9659250147588650526 ) ) ;
#4427 = CARTESIAN_POINT ( 'NONE',  ( -12.65130252591150040, -20.46946932730794089, 37.78353990612920654 ) ) ;
#4428 = DIRECTION ( 'NONE',  ( 0.000000000000000000, 1.000000000000000000, 0.000000000000000000 ) ) ;
#4429 = ORIENTED_EDGE ( 'NONE', *, *, #5023, .F. ) ;
#4430 = AXIS2_PLACEMENT_3D ( 'NONE', #4133, #4158, #4239 ) ;
#4431 = DIRECTION ( 'NONE',  ( 1.000000000000000000, 4.336808689942019662E-19, 3.423875456688419960E-34 ) ) ;
#4432 = PRESENTATION_STYLE_ASSIGNMENT (( #2207 ) ) ;
#4433 = CARTESIAN_POINT ( 'NONE',  ( 18.50000000000001421, -9.969469327311898610, 41.78353990612919944 ) ) ;
#4434 = ORIENTED_EDGE ( 'NONE', *, *, #3999, .T. ) ;
#4435 = FACE_OUTER_BOUND ( 'NONE', #4338, .T. ) ;
#4436 = LINE ( 'NONE', #3118, #312 ) ;
#4437 = SURFACE_STYLE_USAGE ( .BOTH. , #5321 ) ;
#4438 = FACE_OUTER_BOUND ( 'NONE', #704, .T. ) ;
#4439 = SURFACE_STYLE_FILL_AREA ( #3122 ) ;
#4440 = CARTESIAN_POINT ( 'NONE',  ( 19.49854399995288290, 44.11125323436355927, -20.83278178594472152 ) ) ;
#4441 = DIRECTION ( 'NONE',  ( -0.7071067811865504593, -0.4982514590160384005, -0.5017424474652157906 ) ) ;
#4442 = CARTESIAN_POINT ( 'NONE',  ( -20.95165601195209248, 44.36220204529747946, -19.68805526255850324 ) ) ;
#4443 = VERTEX_POINT ( 'NONE', #2555 ) ;
#4444 = UNCERTAINTY_MEASURE_WITH_UNIT (LENGTH_MEASURE( 1.000000000000000082E-05 ), #451, 'distance_accuracy_value', 'NONE');
#4445 = EDGE_CURVE ( 'NONE', #2160, #40, #4318, .T. ) ;
#4446 = CARTESIAN_POINT ( 'NONE',  ( -18.99854447586969641, 78.28257059864012035, 21.83500735664723180 ) ) ;
#4447 = PLANE ( 'NONE',  #5082 ) ;
#4448 = EDGE_CURVE ( 'NONE', #2927, #3461, #1635, .T. ) ;
#4449 = CARTESIAN_POINT ( 'NONE',  ( 19.49869747408850174, -15.46946932731193414, 37.78353990612920654 ) ) ;
#4450 = LINE ( 'NONE', #428, #2233 ) ;
#4451 = COLOUR_RGB ( '',0.9254901960784314152, 0.9254901960784314152, 0.9254901960784314152 ) ;
#4452 = CARTESIAN_POINT ( 'NONE',  ( 19.50000000000000000, 1.722133822471258124, 0.0004207350894067599253 ) ) ;
#4453 = FACE_OUTER_BOUND ( 'NONE', #1548, .T. ) ;
#4454 = CARTESIAN_POINT ( 'NONE',  ( -19.50000000000000000, 40.05656278030208739, -19.60609594886908269 ) ) ;
#4455 = FACE_BOUND ( 'NONE', #1458, .T. ) ;
#4456 = ORIENTED_EDGE ( 'NONE', *, *, #5705, .T. ) ;
#4457 = EDGE_LOOP ( 'NONE', ( #5509, #2580, #2920, #3712, #5785 ) ) ;
#4458 = COLOUR_RGB ( '',0.6274509803921568540, 0.6274509803921568540, 0.6274509803921568540 ) ;
#4459 = EDGE_CURVE ( 'NONE', #1404, #3948, #2644, .T. ) ;
#4460 = FACE_OUTER_BOUND ( 'NONE', #5781, .T. ) ;
#4461 = CARTESIAN_POINT ( 'NONE',  ( 14.50086736455030056, 44.54542484137370906, 3.511696663276298480 ) ) ;
#4462 = EDGE_CURVE ( 'NONE', #1738, #5047, #5640, .T. ) ;
#4463 = FILL_AREA_STYLE_COLOUR ( '', #4451 ) ;
#4464 = ORIENTED_EDGE ( 'NONE', *, *, #1302, .T. ) ;
#4465 = ORIENTED_EDGE ( 'NONE', *, *, #2852, .T. ) ;
#4466 = AXIS2_PLACEMENT_3D ( 'NONE', #2673, #3484, #3945 ) ;
#4467 = AXIS2_PLACEMENT_3D ( 'NONE', #5050, #4605, #22 ) ;
#4468 = DIRECTION ( 'NONE',  ( -1.000000000000000000, 0.000000000000000000, 0.000000000000000000 ) ) ;
#4469 = ORIENTED_EDGE ( 'NONE', *, *, #4783, .F. ) ;
#4470 = CIRCLE ( 'NONE', #4015, 1.650000000000000355 ) ;
#4471 = STYLED_ITEM ( 'NONE', ( #2796 ), #1076 ) ;
#4472 = CARTESIAN_POINT ( 'NONE',  ( 18.49869747408849108, -16.46946932731194835, 37.78353990612920654 ) ) ;
#4473 = CARTESIAN_POINT ( 'NONE',  ( 19.69558807016490931, 32.43627309154578597, -3.876273074756602099 ) ) ;
#4474 = LINE ( 'NONE', #3120, #4563 ) ;
#4475 = CARTESIAN_POINT ( 'NONE',  ( 19.15863415942768455, 40.91932758672484027, -20.28958974511838775 ) ) ;
#4476 = VECTOR ( 'NONE', #2697, 1000.000000000000114 ) ;
#4477 = LINE ( 'NONE', #4798, #1657 ) ;
#4478 = CARTESIAN_POINT ( 'NONE',  ( -19.50244010875757894, 44.11397377908137685, -20.83190429737373606 ) ) ;
#4479 = ORIENTED_EDGE ( 'NONE', *, *, #4290, .T. ) ;
#4480 = PRESENTATION_STYLE_ASSIGNMENT (( #5762 ) ) ;
#4481 = DIRECTION ( 'NONE',  ( 0.000000000000000000, 0.000000000000000000, 1.000000000000000000 ) ) ;
#4482 = CARTESIAN_POINT ( 'NONE',  ( -18.56177617490818577, 41.66470832728610674, -21.02934117837657979 ) ) ;
#4483 = DIRECTION ( 'NONE',  ( 0.000000000000000000, 5.551115123125790098E-17, 1.000000000000000000 ) ) ;
#4484 = DIRECTION ( 'NONE',  ( 2.168392568783720338E-19, -0.4999972845804250832, 0.8660269715269852675 ) ) ;
#4485 = ORIENTED_EDGE ( 'NONE', *, *, #1560, .T. ) ;
#4486 = ADVANCED_FACE ( 'NONE', ( #3460 ), #3427, .T. ) ;
#4487 = ORIENTED_EDGE ( 'NONE', *, *, #3695, .T. ) ;
#4488 = VECTOR ( 'NONE', #1898, 1000.000000000000114 ) ;
#4489 = DIRECTION ( 'NONE',  ( -4.336808689942019662E-19, 1.000000000000000000, 0.000000000000000000 ) ) ;
#4490 = CARTESIAN_POINT ( 'NONE',  ( -15.50000046681324584, 87.78251900558284149, 5.380494897588231851 ) ) ;
#4491 = EDGE_CURVE ( 'NONE', #746, #1891, #1607, .T. ) ;
#4492 =( NAMED_UNIT ( * ) SI_UNIT ( $, .STERADIAN. ) SOLID_ANGLE_UNIT ( ) );
#4493 = ORIENTED_EDGE ( 'NONE', *, *, #1147, .F. ) ;
#4494 = EDGE_CURVE ( 'NONE', #4567, #3283, #369, .T. ) ;
#4495 = CARTESIAN_POINT ( 'NONE',  ( -19.50000000000000000, 8.713136474194344672, -4.890210666032936970 ) ) ;
#4496 = LINE ( 'NONE', #4586, #67 ) ;
#4497 = APPLICATION_PROTOCOL_DEFINITION ( 'draft international standard', 'automotive_design', 1998, #1319 ) ;
#4498 = ORIENTED_EDGE ( 'NONE', *, *, #5023, .T. ) ;
#4499 = COLOUR_RGB ( '',0.9254901960784314152, 0.9254901960784314152, 0.9254901960784314152 ) ;
#4500 = DIRECTION ( 'NONE',  ( -3.761561494084947940E-35, -0.8660269715269850455, -0.4999972845804249721 ) ) ;
#4501 = LINE ( 'NONE', #2296, #959 ) ;
#4502 = FILL_AREA_STYLE_COLOUR ( '', #708 ) ;
#4503 = CYLINDRICAL_SURFACE ( 'NONE', #3911, 2.999999999999999556 ) ;
#4504 = CARTESIAN_POINT ( 'NONE',  ( -23.00000047586971164, 80.92128702555636721, 0.2644910033011345085 ) ) ;
#4505 = EDGE_LOOP ( 'NONE', ( #5161, #533, #5393, #5621, #4731, #1629 ) ) ;
#4506 = CIRCLE ( 'NONE', #1505, 1.650000000000000355 ) ;
#4507 =( NAMED_UNIT ( * ) SI_UNIT ( $, .STERADIAN. ) SOLID_ANGLE_UNIT ( ) );
#4508 = CARTESIAN_POINT ( 'NONE',  ( 19.50032724784789195, 40.14596910443945887, -19.64771111487227273 ) ) ;
#4509 = DIRECTION ( 'NONE',  ( 0.000000000000000000, 5.551115123125790098E-17, 1.000000000000000000 ) ) ;
#4510 = AXIS2_PLACEMENT_3D ( 'NONE', #114, #3634, #5422 ) ;
#4511 = DIRECTION ( 'NONE',  ( 0.000000000000000000, -0.4999972845804258603, 0.8660269715269847124 ) ) ;
#4512 = CARTESIAN_POINT ( 'NONE',  ( -9.998544475869659109, 67.17107708332700611, -6.519440475373750488 ) ) ;
#4513 = FACE_OUTER_BOUND ( 'NONE', #3757, .T. ) ;
#4514 =( LENGTH_UNIT ( ) NAMED_UNIT ( * ) SI_UNIT ( .MILLI., .METRE. ) );
#4515 = ORIENTED_EDGE ( 'NONE', *, *, #474, .F. ) ;
#4516 = ORIENTED_EDGE ( 'NONE', *, *, #2985, .F. ) ;
#4517 = AXIS2_PLACEMENT_3D ( 'NONE', #1528, #2440, #1562 ) ;
#4518 = CARTESIAN_POINT ( 'NONE',  ( -12.65130252591150040, -20.46946932730794089, 41.78353990612919944 ) ) ;
#4519 = VECTOR ( 'NONE', #3846, 1000.000000000000000 ) ;
#4520 =( GEOMETRIC_REPRESENTATION_CONTEXT ( 3 ) GLOBAL_UNCERTAINTY_ASSIGNED_CONTEXT ( ( #2861 ) ) GLOBAL_UNIT_ASSIGNED_CONTEXT ( ( #5246, #4416, #5271 ) ) REPRESENTATION_CONTEXT ( 'NONE', 'WORKASPACE' ) );
#4521 = CARTESIAN_POINT ( 'NONE',  ( -15.10130252591150146, -26.62172815897734779, 38.78353990612922786 ) ) ;
#4522 = ORIENTED_EDGE ( 'NONE', *, *, #1445, .F. ) ;
#4523 = EDGE_CURVE ( 'NONE', #4762, #4900, #2109, .T. ) ;
#4524 = DIRECTION ( 'NONE',  ( 3.926927030438489722E-51, 5.551115123125790098E-17, 1.000000000000000000 ) ) ;
#4525 = STYLED_ITEM ( 'NONE', ( #3127 ), #3085 ) ;
#4526 = ADVANCED_FACE ( 'NONE', ( #1701 ), #3946, .F. ) ;
#4527 = DIRECTION ( 'NONE',  ( -2.168392568715800012E-19, 0.4999972845804249721, -0.8660269715269850455 ) ) ;
#4528 = AXIS2_PLACEMENT_3D ( 'NONE', #1799, #3152, #975 ) ;
#4529 = ORIENTED_EDGE ( 'NONE', *, *, #1118, .T. ) ;
#4530 = DIRECTION ( 'NONE',  ( -4.529107798858459744E-10, -0.4999972845761179174, 0.8660269715294718340 ) ) ;
#4531 = STYLED_ITEM ( 'NONE', ( #2561 ), #2557 ) ;
#4532 = PRESENTATION_STYLE_ASSIGNMENT (( #5320 ) ) ;
#4533 = EDGE_CURVE ( 'NONE', #1769, #980, #5803, .T. ) ;
#4534 = FILL_AREA_STYLE_COLOUR ( '', #715 ) ;
#4535 = CARTESIAN_POINT ( 'NONE',  ( 19.50000000000000000, 19.33798309278793681, 14.88353990612920086 ) ) ;
#4536 = PRESENTATION_STYLE_ASSIGNMENT (( #886 ) ) ;
#4537 = ORIENTED_EDGE ( 'NONE', *, *, #1327, .T. ) ;
#4538 = STYLED_ITEM ( 'NONE', ( #940 ), #2414 ) ;
#4539 = DIRECTION ( 'NONE',  ( -1.000000000000000000, -0.000000000000000000, -0.000000000000000000 ) ) ;
#4540 = CIRCLE ( 'NONE', #5286, 1.650000000000000355 ) ;
#4541 = DIRECTION ( 'NONE',  ( 0.000000000000000000, -1.000000000000000000, 5.551115123125790098E-17 ) ) ;
#4542 = CARTESIAN_POINT ( 'NONE',  ( -12.65130252591150040, -20.46946932730794089, 17.38353990612920086 ) ) ;
#4543 = CARTESIAN_POINT ( 'NONE',  ( -11.64854447586965946, 67.67107436791040698, -7.385467446900160660 ) ) ;
#4544 = ORIENTED_EDGE ( 'NONE', *, *, #1762, .F. ) ;
#4545 = ORIENTED_EDGE ( 'NONE', *, *, #3637, .F. ) ;
#4546 = VECTOR ( 'NONE', #3691, 1000.000000000000000 ) ;
#4547 = DIRECTION ( 'NONE',  ( 0.000000000000000000, 0.4453052447473870301, 0.8953788242975538880 ) ) ;
#4548 = DIRECTION ( 'NONE',  ( 1.000000000000000000, 4.336808689942019662E-19, -2.139922160430259802E-35 ) ) ;
#4549 = PLANE ( 'NONE',  #884 ) ;
#4550 = DIRECTION ( 'NONE',  ( 3.926927030438489722E-51, 5.551115123125790098E-17, 1.000000000000000000 ) ) ;
#4551 = ORIENTED_EDGE ( 'NONE', *, *, #2157, .T. ) ;
#4552 = CARTESIAN_POINT ( 'NONE',  ( -11.00130252591150004, -20.46946932730794089, 13.88353990612919908 ) ) ;
#4553 = CIRCLE ( 'NONE', #3813, 2.899999999999999911 ) ;
#4554 = FILL_AREA_STYLE_COLOUR ( '', #3735 ) ;
#4555 = UNCERTAINTY_MEASURE_WITH_UNIT (LENGTH_MEASURE( 1.000000000000000082E-05 ), #1706, 'distance_accuracy_value', 'NONE');
#4556 = STYLED_ITEM ( 'NONE', ( #4981 ), #2078 ) ;
#4557 = CARTESIAN_POINT ( 'NONE',  ( -19.69156793169871023, 44.51772146120185880, -20.70145963278108425 ) ) ;
#4558 = ORIENTED_EDGE ( 'NONE', *, *, #5391, .F. ) ;
#4559 = ADVANCED_FACE ( 'NONE', ( #5360 ), #5012, .T. ) ;
#4560 = VECTOR ( 'NONE', #547, 1000.000000000000000 ) ;
#4561 = PRESENTATION_STYLE_ASSIGNMENT (( #1503 ) ) ;
#4562 = CARTESIAN_POINT ( 'NONE',  ( 22.75145552413039951, 52.48953870940330546, -7.490229316911911184 ) ) ;
#4563 = VECTOR ( 'NONE', #4018, 1000.000000000000000 ) ;
#4564 = EDGE_CURVE ( 'NONE', #3288, #1045, #5783, .T. ) ;
#4565 = STYLED_ITEM ( 'NONE', ( #1772 ), #5414 ) ;
#4566 = CYLINDRICAL_SURFACE ( 'NONE', #2891, 5.000000000000000888 ) ;
#4567 = VERTEX_POINT ( 'NONE', #432 ) ;
#4568 = EDGE_CURVE ( 'NONE', #3016, #1602, #3136, .T. ) ;
#4569 = AXIS2_PLACEMENT_3D ( 'NONE', #3675, #1030, #5035 ) ;
#4570 = CARTESIAN_POINT ( 'NONE',  ( 19.50808252150991251, 40.50684740380064142, -19.79582682521593995 ) ) ;
#4571 = PLANE ( 'NONE',  #798 ) ;
#4572 = DIRECTION ( 'NONE',  ( -4.336808689942019662E-19, 1.000000000000000000, 0.000000000000000000 ) ) ;
#4573 = FILL_AREA_STYLE ('',( #3166 ) ) ;
#4574 = ORIENTED_EDGE ( 'NONE', *, *, #1299, .T. ) ;
#4575 = ORIENTED_EDGE ( 'NONE', *, *, #5105, .F. ) ;
#4576 = ORIENTED_EDGE ( 'NONE', *, *, #1979, .F. ) ;
#4577 = DIRECTION ( 'NONE',  ( 1.000000000000000000, 0.000000000000000000, 0.000000000000000000 ) ) ;
#4578 = DIRECTION ( 'NONE',  ( -3.926927030438489722E-51, -5.551115123125790098E-17, -1.000000000000000000 ) ) ;
#4579 = DIRECTION ( 'NONE',  ( -1.000000000000000000, -4.336808689942025440E-19, 0.000000000000000000 ) ) ;
#4580 = DIRECTION ( 'NONE',  ( 1.000000000000000000, 0.000000000000000000, 0.000000000000000000 ) ) ;
#4581 = DIRECTION ( 'NONE',  ( 0.000000000000000000, 0.7095709740235812690, -0.7046339708126667656 ) ) ;
#4582 = SURFACE_STYLE_USAGE ( .BOTH. , #4065 ) ;
#4583 = ORIENTED_EDGE ( 'NONE', *, *, #2165, .T. ) ;
#4584 = FACE_OUTER_BOUND ( 'NONE', #1168, .T. ) ;
#4585 = CARTESIAN_POINT ( 'NONE',  ( 10.00145552413030003, 67.67107436791040698, -7.385467446900160660 ) ) ;
#4586 = CARTESIAN_POINT ( 'NONE',  ( -19.50000000000000000, 42.27079934983056830, -20.12202618804813170 ) ) ;
#4587 = ORIENTED_EDGE ( 'NONE', *, *, #5032, .F. ) ;
#4588 = CARTESIAN_POINT ( 'NONE',  ( -19.40711991972333195, 43.91046143769030152, -20.89759899987230796 ) ) ;
#4589 = SURFACE_STYLE_FILL_AREA ( #2834 ) ;
#4590 = DIRECTION ( 'NONE',  ( 0.000000000000000000, 0.000000000000000000, -1.000000000000000000 ) ) ;
#4591 = ADVANCED_FACE ( 'NONE', ( #1346, #4455, #4031 ), #2788, .F. ) ;
#4592 = ORIENTED_EDGE ( 'NONE', *, *, #5102, .F. ) ;
#4593 = DIRECTION ( 'NONE',  ( -2.168392568715800252E-19, 0.4999972845804250277, -0.8660269715269851565 ) ) ;
#4594 = EDGE_CURVE ( 'NONE', #4089, #4402, #1101, .T. ) ;
#4595 =( LENGTH_UNIT ( ) NAMED_UNIT ( * ) SI_UNIT ( .MILLI., .METRE. ) );
#4596 = DIRECTION ( 'NONE',  ( -0.7071067811865432429, 0.000000000000000000, 0.7071067811865517916 ) ) ;
#4597 = ADVANCED_FACE ( 'NONE', ( #3789 ), #3755, .T. ) ;
#4598 = CYLINDRICAL_SURFACE ( 'NONE', #4726, 1.650000000000000355 ) ;
#4599 = CARTESIAN_POINT ( 'NONE',  ( 18.50000000000001421, -26.62172815897734779, 13.88353990612919908 ) ) ;
#4600 = ORIENTED_EDGE ( 'NONE', *, *, #3194, .T. ) ;
#4601 = ORIENTED_EDGE ( 'NONE', *, *, #2231, .F. ) ;
#4602 = ORIENTED_EDGE ( 'NONE', *, *, #1918, .F. ) ;
#4603 = CARTESIAN_POINT ( 'NONE',  ( 14.50145552413030003, 77.05527635326689051, 4.960655551757800374 ) ) ;
#4604 = DIRECTION ( 'NONE',  ( -3.755793295842400481E-19, 0.8660269715269851565, 0.4999972845804250277 ) ) ;
#4605 = DIRECTION ( 'NONE',  ( -2.168392568715800012E-19, 0.4999972845804249721, -0.8660269715269850455 ) ) ;
#4606 = EDGE_CURVE ( 'NONE', #3916, #5039, #5070, .T. ) ;
#4607 = FILL_AREA_STYLE_COLOUR ( '', #807 ) ;
#4608 = DIRECTION ( 'NONE',  ( 1.000000000000000000, 0.000000000000000000, 0.000000000000000000 ) ) ;
#4609 = CARTESIAN_POINT ( 'NONE',  ( 18.50000000000001421, 1.017499851658588916, -0.7091502389341766133 ) ) ;
#4610 = ORIENTED_EDGE ( 'NONE', *, *, #4533, .F. ) ;
#4611 = AXIS2_PLACEMENT_3D ( 'NONE', #4585, #4527, #500 ) ;
#4612 = DIRECTION ( 'NONE',  ( 0.000000000000000000, -5.551115123125790098E-17, -1.000000000000000000 ) ) ;
#4613 = CARTESIAN_POINT ( 'NONE',  ( -19.50000000000000000, 19.33798309278793681, 17.73969508567892461 ) ) ;
#4614 = UNCERTAINTY_MEASURE_WITH_UNIT (LENGTH_MEASURE( 1.000000000000000082E-05 ), #4795, 'distance_accuracy_value', 'NONE');
#4615 = VERTEX_POINT ( 'NONE', #4200 ) ;
#4616 = CONICAL_SURFACE ( 'NONE', #4242, 26.00000000000000355, 0.7853981633974552734 ) ;
#4617 = CARTESIAN_POINT ( 'NONE',  ( -18.49999892751327479, 41.72810302698258766, -21.09743250905819778 ) ) ;
#4618 =( NAMED_UNIT ( * ) PLANE_ANGLE_UNIT ( ) SI_UNIT ( $, .RADIAN. ) );
#4619 = VECTOR ( 'NONE', #2304, 1000.000000000000000 ) ;
#4620 = CARTESIAN_POINT ( 'NONE',  ( 18.50000000000001066, 13.38806898637553644, 5.066947864720293460 ) ) ;
#4621 = ORIENTED_EDGE ( 'NONE', *, *, #3057, .F. ) ;
#4622 = STYLED_ITEM ( 'NONE', ( #2215 ), #3406 ) ;
#4623 = CARTESIAN_POINT ( 'NONE',  ( 21.50145552413030359, 72.36534872076219926, 13.41466732443328702 ) ) ;
#4624 = FACE_OUTER_BOUND ( 'NONE', #5168, .T. ) ;
#4625 = DIRECTION ( 'NONE',  ( 0.7071067811865470176, 0.3535514705016787884, -0.6123735442571807130 ) ) ;
#4626 = CIRCLE ( 'NONE', #1058, 2.999999999999999556 ) ;
#4627 =( LENGTH_UNIT ( ) NAMED_UNIT ( * ) SI_UNIT ( .MILLI., .METRE. ) );
#4628 = VECTOR ( 'NONE', #91, 1000.000000000000114 ) ;
#4629 =( LENGTH_UNIT ( ) NAMED_UNIT ( * ) SI_UNIT ( .MILLI., .METRE. ) );
#4630 = EDGE_LOOP ( 'NONE', ( #1662, #2142, #1178, #5327 ) ) ;
#4631 = ORIENTED_EDGE ( 'NONE', *, *, #5066, .F. ) ;
#4632 = EDGE_CURVE ( 'NONE', #1195, #3889, #917, .T. ) ;
#4633 = SURFACE_STYLE_USAGE ( .BOTH. , #3171 ) ;
#4634 = CARTESIAN_POINT ( 'NONE',  ( 19.50032724784789195, 40.14596910443945887, -19.64771111487227273 ) ) ;
#4635 = SURFACE_SIDE_STYLE ('',( #5425 ) ) ;
#4636 = EDGE_CURVE ( 'NONE', #960, #4816, #1014, .T. ) ;
#4637 = CARTESIAN_POINT ( 'NONE',  ( -20.06834783223944640, 42.83711880633610747, -20.29911354519738254 ) ) ;
#4638 = EDGE_LOOP ( 'NONE', ( #818, #3855, #2018, #5760 ) ) ;
#4639 = MECHANICAL_DESIGN_GEOMETRIC_PRESENTATION_REPRESENTATION (  '', ( #4538 ), #5661 ) ;
#4640 = ADVANCED_FACE ( 'NONE', ( #632 ), #1134, .T. ) ;
#4641 = AXIS2_PLACEMENT_3D ( 'NONE', #1553, #1669, #696 ) ;
#4642 = LINE ( 'NONE', #3234, #574 ) ;
#4643 = CARTESIAN_POINT ( 'NONE',  ( 19.50000000000000000, 40.14583002611185236, -19.64800733839049229 ) ) ;
#4644 = CIRCLE ( 'NONE', #2776, 2.999999999999999112 ) ;
#4645 = CARTESIAN_POINT ( 'NONE',  ( -18.76553187320375216, 42.41429977343217672, -21.12115521076826141 ) ) ;
#4646 = STYLED_ITEM ( 'NONE', ( #5724 ), #5779 ) ;
#4647 = DIRECTION ( 'NONE',  ( 2.168392568715800493E-19, -0.4999972845804250832, 0.8660269715269852675 ) ) ;
#4648 = PLANE ( 'NONE',  #1643 ) ;
#4649 = FILL_AREA_STYLE_COLOUR ( '', #103 ) ;
#4650 = ORIENTED_EDGE ( 'NONE', *, *, #546, .T. ) ;
#4651 = CIRCLE ( 'NONE', #2126, 129.0140298539000128 ) ;
#4652 = DIRECTION ( 'NONE',  ( 0.000000000000000000, 0.4999972845804258603, -0.8660269715269847124 ) ) ;
#4653 = CIRCLE ( 'NONE', #4373, 6.999999999999999112 ) ;
#4654 =( NAMED_UNIT ( * ) PLANE_ANGLE_UNIT ( ) SI_UNIT ( $, .RADIAN. ) );
#4655 = PRESENTATION_STYLE_ASSIGNMENT (( #2873 ) ) ;
#4656 = VECTOR ( 'NONE', #496, 1000.000000000000000 ) ;
#4657 = CARTESIAN_POINT ( 'NONE',  ( 15.49999951534059583, 87.78251900559504861, 5.380494897595177406 ) ) ;
#4658 = DIRECTION ( 'NONE',  ( -1.000000000000000000, -4.336808689942019662E-19, 0.000000000000000000 ) ) ;
#4659 = ORIENTED_EDGE ( 'NONE', *, *, #4843, .F. ) ;
#4660 = VECTOR ( 'NONE', #5037, 1000.000000000000000 ) ;
#4661 = VERTEX_POINT ( 'NONE', #1719 ) ;
#4662 = MECHANICAL_DESIGN_GEOMETRIC_PRESENTATION_REPRESENTATION (  '', ( #5690 ), #1096 ) ;
#4663 = CARTESIAN_POINT ( 'NONE',  ( 18.97232532123090110, 41.20651133639631070, -20.54877460455396587 ) ) ;
#4664 = ADVANCED_FACE ( 'NONE', ( #4309 ), #745, .F. ) ;
#4665 =( LENGTH_UNIT ( ) NAMED_UNIT ( * ) SI_UNIT ( .MILLI., .METRE. ) );
#4666 = ORIENTED_EDGE ( 'NONE', *, *, #1373, .T. ) ;
#4667 = DIRECTION ( 'NONE',  ( 0.5270506108201920004, 0.8498338976729878924, 0.000000000000000000 ) ) ;
#4668 = VECTOR ( 'NONE', #4871, 1000.000000000000114 ) ;
#4669 = SURFACE_SIDE_STYLE ('',( #4997 ) ) ;
#4670 = ADVANCED_FACE ( 'NONE', ( #2071 ), #1245, .F. ) ;
#4671 = FILL_AREA_STYLE_COLOUR ( '', #2742 ) ;
#4672 = EDGE_CURVE ( 'NONE', #2310, #953, #2490, .T. ) ;
#4673 = DIRECTION ( 'NONE',  ( 0.000000000000000000, 0.9051962300684739393, -0.4249938647437424555 ) ) ;
#4674 = FACE_OUTER_BOUND ( 'NONE', #3202, .T. ) ;
#4675 = CARTESIAN_POINT ( 'NONE',  ( 21.50145552413040306, 77.05527635326689051, 4.960655551757800374 ) ) ;
#4676 = EDGE_CURVE ( 'NONE', #3315, #280, #1148, .T. ) ;
#4677 = CARTESIAN_POINT ( 'NONE',  ( -19.50000000000000000, -10.96946932730703494, 40.78353990612919944 ) ) ;
#4678 = EDGE_LOOP ( 'NONE', ( #5046, #830, #2943, #2536, #898 ) ) ;
#4679 = LINE ( 'NONE', #5064, #5284 ) ;
#4680 = CARTESIAN_POINT ( 'NONE',  ( 19.50000000000000000, 8.768473530597937327, 7.096130475325220566 ) ) ;
#4681 = CARTESIAN_POINT ( 'NONE',  ( 19.50200000000433675, -15.46946932731193769, 17.38353990612920441 ) ) ;
#4682 = LINE ( 'NONE', #3684, #2107 ) ;
#4683 = DIRECTION ( 'NONE',  ( -1.000000000000000000, 0.000000000000000000, 2.503839533880189972E-19 ) ) ;
#4684 =( NAMED_UNIT ( * ) PLANE_ANGLE_UNIT ( ) SI_UNIT ( $, .RADIAN. ) );
#4685 = EDGE_LOOP ( 'NONE', ( #2110, #2054, #4179, #17, #4434, #1933, #2269, #2594, #5071, #5352, #3868, #2175, #5362, #1926, #2340, #4487 ) ) ;
#4686 = EDGE_LOOP ( 'NONE', ( #4826, #4516 ) ) ;
#4687 = ORIENTED_EDGE ( 'NONE', *, *, #1000, .F. ) ;
#4688 =( NAMED_UNIT ( * ) PLANE_ANGLE_UNIT ( ) SI_UNIT ( $, .RADIAN. ) );
#4689 = MECHANICAL_DESIGN_GEOMETRIC_PRESENTATION_REPRESENTATION (  '', ( #4403 ), #199 ) ;
#4690 = CYLINDRICAL_SURFACE ( 'NONE', #2865, 7.000000000000002665 ) ;
#4691 = SURFACE_STYLE_FILL_AREA ( #3763 ) ;
#4692 = ORIENTED_EDGE ( 'NONE', *, *, #1729, .T. ) ;
#4693 = DIRECTION ( 'NONE',  ( 0.000000000000000000, -0.8660269715269848234, -0.4999972845804256938 ) ) ;
#4694 =( BOUNDED_CURVE ( )  B_SPLINE_CURVE ( 3, ( #5272, #3539, #4895, #1222 ),
 .UNSPECIFIED., .F., .T. ) 
 B_SPLINE_CURVE_WITH_KNOTS ( ( 4, 4 ),
 ( 4.379072170403735420, 5.679382297685727110 ),
 .UNSPECIFIED. ) 
 CURVE ( )  GEOMETRIC_REPRESENTATION_ITEM ( )  RATIONAL_B_SPLINE_CURVE ( ( 1.000000000000000000, 0.8639932977140440951, 0.8639932977140440951, 1.000000000000000000 ) ) 
 REPRESENTATION_ITEM ( '' )  );
#4695 = CARTESIAN_POINT ( 'NONE',  ( -14.49854447586969997, 75.61750588524600403, 21.45104111672489822 ) ) ;
#4696 = AXIS2_PLACEMENT_3D ( 'NONE', #2535, #375, #5777 ) ;
#4697 = ADVANCED_FACE ( 'NONE', ( #3620 ), #2721, .T. ) ;
#4698 = ORIENTED_EDGE ( 'NONE', *, *, #4812, .T. ) ;
#4699 = EDGE_CURVE ( 'NONE', #5669, #4001, #1781, .T. ) ;
#4700 = DIRECTION ( 'NONE',  ( -2.168392568715800493E-19, 0.4999972845804250832, -0.8660269715269852675 ) ) ;
#4701 = SURFACE_STYLE_USAGE ( .BOTH. , #1151 ) ;
#4702 = CARTESIAN_POINT ( 'NONE',  ( 19.50000000000000000, 1.017499851658588916, -0.7091502389341766133 ) ) ;
#4703 = ORIENTED_EDGE ( 'NONE', *, *, #4773, .T. ) ;
#4704 = EDGE_CURVE ( 'NONE', #3526, #3105, #5637, .T. ) ;
#4705 = CARTESIAN_POINT ( 'NONE',  ( -19.12969815876297019, 43.29518564319871388, -21.04904312307782277 ) ) ;
#4706 = CARTESIAN_POINT ( 'NONE',  ( 6.101455524136564890, 67.67107436790877273, -7.385467446901107458 ) ) ;
#4707 = LINE ( 'NONE', #4681, #1554 ) ;
#4708 =( NAMED_UNIT ( * ) PLANE_ANGLE_UNIT ( ) SI_UNIT ( $, .RADIAN. ) );
#4709 = CARTESIAN_POINT ( 'NONE',  ( 0.001455524130052699002, 56.99792599741600441, 10.70109949824630036 ) ) ;
#4710 = ORIENTED_EDGE ( 'NONE', *, *, #5247, .F. ) ;
#4711 = ORIENTED_EDGE ( 'NONE', *, *, #2188, .F. ) ;
#4712 =( GEOMETRIC_REPRESENTATION_CONTEXT ( 3 ) GLOBAL_UNCERTAINTY_ASSIGNED_CONTEXT ( ( #5662 ) ) GLOBAL_UNIT_ASSIGNED_CONTEXT ( ( #3271, #4618, #5169 ) ) REPRESENTATION_CONTEXT ( 'NONE', 'WORKASPACE' ) );
#4713 = VERTEX_POINT ( 'NONE', #4504 ) ;
#4714 = FILL_AREA_STYLE ('',( #2929 ) ) ;
#4715 = STYLED_ITEM ( 'NONE', ( #629 ), #3596 ) ;
#4716 = CARTESIAN_POINT ( 'NONE',  ( 23.99999952413039850, 71.53801791147238021, 13.75953326312819414 ) ) ;
#4717 = DIRECTION ( 'NONE',  ( -1.000000000000000000, -4.336808689942019662E-19, 2.407412430484050162E-35 ) ) ;
#4718 = CARTESIAN_POINT ( 'NONE',  ( 19.50200000000433675, -15.46946932731194124, -38.72683685419079325 ) ) ;
#4719 = CYLINDRICAL_SURFACE ( 'NONE', #2723, 3.000000000000001332 ) ;
#4720 = VERTEX_POINT ( 'NONE', #511 ) ;
#4721 = CARTESIAN_POINT ( 'NONE',  ( -18.50000000000002842, -14.91394385214018925, 13.88353990612919908 ) ) ;
#4722 = EDGE_LOOP ( 'NONE', ( #2789, #4610, #2692, #5318 ) ) ;
#4723 = CARTESIAN_POINT ( 'NONE',  ( -93.66238150725969547, 97.52071161451195280, 11.00280230979327101 ) ) ;
#4724 = CARTESIAN_POINT ( 'NONE',  ( 19.50000000000000000, -15.46946932731194124, -38.72683685419079325 ) ) ;
#4725 = UNCERTAINTY_MEASURE_WITH_UNIT (LENGTH_MEASURE( 1.000000000000000082E-05 ), #4197, 'distance_accuracy_value', 'NONE');
#4726 = AXIS2_PLACEMENT_3D ( 'NONE', #3448, #2101, #4768 ) ;
#4727 = VERTEX_POINT ( 'NONE', #39 ) ;
#4728 = ADVANCED_FACE ( 'NONE', ( #3184 ), #388, .F. ) ;
#4729 = VECTOR ( 'NONE', #2623, 1000.000000000000000 ) ;
#4730 =( LENGTH_UNIT ( ) NAMED_UNIT ( * ) SI_UNIT ( .MILLI., .METRE. ) );
#4731 = ORIENTED_EDGE ( 'NONE', *, *, #4491, .F. ) ;
#4732 = CONICAL_SURFACE ( 'NONE', #422, 3.399999995763999916, 0.7853981633974476129 ) ;
#4733 = AXIS2_PLACEMENT_3D ( 'NONE', #2517, #2069, #3935 ) ;
#4734 = FACE_OUTER_BOUND ( 'NONE', #3237, .T. ) ;
#4735 = CARTESIAN_POINT ( 'NONE',  ( 23.99999952412998638, 44.12672414298771884, -5.005376865065198189 ) ) ;
#4736 = ADVANCED_FACE ( 'NONE', ( #2250 ), #4049, .F. ) ;
#4737 = DIRECTION ( 'NONE',  ( 0.000000000000000000, -0.8660269715269852675, -0.4999972845804246946 ) ) ;
#4738 = SURFACE_SIDE_STYLE ('',( #337 ) ) ;
#4739 = VECTOR ( 'NONE', #3497, 1000.000000000000000 ) ;
#4740 = ADVANCED_FACE ( 'NONE', ( #1569 ), #1453, .T. ) ;
#4741 = DIRECTION ( 'NONE',  ( 0.000000000000000000, -0.4999972845329118121, 0.8660269715544167690 ) ) ;
#4742 = SURFACE_SIDE_STYLE ('',( #5212 ) ) ;
#4743 = VERTEX_POINT ( 'NONE', #3242 ) ;
#4744 = ORIENTED_EDGE ( 'NONE', *, *, #1479, .T. ) ;
#4745 = ORIENTED_EDGE ( 'NONE', *, *, #1114, .T. ) ;
#4746 = PRESENTATION_LAYER_ASSIGNMENT (  '', '', ( #527 ) ) ;
#4747 = DIRECTION ( 'NONE',  ( 4.819967768230368143E-08, 0.4999973074168588827, -0.8660269583424576867 ) ) ;
#4748 = CARTESIAN_POINT ( 'NONE',  ( -9.351302525911499686, -20.46946932730794089, 41.78353990612919944 ) ) ;
#4749 = PRESENTATION_STYLE_ASSIGNMENT (( #175 ) ) ;
#4750 = DIRECTION ( 'NONE',  ( -1.000000000000000000, -0.000000000000000000, -0.000000000000000000 ) ) ;
#4751 = ORIENTED_EDGE ( 'NONE', *, *, #273, .F. ) ;
#4752 = CARTESIAN_POINT ( 'NONE',  ( -19.20818815648625844, 31.82610307179349007, -4.372154107764268716 ) ) ;
#4753 = ORIENTED_EDGE ( 'NONE', *, *, #2947, .F. ) ;
#4754 = CARTESIAN_POINT ( 'NONE',  ( 19.49854399995287935, 44.11125323436355927, -20.83278178594472152 ) ) ;
#4755 = CARTESIAN_POINT ( 'NONE',  ( -19.19684247362757645, 43.44093308224757521, -21.00691991306161199 ) ) ;
#4756 = VECTOR ( 'NONE', #1200, 1000.000000000000000 ) ;
#4757 = CARTESIAN_POINT ( 'NONE',  ( 19.50000000000000000, -9.083371239745002157, 26.23306922277573250 ) ) ;
#4758 = AXIS2_PLACEMENT_3D ( 'NONE', #3818, #5590, #4658 ) ;
#4759 = ORIENTED_EDGE ( 'NONE', *, *, #4523, .F. ) ;
#4760 = AXIS2_PLACEMENT_3D ( 'NONE', #560, #5456, #502 ) ;
#4761 = CARTESIAN_POINT ( 'NONE',  ( 23.99999952413039850, 50.86476124100940410, 0.8092993514415992573 ) ) ;
#4762 = VERTEX_POINT ( 'NONE', #626 ) ;
#4763 = CARTESIAN_POINT ( 'NONE',  ( -19.33261271685296734, 41.30273418185382184, -20.33137269447486517 ) ) ;
#4764 = DIRECTION ( 'NONE',  ( -1.000000000000000000, -0.000000000000000000, -0.000000000000000000 ) ) ;
#4765 = EDGE_CURVE ( 'NONE', #2558, #1434, #5062, .T. ) ;
#4766 = DIRECTION ( 'NONE',  ( -1.000000000000000000, -4.336808689942019662E-19, -8.559688641721049899E-35 ) ) ;
#4767 = VECTOR ( 'NONE', #5250, 1000.000000000000114 ) ;
#4768 = DIRECTION ( 'NONE',  ( 1.000000000000000000, 0.000000000000000000, 0.000000000000000000 ) ) ;
#4769 = CARTESIAN_POINT ( 'NONE',  ( 15.09869747408849960, -26.62172815897734779, 16.38353990612920086 ) ) ;
#4770 =( NAMED_UNIT ( * ) PLANE_ANGLE_UNIT ( ) SI_UNIT ( $, .RADIAN. ) );
#4771 = VERTEX_POINT ( 'NONE', #4620 ) ;
#4772 = ORIENTED_EDGE ( 'NONE', *, *, #1550, .F. ) ;
#4773 = EDGE_CURVE ( 'NONE', #1556, #4816, #3936, .T. ) ;
#4774 = ORIENTED_EDGE ( 'NONE', *, *, #1592, .F. ) ;
#4775 = CARTESIAN_POINT ( 'NONE',  ( 21.50086736455029879, 49.39559466991498482, -4.889104736144116004 ) ) ;
#4776 = ADVANCED_FACE ( 'NONE', ( #568 ), #2423, .F. ) ;
#4777 = CARTESIAN_POINT ( 'NONE',  ( -9.351302525911499686, -20.46946932730794089, 13.88353990612919908 ) ) ;
#4778 = CARTESIAN_POINT ( 'NONE',  ( 23.99999952413039850, 47.96698619673290409, 1.585765572708236038 ) ) ;
#4779 = AXIS2_PLACEMENT_3D ( 'NONE', #2184, #5791, #2663 ) ;
#4780 = ORIENTED_EDGE ( 'NONE', *, *, #2272, .F. ) ;
#4781 = VERTEX_POINT ( 'NONE', #2897 ) ;
#4782 = CARTESIAN_POINT ( 'NONE',  ( 19.30663916693452364, 43.69394949406191131, -20.95115572003848570 ) ) ;
#4783 = EDGE_CURVE ( 'NONE', #82, #5435, #3450, .T. ) ;
#4784 = AXIS2_PLACEMENT_3D ( 'NONE', #4414, #5759, #4077 ) ;
#4785 = FILL_AREA_STYLE_COLOUR ( '', #1575 ) ;
#4786 = DIRECTION ( 'NONE',  ( 2.212683231814677350E-35, -0.8660269715269851565, -0.4999972845804250277 ) ) ;
#4787 = ORIENTED_EDGE ( 'NONE', *, *, #1081, .F. ) ;
#4788 = COLOUR_RGB ( '',0.6274509803921568540, 0.6274509803921568540, 0.6274509803921568540 ) ;
#4789 = ORIENTED_EDGE ( 'NONE', *, *, #3446, .T. ) ;
#4790 = LINE ( 'NONE', #1714, #5116 ) ;
#4791 = ORIENTED_EDGE ( 'NONE', *, *, #3086, .F. ) ;
#4792 = MECHANICAL_DESIGN_GEOMETRIC_PRESENTATION_REPRESENTATION (  '', ( #1513 ), #3293 ) ;
#4793 = DIRECTION ( 'NONE',  ( -2.168392568715800012E-19, 0.4999972845804249721, -0.8660269715269850455 ) ) ;
#4794 =( NAMED_UNIT ( * ) SI_UNIT ( $, .STERADIAN. ) SOLID_ANGLE_UNIT ( ) );
#4795 =( LENGTH_UNIT ( ) NAMED_UNIT ( * ) SI_UNIT ( .MILLI., .METRE. ) );
#4796 = CIRCLE ( 'NONE', #2360, 130.0140355387000000 ) ;
#4797 = DIRECTION ( 'NONE',  ( -1.000000000000000000, 0.000000000000000000, 0.000000000000000000 ) ) ;
#4798 = CARTESIAN_POINT ( 'NONE',  ( -19.50000000000000000, -12.09540796888953551, 13.72182380222351128 ) ) ;
#4799 = ORIENTED_EDGE ( 'NONE', *, *, #3884, .T. ) ;
#4800 = VERTEX_POINT ( 'NONE', #5007 ) ;
#4801 = VECTOR ( 'NONE', #5728, 999.9999999999998863 ) ;
#4802 = LINE ( 'NONE', #5218, #2746 ) ;
#4803 =( GEOMETRIC_REPRESENTATION_CONTEXT ( 3 ) GLOBAL_UNCERTAINTY_ASSIGNED_CONTEXT ( ( #3670 ) ) GLOBAL_UNIT_ASSIGNED_CONTEXT ( ( #4912, #2355, #5088 ) ) REPRESENTATION_CONTEXT ( 'NONE', 'WORKASPACE' ) );
#4804 = DIRECTION ( 'NONE',  ( 0.000000000000000000, -5.551115123125790098E-17, -1.000000000000000000 ) ) ;
#4805 = ORIENTED_EDGE ( 'NONE', *, *, #1515, .T. ) ;
#4806 = EDGE_CURVE ( 'NONE', #1441, #1738, #452, .T. ) ;
#4807 = ORIENTED_EDGE ( 'NONE', *, *, #3449, .T. ) ;
#4808 =( GEOMETRIC_REPRESENTATION_CONTEXT ( 3 ) GLOBAL_UNCERTAINTY_ASSIGNED_CONTEXT ( ( #2091 ) ) GLOBAL_UNIT_ASSIGNED_CONTEXT ( ( #95, #535, #3645 ) ) REPRESENTATION_CONTEXT ( 'NONE', 'WORKASPACE' ) );
#4809 = CARTESIAN_POINT ( 'NONE',  ( 23.99999952413039850, 80.42128973945237647, 1.130517973948506505 ) ) ;
#4810 = CARTESIAN_POINT ( 'NONE',  ( -23.24951919837002023, 38.76169843791034708, -0.9822136010019779651 ) ) ;
#4811 = DIRECTION ( 'NONE',  ( -1.000000000000000000, -4.336808689942019662E-19, 4.306634346273544760E-19 ) ) ;
#4812 = EDGE_CURVE ( 'NONE', #5133, #1900, #979, .T. ) ;
#4813 = SURFACE_STYLE_FILL_AREA ( #5257 ) ;
#4814 = ORIENTED_EDGE ( 'NONE', *, *, #1190, .T. ) ;
#4815 = EDGE_CURVE ( 'NONE', #2745, #905, #3842, .T. ) ;
#4816 = VERTEX_POINT ( 'NONE', #251 ) ;
#4817 = CARTESIAN_POINT ( 'NONE',  ( 19.50000000000000000, 13.38806898637553644, 5.066947864720293460 ) ) ;
#4818 = VERTEX_POINT ( 'NONE', #2037 ) ;
#4819 = AXIS2_PLACEMENT_3D ( 'NONE', #929, #553, #2343 ) ;
#4820 = CARTESIAN_POINT ( 'NONE',  ( 19.50000000000000000, -10.96946932730698698, 28.36178214484647597 ) ) ;
#4821 = PRESENTATION_STYLE_ASSIGNMENT (( #1656 ) ) ;
#4822 =( GEOMETRIC_REPRESENTATION_CONTEXT ( 3 ) GLOBAL_UNCERTAINTY_ASSIGNED_CONTEXT ( ( #2383 ) ) GLOBAL_UNIT_ASSIGNED_CONTEXT ( ( #4665, #5566, #2108 ) ) REPRESENTATION_CONTEXT ( 'NONE', 'WORKASPACE' ) );
#4823 = DIRECTION ( 'NONE',  ( 0.000000000000000000, 0.000000000000000000, 1.000000000000000000 ) ) ;
#4824 = DIRECTION ( 'NONE',  ( 0.000000000000000000, 0.000000000000000000, -1.000000000000000000 ) ) ;
#4825 = CARTESIAN_POINT ( 'NONE',  ( 19.49854399992616649, 44.11125323437870094, -20.83278178593984364 ) ) ;
#4826 = ORIENTED_EDGE ( 'NONE', *, *, #2626, .F. ) ;
#4827 = ORIENTED_EDGE ( 'NONE', *, *, #3312, .F. ) ;
#4828 = CIRCLE ( 'NONE', #2024, 3.000000000000002220 ) ;
#4829 = SURFACE_STYLE_FILL_AREA ( #2075 ) ;
#4830 = PRESENTATION_LAYER_ASSIGNMENT (  '', '', ( #3244 ) ) ;
#4831 = CARTESIAN_POINT ( 'NONE',  ( -14.49854447586969997, 44.54542484137370906, 3.511696663276298480 ) ) ;
#4832 = CARTESIAN_POINT ( 'NONE',  ( -18.49999999999997158, 32.05723306756489421, -3.698312010256797677 ) ) ;
#4833 = ORIENTED_EDGE ( 'NONE', *, *, #4491, .T. ) ;
#4834 = ORIENTED_EDGE ( 'NONE', *, *, #2095, .T. ) ;
#4835 = CIRCLE ( 'NONE', #59, 1.000000000000000888 ) ;
#4836 = LINE ( 'NONE', #3546, #1123 ) ;
#4837 = CARTESIAN_POINT ( 'NONE',  ( 10.99869747408849996, -20.46946932730794089, 37.78353990612920654 ) ) ;
#4838 = CARTESIAN_POINT ( 'NONE',  ( 7.101455524137554320, 67.17107708332784455, -6.519440475373265542 ) ) ;
#4839 = MECHANICAL_DESIGN_GEOMETRIC_PRESENTATION_REPRESENTATION (  '', ( #4108 ), #3833 ) ;
#4840 = APPLICATION_CONTEXT ( 'automotive_design' ) ;
#4841 = CARTESIAN_POINT ( 'NONE',  ( -19.50000000000000000, 18.70583078679497646, 17.37472442445287157 ) ) ;
#4842 = VERTEX_POINT ( 'NONE', #5612 ) ;
#4843 = EDGE_CURVE ( 'NONE', #3038, #3665, #3351, .T. ) ;
#4844 = SURFACE_STYLE_FILL_AREA ( #3552 ) ;
#4845 = EDGE_CURVE ( 'NONE', #1203, #292, #5772, .T. ) ;
#4846 = STYLED_ITEM ( 'NONE', ( #1304 ), #1414 ) ;
#4847 = STYLED_ITEM ( 'NONE', ( #1828 ), #4008 ) ;
#4848 = DIRECTION ( 'NONE',  ( 0.000000000000000000, -8.673617379884038430E-16, -1.000000000000000000 ) ) ;
#4849 = ORIENTED_EDGE ( 'NONE', *, *, #681, .F. ) ;
#4850 = STYLED_ITEM ( 'NONE', ( #1318 ), #1506 ) ;
#4851 = DIRECTION ( 'NONE',  ( 2.168392568715800493E-19, -0.4999972845804250832, 0.8660269715269851565 ) ) ;
#4852 = CARTESIAN_POINT ( 'NONE',  ( 15.49999952413029902, 80.92128703229323605, 0.2644910071906352855 ) ) ;
#4853 = EDGE_CURVE ( 'NONE', #376, #1355, #4085, .T. ) ;
#4854 = CYLINDRICAL_SURFACE ( 'NONE', #531, 2.999999999999999556 ) ;
#4855 = CARTESIAN_POINT ( 'NONE',  ( 12.64869747408850031, -20.46946932730794089, 41.78353990612919944 ) ) ;
#4856 = FACE_OUTER_BOUND ( 'NONE', #3731, .T. ) ;
#4857 = DIRECTION ( 'NONE',  ( -1.000000000000000000, 0.000000000000000000, 0.000000000000000000 ) ) ;
#4858 = EDGE_LOOP ( 'NONE', ( #2903, #3185, #1856, #3648 ) ) ;
#4859 = UNCERTAINTY_MEASURE_WITH_UNIT (LENGTH_MEASURE( 1.000000000000000082E-05 ), #2007, 'distance_accuracy_value', 'NONE');
#4860 = DIRECTION ( 'NONE',  ( 1.000000000000000000, 0.000000000000000000, 0.000000000000000000 ) ) ;
#4861 = CARTESIAN_POINT ( 'NONE',  ( 22.75145552413039951, 47.73956450588609357, 0.7370269125926993681 ) ) ;
#4862 = CARTESIAN_POINT ( 'NONE',  ( 19.50000000000000000, 31.00194145118005196, -4.307580497244648754 ) ) ;
#4863 = PLANE ( 'NONE',  #4364 ) ;
#4864 = DIRECTION ( 'NONE',  ( 0.000000000000000000, -0.8660269715269880431, -0.4999972845804200317 ) ) ;
#4865 = CARTESIAN_POINT ( 'NONE',  ( -15.10130252591150146, -26.62172815897734779, 38.78353990612922786 ) ) ;
#4866 = EDGE_LOOP ( 'NONE', ( #1335, #2230, #2602, #4902 ) ) ;
#4867 = ORIENTED_EDGE ( 'NONE', *, *, #5195, .F. ) ;
#4868 = DIRECTION ( 'NONE',  ( -1.000000000000000000, 0.000000000000000000, 0.000000000000000000 ) ) ;
#4869 = DIRECTION ( 'NONE',  ( -1.000000000000000000, 0.000000000000000000, 0.000000000000000000 ) ) ;
#4870 = CIRCLE ( 'NONE', #1309, 3.999999999999997780 ) ;
#4871 = DIRECTION ( 'NONE',  ( -2.168392568715800252E-19, 0.4999972845804250277, -0.8660269715269851565 ) ) ;
#4872 = DIRECTION ( 'NONE',  ( 2.168392568715800012E-19, -0.4999972845804249721, 0.8660269715269850455 ) ) ;
#4873 = VERTEX_POINT ( 'NONE', #516 ) ;
#4874 = VERTEX_POINT ( 'NONE', #923 ) ;
#4875 = EDGE_CURVE ( 'NONE', #292, #3978, #155, .T. ) ;
#4876 = STYLED_ITEM ( 'NONE', ( #4205 ), #437 ) ;
#4877 = DIRECTION ( 'NONE',  ( -1.000000000000000000, -4.336808689942019662E-19, 2.407412430484050162E-35 ) ) ;
#4878 = VERTEX_POINT ( 'NONE', #4542 ) ;
#4879 = EDGE_CURVE ( 'NONE', #2621, #4319, #5332, .T. ) ;
#4880 =( LENGTH_UNIT ( ) NAMED_UNIT ( * ) SI_UNIT ( .MILLI., .METRE. ) );
#4881 = FILL_AREA_STYLE_COLOUR ( '', #2656 ) ;
#4882 = LINE ( 'NONE', #4913, #3338 ) ;
#4883 = DIRECTION ( 'NONE',  ( -2.168392568715800252E-19, 0.4999972845804250277, -0.8660269715269851565 ) ) ;
#4884 = DIRECTION ( 'NONE',  ( 1.000000000000000000, 0.000000000000000000, 0.000000000000000000 ) ) ;
#4885 = MECHANICAL_DESIGN_GEOMETRIC_PRESENTATION_REPRESENTATION (  '', ( #4151 ), #5697 ) ;
#4886 = CARTESIAN_POINT ( 'NONE',  ( 37.00000000000029843, 49.24394706177380243, -18.16651500598097257 ) ) ;
#4887 = DIRECTION ( 'NONE',  ( -1.000000000000000000, 0.000000000000000000, 0.000000000000000000 ) ) ;
#4888 =( NAMED_UNIT ( * ) PLANE_ANGLE_UNIT ( ) SI_UNIT ( $, .RADIAN. ) );
#4889 = ORIENTED_EDGE ( 'NONE', *, *, #5810, .T. ) ;
#4890 = PRESENTATION_LAYER_ASSIGNMENT (  '', '', ( #2547 ) ) ;
#4891 = EDGE_CURVE ( 'NONE', #3939, #1678, #4651, .T. ) ;
#4892 = CARTESIAN_POINT ( 'NONE',  ( 9.348697474088499604, -20.46946932730794089, 13.88353990612919908 ) ) ;
#4893 = DIRECTION ( 'NONE',  ( 2.168392568715800252E-19, -0.4999972845804250277, 0.8660269715269851565 ) ) ;
#4894 = PRESENTATION_LAYER_ASSIGNMENT (  '', '', ( #3780 ) ) ;
#4895 = CARTESIAN_POINT ( 'NONE',  ( 18.89094677346949425, 32.05723306756525659, -3.698312010256963767 ) ) ;
#4896 = CARTESIAN_POINT ( 'NONE',  ( -18.71124279675133906, 41.50518329766045866, -20.86003929939554169 ) ) ;
#4897 = CARTESIAN_POINT ( 'NONE',  ( -16.27817926986969965, 38.68242224412829700, 0.1267150466653776397 ) ) ;
#4898 = LINE ( 'NONE', #810, #5119 ) ;
#4899 = SURFACE_STYLE_USAGE ( .BOTH. , #925 ) ;
#4900 = VERTEX_POINT ( 'NONE', #2671 ) ;
#4901 = VECTOR ( 'NONE', #4952, 1000.000000000000000 ) ;
#4902 = ORIENTED_EDGE ( 'NONE', *, *, #4355, .T. ) ;
#4903 = CARTESIAN_POINT ( 'NONE',  ( 21.48357554601030017, 73.35963260478160919, 12.36175007259169689 ) ) ;
#4904 = CARTESIAN_POINT ( 'NONE',  ( 10.99869747408849996, -20.46946932730794089, 17.58353990612919659 ) ) ;
#4905 = ORIENTED_EDGE ( 'NONE', *, *, #2877, .T. ) ;
#4906 = CONICAL_SURFACE ( 'NONE', #217, 3.399999995763999916, 0.7853981633974476129 ) ;
#4907 = CARTESIAN_POINT ( 'NONE',  ( 21.50145552413040306, 52.41726627055550125, -4.365032581789301425 ) ) ;
#4908 = VECTOR ( 'NONE', #3324, 1000.000000000000000 ) ;
#4909 = DIRECTION ( 'NONE',  ( 1.000000000000000000, 4.336808689942019662E-19, -2.407412430484050162E-35 ) ) ;
#4910 = VERTEX_POINT ( 'NONE', #2725 ) ;
#4911 = FILL_AREA_STYLE ('',( #824 ) ) ;
#4912 =( LENGTH_UNIT ( ) NAMED_UNIT ( * ) SI_UNIT ( .MILLI., .METRE. ) );
#4913 = CARTESIAN_POINT ( 'NONE',  ( 22.99999952413032389, 80.92128702442504107, 0.2644910026479654341 ) ) ;
#4914 = CARTESIAN_POINT ( 'NONE',  ( -0.001302525911494698853, -50.96946932731190572, 29.58353990612920015 ) ) ;
#4915 = AXIS2_PLACEMENT_3D ( 'NONE', #5001, #5487, #1863 ) ;
#4916 = EDGE_CURVE ( 'NONE', #1726, #168, #2504, .T. ) ;
#4917 = FILL_AREA_STYLE ('',( #1278 ) ) ;
#4918 = FILL_AREA_STYLE ('',( #2635 ) ) ;
#4919 = EDGE_LOOP ( 'NONE', ( #1290, #3849, #2645, #1967 ) ) ;
#4920 = PRESENTATION_STYLE_ASSIGNMENT (( #42 ) ) ;
#4921 = EDGE_CURVE ( 'NONE', #3137, #1600, #3164, .T. ) ;
#4922 = VECTOR ( 'NONE', #459, 1000.000000000000000 ) ;
#4923 = ADVANCED_FACE ( 'NONE', ( #4117 ), #488, .T. ) ;
#4924 = CARTESIAN_POINT ( 'NONE',  ( -18.53121019006731629, 41.69631366943821860, -21.06320670957314789 ) ) ;
#4925 = CARTESIAN_POINT ( 'NONE',  ( 15.49999951490118733, 87.41648931872039441, 4.014470641529261030 ) ) ;
#4926 = DIRECTION ( 'NONE',  ( 3.625218039592350679E-17, 0.4999972845804250832, -0.8660269715269852675 ) ) ;
#4927 = PRESENTATION_STYLE_ASSIGNMENT (( #1782 ) ) ;
#4928 = ORIENTED_EDGE ( 'NONE', *, *, #4564, .F. ) ;
#4929 = EDGE_LOOP ( 'NONE', ( #764, #1369, #4272, #3087 ) ) ;
#4930 = CARTESIAN_POINT ( 'NONE',  ( 19.50000000000000000, 32.05723306756490132, -3.698312010256799454 ) ) ;
#4931 = PRESENTATION_STYLE_ASSIGNMENT (( #1854 ) ) ;
#4932 = AXIS2_PLACEMENT_3D ( 'NONE', #4914, #7, #3091 ) ;
#4933 = CARTESIAN_POINT ( 'NONE',  ( 15.49999952413029902, 80.42128974771279104, 1.130517978717625383 ) ) ;
#4934 = ORIENTED_EDGE ( 'NONE', *, *, #2237, .T. ) ;
#4935 = AXIS2_PLACEMENT_3D ( 'NONE', #430, #1724, #3542 ) ;
#4936 = PRESENTATION_STYLE_ASSIGNMENT (( #2739 ) ) ;
#4937 = AXIS2_PLACEMENT_3D ( 'NONE', #5300, #2643, #399 ) ;
#4938 = CIRCLE ( 'NONE', #3528, 7.000000000000001776 ) ;
#4939 = DIRECTION ( 'NONE',  ( -4.189031997838558473E-19, 0.9659250147588526181, -0.2588220737555249062 ) ) ;
#4940 = SHAPE_DEFINITION_REPRESENTATION ( #1234, #2800 ) ;
#4941 = EDGE_LOOP ( 'NONE', ( #1757, #1017 ) ) ;
#4942 = AXIS2_PLACEMENT_3D ( 'NONE', #4886, #363, #3963 ) ;
#4943 = AXIS2_PLACEMENT_3D ( 'NONE', #4258, #3313, #1552 ) ;
#4944 = CARTESIAN_POINT ( 'NONE',  ( -15.50000046703970114, 87.53252036334400543, 5.813508383267699031 ) ) ;
#4945 = CARTESIAN_POINT ( 'NONE',  ( 18.50000000000001066, 32.05723306756679847, -3.698312010255720317 ) ) ;
#4946 = STYLED_ITEM ( 'NONE', ( #4821 ), #1337 ) ;
#4947 = DIRECTION ( 'NONE',  ( -1.000000000000000000, 0.000000000000000000, 0.000000000000000000 ) ) ;
#4948 = CARTESIAN_POINT ( 'NONE',  ( 42.43876632627849688, -26.62172815897734779, 29.58353990612920015 ) ) ;
#4949 = ORIENTED_EDGE ( 'NONE', *, *, #2515, .F. ) ;
#4950 =( GEOMETRIC_REPRESENTATION_CONTEXT ( 3 ) GLOBAL_UNCERTAINTY_ASSIGNED_CONTEXT ( ( #3045 ) ) GLOBAL_UNIT_ASSIGNED_CONTEXT ( ( #461, #2729, #3224 ) ) REPRESENTATION_CONTEXT ( 'NONE', 'WORKASPACE' ) );
#4951 = EDGE_CURVE ( 'NONE', #4959, #2185, #1930, .T. ) ;
#4952 = DIRECTION ( 'NONE',  ( 1.000000000000000000, 2.391782681289280887E-19, -1.122953158202381256E-19 ) ) ;
#4953 = FILL_AREA_STYLE ('',( #3651 ) ) ;
#4954 = DIRECTION ( 'NONE',  ( -3.755793295842399036E-19, 0.8660269715269851565, 0.4999972845804250832 ) ) ;
#4955 =( GEOMETRIC_REPRESENTATION_CONTEXT ( 3 ) GLOBAL_UNCERTAINTY_ASSIGNED_CONTEXT ( ( #2804 ) ) GLOBAL_UNIT_ASSIGNED_CONTEXT ( ( #4130, #1391, #2744 ) ) REPRESENTATION_CONTEXT ( 'NONE', 'WORKASPACE' ) );
#4956 = CARTESIAN_POINT ( 'NONE',  ( -19.00000047586969742, 40.54341353840400330, 1.201151091218639611 ) ) ;
#4957 = EDGE_CURVE ( 'NONE', #4191, #280, #5031, .T. ) ;
#4958 = ORIENTED_EDGE ( 'NONE', *, *, #3055, .F. ) ;
#4959 = VERTEX_POINT ( 'NONE', #2192 ) ;
#4960 = EDGE_CURVE ( 'NONE', #5053, #3581, #3896, .T. ) ;
#4961 = DIRECTION ( 'NONE',  ( 1.000000000000000000, 1.695366747900544489E-15, 0.000000000000000000 ) ) ;
#4962 = CARTESIAN_POINT ( 'NONE',  ( 9.348697474088499604, -20.46946932730794089, 17.58353990612919659 ) ) ;
#4963 =( NAMED_UNIT ( * ) PLANE_ANGLE_UNIT ( ) SI_UNIT ( $, .RADIAN. ) );
#4964 = B_SPLINE_CURVE_WITH_KNOTS ( 'NONE', 1,
 ( #1908, #3696 ),
 .UNSPECIFIED., .F., .F.,
 ( 2, 2 ),
 ( 0.000000000000000000, 1.000000000000000000 ),
 .UNSPECIFIED. ) ;
#4965 = CYLINDRICAL_SURFACE ( 'NONE', #2588, 7.000000000000000000 ) ;
#4966 = VERTEX_POINT ( 'NONE', #4452 ) ;
#4967 = EDGE_CURVE ( 'NONE', #2429, #4661, #1812, .T. ) ;
#4968 = LINE ( 'NONE', #5342, #1328 ) ;
#4969 = CARTESIAN_POINT ( 'NONE',  ( -15.50000047541855253, 78.28257059863788925, 21.83500735664597414 ) ) ;
#4970 = CARTESIAN_POINT ( 'NONE',  ( -22.37377208364722492, 38.68242955330903499, 0.1267192665902439896 ) ) ;
#4971 = CARTESIAN_POINT ( 'NONE',  ( -20.37975173492773351, 43.39115338043340131, -20.12021721782460659 ) ) ;
#4972 = ORIENTED_EDGE ( 'NONE', *, *, #3961, .T. ) ;
#4973 = AXIS2_PLACEMENT_3D ( 'NONE', #2113, #1172, #673 ) ;
#4974 = PRESENTATION_LAYER_ASSIGNMENT (  '', '', ( #1688 ) ) ;
#4975 = CARTESIAN_POINT ( 'NONE',  ( 18.99999952413030258, 50.54335923001125508, -16.11938833931890613 ) ) ;
#4976 = SURFACE_STYLE_FILL_AREA ( #1832 ) ;
#4977 = PRESENTATION_STYLE_ASSIGNMENT (( #1368 ) ) ;
#4978 = VERTEX_POINT ( 'NONE', #4862 ) ;
#4979 = CARTESIAN_POINT ( 'NONE',  ( 19.50000000000000000, 19.33798309278793681, 17.73969508567892461 ) ) ;
#4980 = LINE ( 'NONE', #3098, #5729 ) ;
#4981 = PRESENTATION_STYLE_ASSIGNMENT (( #1428 ) ) ;
#4982 = CARTESIAN_POINT ( 'NONE',  ( -18.65332920387537285, 41.56806856919563131, -20.92643142171137427 ) ) ;
#4983 =( GEOMETRIC_REPRESENTATION_CONTEXT ( 3 ) GLOBAL_UNCERTAINTY_ASSIGNED_CONTEXT ( ( #5328 ) ) GLOBAL_UNIT_ASSIGNED_CONTEXT ( ( #3952, #2346, #2763 ) ) REPRESENTATION_CONTEXT ( 'NONE', 'WORKASPACE' ) );
#4984 = SURFACE_SIDE_STYLE ('',( #3252 ) ) ;
#4985 = ORIENTED_EDGE ( 'NONE', *, *, #3863, .T. ) ;
#4986 = ORIENTED_EDGE ( 'NONE', *, *, #2133, .T. ) ;
#4987 = COLOUR_RGB ( '',0.9254901960784314152, 0.9254901960784314152, 0.9254901960784314152 ) ;
#4988 = DIRECTION ( 'NONE',  ( 0.000000000000000000, -5.551115123125790098E-17, -1.000000000000000000 ) ) ;
#4989 = CARTESIAN_POINT ( 'NONE',  ( -22.81426620915637926, 38.53313506834772539, -0.1051873392231296722 ) ) ;
#4990 = STYLED_ITEM ( 'NONE', ( #4977 ), #4697 ) ;
#4991 = FACE_OUTER_BOUND ( 'NONE', #2966, .T. ) ;
#4992 = VECTOR ( 'NONE', #4893, 1000.000000000000114 ) ;
#4993 = ADVANCED_FACE ( 'NONE', ( #3567 ), #833, .T. ) ;
#4994 = DIRECTION ( 'NONE',  ( -1.157278590268904411E-35, -0.8660269715269851565, -0.4999972845804249166 ) ) ;
#4995 = FACE_OUTER_BOUND ( 'NONE', #3823, .T. ) ;
#4996 = EDGE_LOOP ( 'NONE', ( #2625, #1182, #3138, #3405 ) ) ;
#4997 = SURFACE_STYLE_FILL_AREA ( #149 ) ;
#4998 = AXIS2_PLACEMENT_3D ( 'NONE', #4852, #2099, #797 ) ;
#4999 = EDGE_CURVE ( 'NONE', #3391, #4978, #5765, .T. ) ;
#5000 = EDGE_CURVE ( 'NONE', #569, #1419, #4835, .T. ) ;
#5001 = CARTESIAN_POINT ( 'NONE',  ( 19.50000000000000000, 19.33798309278793681, 17.73969508567892461 ) ) ;
#5002 = PRESENTATION_LAYER_ASSIGNMENT (  '', '', ( #1904 ) ) ;
#5003 = EDGE_LOOP ( 'NONE', ( #4002, #4759, #1963, #4128 ) ) ;
#5004 = CARTESIAN_POINT ( 'NONE',  ( 15.09869747408849960, -16.46946932731194835, 29.58353990612920015 ) ) ;
#5005 = CARTESIAN_POINT ( 'NONE',  ( 15.49999952368933442, 78.28257059863967982, 21.83500735664698311 ) ) ;
#5006 = CARTESIAN_POINT ( 'NONE',  ( 23.99999952403030079, 80.17129109779999396, 1.563531459965999293 ) ) ;
#5007 = CARTESIAN_POINT ( 'NONE',  ( -19.50000000000000000, -26.62172815897734779, 40.78353990612919944 ) ) ;
#5008 = ORIENTED_EDGE ( 'NONE', *, *, #5097, .F. ) ;
#5009 = TOROIDAL_SURFACE ( 'NONE', #3128, 4.000000000000000000, 1.000000000000000000 ) ;
#5010 = CARTESIAN_POINT ( 'NONE',  ( 19.53779136975913744, 40.87964681154165447, -19.88909109814608556 ) ) ;
#5011 = LINE ( 'NONE', #1065, #2864 ) ;
#5012 = PLANE ( 'NONE',  #727 ) ;
#5013 = ORIENTED_EDGE ( 'NONE', *, *, #5097, .T. ) ;
#5014 = VERTEX_POINT ( 'NONE', #1780 ) ;
#5015 = STYLED_ITEM ( 'NONE', ( #4655 ), #3784 ) ;
#5016 = PLANE ( 'NONE',  #4510 ) ;
#5017 = DIRECTION ( 'NONE',  ( 1.000000000000000000, 4.336808689942019662E-19, -4.279844320860524949E-35 ) ) ;
#5018 = CARTESIAN_POINT ( 'NONE',  ( 27.45172946005371628, -18.92119878736070504, 32.83181044607538723 ) ) ;
#5019 = VECTOR ( 'NONE', #4348, 1000.000000000000000 ) ;
#5020 = DIRECTION ( 'NONE',  ( 2.168392568715800012E-19, -0.4999972845804249721, 0.8660269715269850455 ) ) ;
#5021 = ORIENTED_EDGE ( 'NONE', *, *, #3088, .T. ) ;
#5022 =( NAMED_UNIT ( * ) SI_UNIT ( $, .STERADIAN. ) SOLID_ANGLE_UNIT ( ) );
#5023 = EDGE_CURVE ( 'NONE', #980, #4191, #5583, .T. ) ;
#5024 =( NAMED_UNIT ( * ) PLANE_ANGLE_UNIT ( ) SI_UNIT ( $, .RADIAN. ) );
#5025 = AXIS2_PLACEMENT_3D ( 'NONE', #4761, #741, #3382 ) ;
#5026 = CARTESIAN_POINT ( 'NONE',  ( 22.66517816224763848, 48.87463912892746976, -17.85265180060700274 ) ) ;
#5027 = UNCERTAINTY_MEASURE_WITH_UNIT (LENGTH_MEASURE( 1.000000000000000082E-05 ), #3944, 'distance_accuracy_value', 'NONE');
#5028 = STYLED_ITEM ( 'NONE', ( #3008 ), #2021 ) ;
#5029 = ADVANCED_FACE ( 'NONE', ( #4058 ), #2689, .T. ) ;
#5030 = ORIENTED_EDGE ( 'NONE', *, *, #4568, .F. ) ;
#5031 = CIRCLE ( 'NONE', #1647, 130.0140298539000128 ) ;
#5032 = EDGE_CURVE ( 'NONE', #1715, #569, #2305, .T. ) ;
#5033 = CARTESIAN_POINT ( 'NONE',  ( -18.86996858309110792, 42.67177511984900207, -21.10883727553498801 ) ) ;
#5034 = SURFACE_STYLE_FILL_AREA ( #5517 ) ;
#5035 = DIRECTION ( 'NONE',  ( 0.000000000000000000, 0.8660269715269884871, 0.4999972845804191990 ) ) ;
#5036 = AXIS2_PLACEMENT_3D ( 'NONE', #3937, #2219, #859 ) ;
#5037 = DIRECTION ( 'NONE',  ( 3.926927030438489722E-51, 5.551115123125790098E-17, 1.000000000000000000 ) ) ;
#5038 = CARTESIAN_POINT ( 'NONE',  ( 20.06595750135268830, 42.83794599914148904, -20.29863194696392981 ) ) ;
#5039 = VERTEX_POINT ( 'NONE', #2255 ) ;
#5040 = AXIS2_PLACEMENT_3D ( 'NONE', #4093, #2826, #1466 ) ;
#5041 = EDGE_CURVE ( 'NONE', #4900, #4377, #3061, .T. ) ;
#5042 = CARTESIAN_POINT ( 'NONE',  ( 18.50000000000001776, 8.288142609450604326, -5.795406896101400918 ) ) ;
#5043 = DIRECTION ( 'NONE',  ( 0.000000000000000000, 0.000000000000000000, -1.000000000000000000 ) ) ;
#5044 = DIRECTION ( 'NONE',  ( 1.000000000000000000, 0.000000000000000000, 0.000000000000000000 ) ) ;
#5045 = FILL_AREA_STYLE_COLOUR ( '', #253 ) ;
#5046 = ORIENTED_EDGE ( 'NONE', *, *, #899, .T. ) ;
#5047 = VERTEX_POINT ( 'NONE', #3973 ) ;
#5048 = ORIENTED_EDGE ( 'NONE', *, *, #2597, .T. ) ;
#5049 = FACE_OUTER_BOUND ( 'NONE', #627, .T. ) ;
#5050 = CARTESIAN_POINT ( 'NONE',  ( -93.66238150725969547, 98.52070618366899168, 9.270748366745900526 ) ) ;
#5051 = CARTESIAN_POINT ( 'NONE',  ( 19.50000000000000000, 1.722133822471265452, 0.0004207350893861705465 ) ) ;
#5052 =( LENGTH_UNIT ( ) NAMED_UNIT ( * ) SI_UNIT ( .MILLI., .METRE. ) );
#5053 = VERTEX_POINT ( 'NONE', #1756 ) ;
#5054 = FILL_AREA_STYLE_COLOUR ( '', #4332 ) ;
#5055 = SURFACE_SIDE_STYLE ('',( #997 ) ) ;
#5056 = CARTESIAN_POINT ( 'NONE',  ( -19.99075349531945278, 42.28773693937392864, -19.63124088220876118 ) ) ;
#5057 = VERTEX_POINT ( 'NONE', #3998 ) ;
#5058 = COLOUR_RGB ( '',0.9254901960784314152, 0.9254901960784314152, 0.9254901960784314152 ) ;
#5059 = FACE_OUTER_BOUND ( 'NONE', #2028, .T. ) ;
#5060 = CARTESIAN_POINT ( 'NONE',  ( 28.76873190018350357, -26.62172815897734779, 37.78353990612920654 ) ) ;
#5061 = EDGE_CURVE ( 'NONE', #2507, #5480, #707, .T. ) ;
#5062 = LINE ( 'NONE', #4244, #637 ) ;
#5063 = VERTEX_POINT ( 'NONE', #3603 ) ;
#5064 = CARTESIAN_POINT ( 'NONE',  ( -12.89854447586965946, 67.67107436791040698, -7.385467446900160660 ) ) ;
#5065 = CARTESIAN_POINT ( 'NONE',  ( 10.00145552413030003, 66.17108251417249676, -4.787386532327980504 ) ) ;
#5066 = EDGE_CURVE ( 'NONE', #2904, #376, #4421, .T. ) ;
#5067 = DIRECTION ( 'NONE',  ( -1.000000000000000000, -4.336808689942019662E-19, 2.407412430484050162E-35 ) ) ;
#5068 = CARTESIAN_POINT ( 'NONE',  ( 21.50145552413040306, 71.53801791147240863, 13.75953326312820124 ) ) ;
#5069 = EDGE_CURVE ( 'NONE', #926, #5335, #4196, .T. ) ;
#5070 = LINE ( 'NONE', #2364, #178 ) ;
#5071 = ORIENTED_EDGE ( 'NONE', *, *, #1987, .T. ) ;
#5072 = AXIS2_PLACEMENT_3D ( 'NONE', #2502, #2532, #4323 ) ;
#5073 = ORIENTED_EDGE ( 'NONE', *, *, #5135, .F. ) ;
#5074 = CARTESIAN_POINT ( 'NONE',  ( -7.098544475869659642, 67.67107436791040698, -7.385467446900160660 ) ) ;
#5075 = CARTESIAN_POINT ( 'NONE',  ( 93.68306822113039800, 97.98381626645350195, 10.11547552111628079 ) ) ;
#5076 = CARTESIAN_POINT ( 'NONE',  ( 18.65210637232774715, 41.57894898583155197, -20.92887690804084855 ) ) ;
#5077 = MECHANICAL_DESIGN_GEOMETRIC_PRESENTATION_REPRESENTATION (  '', ( #3479 ), #4983 ) ;
#5078 = DIRECTION ( 'NONE',  ( 1.000000000000000000, 4.336808689942019662E-19, -2.407412430484050162E-35 ) ) ;
#5079 = CARTESIAN_POINT ( 'NONE',  ( -19.50244010875757894, 44.11397377908137685, -20.83190429737373606 ) ) ;
#5080 = ORIENTED_EDGE ( 'NONE', *, *, #468, .F. ) ;
#5081 =( NAMED_UNIT ( * ) PLANE_ANGLE_UNIT ( ) SI_UNIT ( $, .RADIAN. ) );
#5082 = AXIS2_PLACEMENT_3D ( 'NONE', #2752, #1398, #2667 ) ;
#5083 = VECTOR ( 'NONE', #4524, 1000.000000000000000 ) ;
#5084 = DIRECTION ( 'NONE',  ( 1.122461818611769444E-19, -0.2588220737555249062, -0.9659250147588526181 ) ) ;
#5085 = UNCERTAINTY_MEASURE_WITH_UNIT (LENGTH_MEASURE( 1.000000000000000082E-05 ), #3587, 'distance_accuracy_value', 'NONE');
#5086 = CIRCLE ( 'NONE', #3676, 2.899999999999999911 ) ;
#5087 = DIRECTION ( 'NONE',  ( 0.000000000000000000, -5.551115123125790098E-17, -1.000000000000000000 ) ) ;
#5088 =( NAMED_UNIT ( * ) SI_UNIT ( $, .STERADIAN. ) SOLID_ANGLE_UNIT ( ) );
#5089 = PRESENTATION_STYLE_ASSIGNMENT (( #1952 ) ) ;
#5090 = COLOUR_RGB ( '',0.9254901960784314152, 0.9254901960784314152, 0.9254901960784314152 ) ;
#5091 = SURFACE_STYLE_FILL_AREA ( #2481 ) ;
#5092 = FILL_AREA_STYLE ('',( #4649 ) ) ;
#5093 = ORIENTED_EDGE ( 'NONE', *, *, #1479, .F. ) ;
#5094 = CIRCLE ( 'NONE', #4819, 5.999999999999998224 ) ;
#5095 = DIRECTION ( 'NONE',  ( 1.000000000000000000, 4.336808689942019662E-19, 2.139922160430259802E-35 ) ) ;
#5096 = CARTESIAN_POINT ( 'NONE',  ( -19.50000000000000000, 19.33798309278793681, 17.73969508567892461 ) ) ;
#5097 = EDGE_CURVE ( 'NONE', #2160, #2212, #1704, .T. ) ;
#5098 = LINE ( 'NONE', #5123, #1835 ) ;
#5099 = DIRECTION ( 'NONE',  ( 1.000000000000000000, 0.000000000000000000, 0.000000000000000000 ) ) ;
#5100 = ORIENTED_EDGE ( 'NONE', *, *, #2488, .T. ) ;
#5101 = ORIENTED_EDGE ( 'NONE', *, *, #890, .F. ) ;
#5102 = EDGE_CURVE ( 'NONE', #4873, #1679, #3335, .T. ) ;
#5103 = ORIENTED_EDGE ( 'NONE', *, *, #4564, .T. ) ;
#5104 = DIRECTION ( 'NONE',  ( 0.000000000000000000, -0.8660269715269852675, -0.4999972845804250277 ) ) ;
#5105 = EDGE_CURVE ( 'NONE', #4661, #5276, #4010, .T. ) ;
#5106 = CARTESIAN_POINT ( 'NONE',  ( 18.83957903263242528, 41.36763893720161889, -20.70996771841796047 ) ) ;
#5107 = DIRECTION ( 'NONE',  ( 1.000000000000000000, 4.336808689942019662E-19, -2.407412430484050162E-35 ) ) ;
#5108 = PRESENTATION_STYLE_ASSIGNMENT (( #4178 ) ) ;
#5109 = ORIENTED_EDGE ( 'NONE', *, *, #2956, .T. ) ;
#5110 =( LENGTH_UNIT ( ) NAMED_UNIT ( * ) SI_UNIT ( .MILLI., .METRE. ) );
#5111 = EDGE_CURVE ( 'NONE', #5603, #4727, #4898, .T. ) ;
#5112 = FACE_OUTER_BOUND ( 'NONE', #3176, .T. ) ;
#5113 = LINE ( 'NONE', #5193, #5606 ) ;
#5114 = VECTOR ( 'NONE', #555, 1000.000000000000000 ) ;
#5115 = PRESENTATION_STYLE_ASSIGNMENT (( #2326 ) ) ;
#5116 = VECTOR ( 'NONE', #4877, 1000.000000000000000 ) ;
#5117 = DIRECTION ( 'NONE',  ( 1.000000000000000000, 0.000000000000000000, 0.000000000000000000 ) ) ;
#5118 = ORIENTED_EDGE ( 'NONE', *, *, #2149, .T. ) ;
#5119 = VECTOR ( 'NONE', #5334, 1000.000000000000000 ) ;
#5120 = SURFACE_SIDE_STYLE ('',( #4194 ) ) ;
#5121 = CARTESIAN_POINT ( 'NONE',  ( 19.49869747408850174, -15.46946932731193769, 17.38353990612920441 ) ) ;
#5122 = AXIS2_PLACEMENT_3D ( 'NONE', #1032, #4159, #4110 ) ;
#5123 = CARTESIAN_POINT ( 'NONE',  ( 13.40145551989429862, 67.42107572350370504, -6.952453957474550528 ) ) ;
#5124 = CARTESIAN_POINT ( 'NONE',  ( 18.50000000000001421, 19.33798309278793681, 17.73969508567892461 ) ) ;
#5125 = DIRECTION ( 'NONE',  ( -1.000000000000000000, -4.336808689942019662E-19, 5.135813185032630367E-34 ) ) ;
#5126 = VERTEX_POINT ( 'NONE', #1312 ) ;
#5127 = EDGE_LOOP ( 'NONE', ( #245, #2646 ) ) ;
#5128 = CARTESIAN_POINT ( 'NONE',  ( -26.25809662499554165, 45.05751200770441756, 2.652649737689711351 ) ) ;
#5129 = DIRECTION ( 'NONE',  ( -0.4802693771730954242, -0.7596104811619880381, -0.4385581401121410594 ) ) ;
#5130 = EDGE_CURVE ( 'NONE', #1170, #3939, #2599, .T. ) ;
#5131 = DIRECTION ( 'NONE',  ( -4.189031997838606140E-19, 0.9659250147588617219, -0.2588220737554908224 ) ) ;
#5132 =( NAMED_UNIT ( * ) SI_UNIT ( $, .STERADIAN. ) SOLID_ANGLE_UNIT ( ) );
#5133 = VERTEX_POINT ( 'NONE', #2618 ) ;
#5134 = CARTESIAN_POINT ( 'NONE',  ( -20.57034550558903163, 43.72993056241896426, -20.01017343728254616 ) ) ;
#5135 = EDGE_CURVE ( 'NONE', #2299, #1608, #2167, .T. ) ;
#5136 = B_SPLINE_CURVE_WITH_KNOTS ( 'NONE', 3,
 ( #374, #3056, #3921, #2145 ),
 .UNSPECIFIED., .F., .F.,
 ( 4, 4 ),
 ( 0.000000000000000000, 1.000000000000000000 ),
 .UNSPECIFIED. ) ;
#5137 =( NAMED_UNIT ( * ) SI_UNIT ( $, .STERADIAN. ) SOLID_ANGLE_UNIT ( ) );
#5138 = DIRECTION ( 'NONE',  ( 2.168392568715800493E-19, -0.4999972845804250832, 0.8660269715269852675 ) ) ;
#5139 = UNCERTAINTY_MEASURE_WITH_UNIT (LENGTH_MEASURE( 1.000000000000000082E-05 ), #5808, 'distance_accuracy_value', 'NONE');
#5140 = ADVANCED_FACE ( 'NONE', ( #4513 ), #1277, .F. ) ;
#5141 = ORIENTED_EDGE ( 'NONE', *, *, #5247, .T. ) ;
#5142 = CARTESIAN_POINT ( 'NONE',  ( 19.99151582508786973, 42.29518510501494433, -19.63044441292223752 ) ) ;
#5143 = DIRECTION ( 'NONE',  ( 1.000000000000000000, 4.336808689942019662E-19, 8.559688641721049899E-35 ) ) ;
#5144 = DIRECTION ( 'NONE',  ( 1.000000000000000000, 7.579552088393951270E-15, 1.563956609230740016E-14 ) ) ;
#5145 = ORIENTED_EDGE ( 'NONE', *, *, #1560, .F. ) ;
#5146 = DIRECTION ( 'NONE',  ( -1.000000000000000000, -0.000000000000000000, -0.000000000000000000 ) ) ;
#5147 = LINE ( 'NONE', #3247, #391 ) ;
#5148 = SURFACE_STYLE_USAGE ( .BOTH. , #3356 ) ;
#5149 = DIRECTION ( 'NONE',  ( -0.8773116261701380258, -0.4156246604395081867, -0.2399592720051710037 ) ) ;
#5150 = LINE ( 'NONE', #1659, #996 ) ;
#5151 = DIRECTION ( 'NONE',  ( 0.7071067811865416886, 3.955897015043142624E-17, 0.7071067811865534569 ) ) ;
#5152 = ORIENTED_EDGE ( 'NONE', *, *, #1878, .F. ) ;
#5153 = ORIENTED_EDGE ( 'NONE', *, *, #5347, .F. ) ;
#5154 = VERTEX_POINT ( 'NONE', #870 ) ;
#5155 = CARTESIAN_POINT ( 'NONE',  ( -16.27817926986969965, 46.18238151284000281, -12.86368952623932138 ) ) ;
#5156 = CARTESIAN_POINT ( 'NONE',  ( 18.66604714829801992, 41.56397874297651640, -20.91303316732494721 ) ) ;
#5157 = CARTESIAN_POINT ( 'NONE',  ( -22.37377208364728176, 49.18237252949676730, -18.05984713547426423 ) ) ;
#5158 = PLANE ( 'NONE',  #4641 ) ;
#5159 = ORIENTED_EDGE ( 'NONE', *, *, #4180, .F. ) ;
#5160 = CARTESIAN_POINT ( 'NONE',  ( 10.00145552413030003, 67.17107708332700611, -6.519440475373750488 ) ) ;
#5161 = ORIENTED_EDGE ( 'NONE', *, *, #1477, .F. ) ;
#5162 = CARTESIAN_POINT ( 'NONE',  ( 19.45111283681804792, 44.01005532183771862, -20.86539569981719566 ) ) ;
#5163 = ADVANCED_FACE ( 'NONE', ( #3509 ), #5713, .F. ) ;
#5164 = CARTESIAN_POINT ( 'NONE',  ( 22.60380159810011591, 38.58448503470634705, 0.03960450569699890122 ) ) ;
#5165 = DIRECTION ( 'NONE',  ( 0.7071067811865487940, 0.7071067811865463515, -3.925231146709436068E-17 ) ) ;
#5166 = TOROIDAL_SURFACE ( 'NONE', #3014, 7.500000000000000888, 1.000000000000000000 ) ;
#5167 = ADVANCED_FACE ( 'NONE', ( #1492 ), #3280, .T. ) ;
#5168 = EDGE_LOOP ( 'NONE', ( #5679, #2529, #1941, #5769 ) ) ;
#5169 =( NAMED_UNIT ( * ) SI_UNIT ( $, .STERADIAN. ) SOLID_ANGLE_UNIT ( ) );
#5170 = ADVANCED_FACE ( 'NONE', ( #2337 ), #5418, .T. ) ;
#5171 = CIRCLE ( 'NONE', #5263, 129.0140298539000412 ) ;
#5172 = CARTESIAN_POINT ( 'NONE',  ( 23.99999952413039850, 75.36698101602149791, 8.884895459591799494 ) ) ;
#5173 = VERTEX_POINT ( 'NONE', #4657 ) ;
#5174 = CARTESIAN_POINT ( 'NONE',  ( -20.00700978490508319, 42.70882993380860881, -20.30116623925037089 ) ) ;
#5175 = COLOUR_RGB ( '',0.9254901960784314152, 0.9254901960784314152, 0.9254901960784314152 ) ;
#5176 = CARTESIAN_POINT ( 'NONE',  ( -19.50819374226371039, 40.49972770178533210, -19.79293780234647571 ) ) ;
#5177 = LINE ( 'NONE', #1156, #5408 ) ;
#5178 =( NAMED_UNIT ( * ) SI_UNIT ( $, .STERADIAN. ) SOLID_ANGLE_UNIT ( ) );
#5179 = CARTESIAN_POINT ( 'NONE',  ( 16.09869747408850316, -26.62172815897734779, 41.78353990612919944 ) ) ;
#5180 = CARTESIAN_POINT ( 'NONE',  ( 19.30205770160725365, 43.71731902832431871, -20.96922060210641447 ) ) ;
#5181 = ORIENTED_EDGE ( 'NONE', *, *, #1697, .T. ) ;
#5182 = EDGE_LOOP ( 'NONE', ( #4311, #3341, #1116, #1424 ) ) ;
#5183 = CIRCLE ( 'NONE', #1998, 5.999999999999998224 ) ;
#5184 = ORIENTED_EDGE ( 'NONE', *, *, #3512, .T. ) ;
#5185 = PRESENTATION_STYLE_ASSIGNMENT (( #1549 ) ) ;
#5186 = CARTESIAN_POINT ( 'NONE',  ( 10.00145552413030003, 66.17108251417249676, -4.787386532327980504 ) ) ;
#5187 = DIRECTION ( 'NONE',  ( 0.000000000000000000, 0.000000000000000000, 1.000000000000000000 ) ) ;
#5188 = DIRECTION ( 'NONE',  ( 0.000000000000000000, 0.000000000000000000, 1.000000000000000000 ) ) ;
#5189 = VERTEX_POINT ( 'NONE', #2308 ) ;
#5190 = DIRECTION ( 'NONE',  ( 0.000000000000000000, -1.000000000000000000, 5.551115123125790098E-17 ) ) ;
#5191 = ORIENTED_EDGE ( 'NONE', *, *, #1472, .F. ) ;
#5192 = CARTESIAN_POINT ( 'NONE',  ( 19.18828271939908348, 43.42852997463057108, -21.01020159306188262 ) ) ;
#5193 = CARTESIAN_POINT ( 'NONE',  ( 21.50145552413040306, 47.96698619673291120, 1.585765572708199622 ) ) ;
#5194 = UNCERTAINTY_MEASURE_WITH_UNIT (LENGTH_MEASURE( 1.000000000000000082E-05 ), #306, 'distance_accuracy_value', 'NONE');
#5195 = EDGE_CURVE ( 'NONE', #4878, #3307, #4288, .T. ) ;
#5196 = ORIENTED_EDGE ( 'NONE', *, *, #934, .T. ) ;
#5197 = AXIS2_PLACEMENT_3D ( 'NONE', #729, #5187, #3853 ) ;
#5198 = DIRECTION ( 'NONE',  ( 0.5270506108201920004, 0.8498338976729878924, -6.054881242501944604E-17 ) ) ;
#5199 = STYLED_ITEM ( 'NONE', ( #5108 ), #4322 ) ;
#5200 = EDGE_CURVE ( 'NONE', #3371, #1413, #1897, .T. ) ;
#5201 = DIRECTION ( 'NONE',  ( 0.7071067811865484609, 0.3005160437229783543, 0.6400703925859153598 ) ) ;
#5202 = ORIENTED_EDGE ( 'NONE', *, *, #4636, .F. ) ;
#5203 = EDGE_CURVE ( 'NONE', #5189, #2317, #3223, .T. ) ;
#5204 = AXIS2_PLACEMENT_3D ( 'NONE', #3903, #4333, #3357 ) ;
#5205 = CARTESIAN_POINT ( 'NONE',  ( -19.31391409266313630, 43.71147427235600702, -20.96187034442019836 ) ) ;
#5206 = CARTESIAN_POINT ( 'NONE',  ( 24.00002426579450443, 50.29335162736671094, -15.68637834708384915 ) ) ;
#5207 = COLOUR_RGB ( '',0.9254901960784314152, 0.9254901960784314152, 0.9254901960784314152 ) ;
#5208 = DIRECTION ( 'NONE',  ( 0.000000000000000000, 0.000000000000000000, -1.000000000000000000 ) ) ;
#5209 = FACE_OUTER_BOUND ( 'NONE', #4060, .T. ) ;
#5210 = VECTOR ( 'NONE', #4356, 1000.000000000000114 ) ;
#5211 = DIRECTION ( 'NONE',  ( 3.625218039592350679E-17, -0.4999972845804250832, 0.8660269715269852675 ) ) ;
#5212 = SURFACE_STYLE_FILL_AREA ( #2519 ) ;
#5213 = ORIENTED_EDGE ( 'NONE', *, *, #41, .T. ) ;
#5214 = ORIENTED_EDGE ( 'NONE', *, *, #2380, .F. ) ;
#5215 = ADVANCED_FACE ( 'NONE', ( #2393 ), #1431, .T. ) ;
#5216 = ORIENTED_EDGE ( 'NONE', *, *, #1443, .T. ) ;
#5217 = VECTOR ( 'NONE', #5144, 1000.000000000000000 ) ;
#5218 = CARTESIAN_POINT ( 'NONE',  ( 21.50086736455029879, 44.54542484137370906, 3.511696663276298480 ) ) ;
#5219 =( LENGTH_UNIT ( ) NAMED_UNIT ( * ) SI_UNIT ( .MILLI., .METRE. ) );
#5220 = B_SPLINE_SURFACE_WITH_KNOTS ( 'NONE', 1, 3, ( 
 ( #1527, #4044, #5134, #4971 ),
 ( #2292, #910, #4557, #1865 ) ),
 .UNSPECIFIED., .F., .F., .F.,
 ( 2, 2 ),
 ( 4, 4 ),
 ( 0.000000000000000000, 1.000000000000000000 ),
 ( 0.000000000000000000, 0.001197764727312417574 ),
 .UNSPECIFIED. ) ;
#5221 =( NAMED_UNIT ( * ) PLANE_ANGLE_UNIT ( ) SI_UNIT ( $, .RADIAN. ) );
#5222 = DIRECTION ( 'NONE',  ( -1.000000000000000000, -4.336808689942020625E-19, -6.437509947715497613E-35 ) ) ;
#5223 = EDGE_LOOP ( 'NONE', ( #4807, #1632, #4600, #2799, #2772, #1824, #4650, #2083, #498, #776 ) ) ;
#5224 = AXIS2_PLACEMENT_3D ( 'NONE', #3845, #4334, #4683 ) ;
#5225 = ORIENTED_EDGE ( 'NONE', *, *, #5737, .F. ) ;
#5226 = MECHANICAL_DESIGN_GEOMETRIC_PRESENTATION_REPRESENTATION (  '', ( #4471 ), #5683 ) ;
#5227 = CARTESIAN_POINT ( 'NONE',  ( 23.99999952413039850, 69.84054059124160574, 14.21437664482089858 ) ) ;
#5228 =( GEOMETRIC_REPRESENTATION_CONTEXT ( 3 ) GLOBAL_UNCERTAINTY_ASSIGNED_CONTEXT ( ( #4324 ) ) GLOBAL_UNIT_ASSIGNED_CONTEXT ( ( #5219, #2191, #5248 ) ) REPRESENTATION_CONTEXT ( 'NONE', 'WORKASPACE' ) );
#5229 = CARTESIAN_POINT ( 'NONE',  ( 19.50000000000000000, 12.96307512163179787, 4.161751634651829512 ) ) ;
#5230 = ORIENTED_EDGE ( 'NONE', *, *, #5200, .T. ) ;
#5231 = VERTEX_POINT ( 'NONE', #5470 ) ;
#5232 = B_SPLINE_CURVE_WITH_KNOTS ( 'NONE', 3,
 ( #3589, #4075, #725, #1834 ),
 .UNSPECIFIED., .F., .F.,
 ( 4, 4 ),
 ( 0.000000000000000000, 1.000000000000000000 ),
 .UNSPECIFIED. ) ;
#5233 = SURFACE_SIDE_STYLE ('',( #3440 ) ) ;
#5234 = EDGE_LOOP ( 'NONE', ( #4167, #421 ) ) ;
#5235 = MECHANICAL_DESIGN_GEOMETRIC_PRESENTATION_REPRESENTATION (  '', ( #1676 ), #5790 ) ;
#5236 = CARTESIAN_POINT ( 'NONE',  ( -9.998544475869659109, 67.42107572350370504, -6.952453957474550528 ) ) ;
#5237 = CARTESIAN_POINT ( 'NONE',  ( -19.88823623601817303, 42.12772765940854924, -19.73378995202995867 ) ) ;
#5238 = EDGE_CURVE ( 'NONE', #4203, #4142, #576, .T. ) ;
#5239 = CARTESIAN_POINT ( 'NONE',  ( 18.99999952413030258, 50.54335923001125508, -16.11938833931890613 ) ) ;
#5240 = DIRECTION ( 'NONE',  ( 1.000000000000000000, 4.336808689942019662E-19, -2.407412430484050162E-35 ) ) ;
#5241 = CARTESIAN_POINT ( 'NONE',  ( 23.00145552413030003, 51.94049417897910104, -9.539265701079193249 ) ) ;
#5242 = EDGE_LOOP ( 'NONE', ( #4252, #5687, #5048, #1103 ) ) ;
#5243 = VERTEX_POINT ( 'NONE', #309 ) ;
#5244 = EDGE_CURVE ( 'NONE', #3978, #3498, #2015, .T. ) ;
#5245 = ORIENTED_EDGE ( 'NONE', *, *, #4317, .T. ) ;
#5246 =( LENGTH_UNIT ( ) NAMED_UNIT ( * ) SI_UNIT ( .MILLI., .METRE. ) );
#5247 = EDGE_CURVE ( 'NONE', #4321, #2579, #1126, .T. ) ;
#5248 =( NAMED_UNIT ( * ) SI_UNIT ( $, .STERADIAN. ) SOLID_ANGLE_UNIT ( ) );
#5249 = DIRECTION ( 'NONE',  ( 1.000000000000000000, 4.336808689942019662E-19, 2.139922160430259802E-35 ) ) ;
#5250 = DIRECTION ( 'NONE',  ( 4.189031997838558473E-19, -0.9659250147588526181, 0.2588220737555249062 ) ) ;
#5251 = ORIENTED_EDGE ( 'NONE', *, *, #2294, .T. ) ;
#5252 = VERTEX_POINT ( 'NONE', #4769 ) ;
#5253 =( GEOMETRIC_REPRESENTATION_CONTEXT ( 3 ) GLOBAL_UNCERTAINTY_ASSIGNED_CONTEXT ( ( #2693 ) ) GLOBAL_UNIT_ASSIGNED_CONTEXT ( ( #5351, #4888, #2691 ) ) REPRESENTATION_CONTEXT ( 'NONE', 'WORKASPACE' ) );
#5254 = CARTESIAN_POINT ( 'NONE',  ( 18.98735448487331468, 42.96159855737379729, -21.08213871438452358 ) ) ;
#5255 = CARTESIAN_POINT ( 'NONE',  ( 22.99999952413032389, 80.92128702442504107, 0.2644910026479654341 ) ) ;
#5256 = SURFACE_SIDE_STYLE ('',( #3107 ) ) ;
#5257 = FILL_AREA_STYLE ('',( #3923 ) ) ;
#5258 = ORIENTED_EDGE ( 'NONE', *, *, #1265, .T. ) ;
#5259 = ORIENTED_EDGE ( 'NONE', *, *, #5458, .F. ) ;
#5260 = VECTOR ( 'NONE', #1642, 1000.000000000000227 ) ;
#5261 = ORIENTED_EDGE ( 'NONE', *, *, #4845, .T. ) ;
#5262 =( NAMED_UNIT ( * ) SI_UNIT ( $, .STERADIAN. ) SOLID_ANGLE_UNIT ( ) );
#5263 = AXIS2_PLACEMENT_3D ( 'NONE', #5075, #1521, #5104 ) ;
#5264 =( LENGTH_UNIT ( ) NAMED_UNIT ( * ) SI_UNIT ( .MILLI., .METRE. ) );
#5265 = FACE_OUTER_BOUND ( 'NONE', #1636, .T. ) ;
#5266 = VERTEX_POINT ( 'NONE', #1599 ) ;
#5267 = ORIENTED_EDGE ( 'NONE', *, *, #4109, .T. ) ;
#5268 = UNCERTAINTY_MEASURE_WITH_UNIT (LENGTH_MEASURE( 1.000000000000000082E-05 ), #5052, 'distance_accuracy_value', 'NONE');
#5269 = CIRCLE ( 'NONE', #2562, 8.500000000000003553 ) ;
#5270 = EDGE_CURVE ( 'NONE', #94, #980, #3788, .T. ) ;
#5271 =( NAMED_UNIT ( * ) SI_UNIT ( $, .STERADIAN. ) SOLID_ANGLE_UNIT ( ) );
#5272 = CARTESIAN_POINT ( 'NONE',  ( 19.73648337914254114, 32.86552691520721226, -4.077809753118709857 ) ) ;
#5273 = CARTESIAN_POINT ( 'NONE',  ( -93.66238150725969547, 98.02070889909239781, 10.13677533826624888 ) ) ;
#5274 = ADVANCED_FACE ( 'NONE', ( #3387, #258 ), #4224, .T. ) ;
#5275 = FACE_OUTER_BOUND ( 'NONE', #1681, .T. ) ;
#5276 = VERTEX_POINT ( 'NONE', #2456 ) ;
#5277 = ORIENTED_EDGE ( 'NONE', *, *, #3413, .F. ) ;
#5278 = EDGE_CURVE ( 'NONE', #3282, #2317, #5676, .T. ) ;
#5279 = LINE ( 'NONE', #4809, #937 ) ;
#5280 = FILL_AREA_STYLE ('',( #874 ) ) ;
#5281 = FILL_AREA_STYLE_COLOUR ( '', #1455 ) ;
#5282 = CARTESIAN_POINT ( 'NONE',  ( 24.00002426579450443, 50.29335162736671094, -15.68637834708384915 ) ) ;
#5283 = EDGE_LOOP ( 'NONE', ( #5609, #1121, #3494, #4587 ) ) ;
#5284 = VECTOR ( 'NONE', #4593, 1000.000000000000114 ) ;
#5285 = EDGE_CURVE ( 'NONE', #4142, #747, #5150, .T. ) ;
#5286 = AXIS2_PLACEMENT_3D ( 'NONE', #5491, #1481, #1612 ) ;
#5287 = SURFACE_STYLE_USAGE ( .BOTH. , #5233 ) ;
#5288 = VERTEX_POINT ( 'NONE', #2901 ) ;
#5289 = COLOUR_RGB ( '',0.9254901960784314152, 0.9254901960784314152, 0.9254901960784314152 ) ;
#5290 = PLANE ( 'NONE',  #600 ) ;
#5291 = FILL_AREA_STYLE_COLOUR ( '', #5175 ) ;
#5292 = VECTOR ( 'NONE', #4316, 1000.000000000000114 ) ;
#5293 = DIRECTION ( 'NONE',  ( 0.000000000000000000, -1.000000000000000000, 0.000000000000000000 ) ) ;
#5294 = DIRECTION ( 'NONE',  ( -1.000000000000000000, 0.000000000000000000, 2.503839533880189972E-19 ) ) ;
#5295 = ORIENTED_EDGE ( 'NONE', *, *, #300, .T. ) ;
#5296 = VECTOR ( 'NONE', #1958, 1000.000000000000114 ) ;
#5297 = SURFACE_STYLE_USAGE ( .BOTH. , #806 ) ;
#5298 = PRESENTATION_STYLE_ASSIGNMENT (( #893 ) ) ;
#5299 = PRESENTATION_LAYER_ASSIGNMENT (  '', '', ( #4556 ) ) ;
#5300 = CARTESIAN_POINT ( 'NONE',  ( -18.49999999999997158, 32.05723306756489421, -3.698312010256797677 ) ) ;
#5301 = DIRECTION ( 'NONE',  ( 0.000000000000000000, -0.4999972845804258603, 0.8660269715269847124 ) ) ;
#5302 = ORIENTED_EDGE ( 'NONE', *, *, #4957, .F. ) ;
#5303 = ORIENTED_EDGE ( 'NONE', *, *, #2266, .F. ) ;
#5304 = AXIS2_PLACEMENT_3D ( 'NONE', #4831, #4926, #2700 ) ;
#5305 = LINE ( 'NONE', #2677, #2444 ) ;
#5306 =( NAMED_UNIT ( * ) SI_UNIT ( $, .STERADIAN. ) SOLID_ANGLE_UNIT ( ) );
#5307 = COLOUR_RGB ( '',0.6274509803921568540, 0.6274509803921568540, 0.6274509803921568540 ) ;
#5308 = EDGE_CURVE ( 'NONE', #1715, #944, #1089, .T. ) ;
#5309 = VECTOR ( 'NONE', #8, 1000.000000000000114 ) ;
#5310 = EDGE_CURVE ( 'NONE', #5394, #3889, #3407, .T. ) ;
#5311 = CARTESIAN_POINT ( 'NONE',  ( -15.50000047586970098, 70.92134134068597007, 17.58503043772818941 ) ) ;
#5312 = EDGE_LOOP ( 'NONE', ( #2293, #5181, #731, #3723 ) ) ;
#5313 = CARTESIAN_POINT ( 'NONE',  ( 21.50086736455029879, 44.54542484137370906, 3.511696663276298480 ) ) ;
#5314 =( NAMED_UNIT ( * ) SI_UNIT ( $, .STERADIAN. ) SOLID_ANGLE_UNIT ( ) );
#5315 = EDGE_CURVE ( 'NONE', #3323, #3550, #1851, .T. ) ;
#5316 = MECHANICAL_DESIGN_GEOMETRIC_PRESENTATION_REPRESENTATION (  '', ( #4847 ), #4955 ) ;
#5317 =( LENGTH_UNIT ( ) NAMED_UNIT ( * ) SI_UNIT ( .MILLI., .METRE. ) );
#5318 = ORIENTED_EDGE ( 'NONE', *, *, #5712, .F. ) ;
#5319 = SURFACE_SIDE_STYLE ('',( #3066 ) ) ;
#5320 = SURFACE_STYLE_USAGE ( .BOTH. , #3 ) ;
#5321 = SURFACE_SIDE_STYLE ('',( #5756 ) ) ;
#5322 = LINE ( 'NONE', #3121, #2318 ) ;
#5323 = FACE_OUTER_BOUND ( 'NONE', #1986, .T. ) ;
#5324 = DIRECTION ( 'NONE',  ( 0.000000000000000000, -0.7095709740235812690, 0.7046339708126667656 ) ) ;
#5325 = CARTESIAN_POINT ( 'NONE',  ( -18.87570665766763511, 31.73812056382464064, -3.963542678967030497 ) ) ;
#5326 =( NAMED_UNIT ( * ) SI_UNIT ( $, .STERADIAN. ) SOLID_ANGLE_UNIT ( ) );
#5327 = ORIENTED_EDGE ( 'NONE', *, *, #2335, .T. ) ;
#5328 = UNCERTAINTY_MEASURE_WITH_UNIT (LENGTH_MEASURE( 1.000000000000000082E-05 ), #3952, 'distance_accuracy_value', 'NONE');
#5329 = CARTESIAN_POINT ( 'NONE',  ( -15.10130252591150146, -16.46946932731194835, 37.78353990612920654 ) ) ;
#5330 = DIRECTION ( 'NONE',  ( 1.000000000000000000, 0.000000000000000000, 0.000000000000000000 ) ) ;
#5331 = DIRECTION ( 'NONE',  ( 0.000000000000000000, -1.000000000000000000, 0.000000000000000000 ) ) ;
#5332 = LINE ( 'NONE', #3601, #2030 ) ;
#5333 = CARTESIAN_POINT ( 'NONE',  ( 20.37566504365030085, 43.38858468605802443, -20.12112257074103638 ) ) ;
#5334 = DIRECTION ( 'NONE',  ( -1.000000000000000000, -4.336808689942019662E-19, 2.407412430484050162E-35 ) ) ;
#5335 = VERTEX_POINT ( 'NONE', #3417 ) ;
#5336 = ORIENTED_EDGE ( 'NONE', *, *, #4815, .F. ) ;
#5337 = CARTESIAN_POINT ( 'NONE',  ( -20.95165601195209248, 44.36220204529747946, -19.68805526255850324 ) ) ;
#5338 = DIRECTION ( 'NONE',  ( 3.926927030438489722E-51, 5.551115123125790098E-17, 1.000000000000000000 ) ) ;
#5339 = CARTESIAN_POINT ( 'NONE',  ( -9.998544475869659109, 67.42107572350370504, -6.952453957474550528 ) ) ;
#5340 = FILL_AREA_STYLE_COLOUR ( '', #1205 ) ;
#5341 = VERTEX_POINT ( 'NONE', #1543 ) ;
#5342 = CARTESIAN_POINT ( 'NONE',  ( 24.00145552413039951, 47.81183694473408963, -2.388169822530911368 ) ) ;
#5343 = EDGE_CURVE ( 'NONE', #4226, #2655, #4653, .T. ) ;
#5344 = DIRECTION ( 'NONE',  ( 0.000000000000000000, 1.000000000000000000, -5.551115123125790098E-17 ) ) ;
#5345 = EDGE_CURVE ( 'NONE', #755, #5266, #1283, .T. ) ;
#5346 = VERTEX_POINT ( 'NONE', #2183 ) ;
#5347 = EDGE_CURVE ( 'NONE', #2396, #3016, #4470, .T. ) ;
#5348 = CARTESIAN_POINT ( 'NONE',  ( 19.15863415942768455, 40.91932758672484027, -20.28958974511838775 ) ) ;
#5349 = CARTESIAN_POINT ( 'NONE',  ( 19.19869747408850102, -9.969469327311898610, 41.78353990612919944 ) ) ;
#5350 = CARTESIAN_POINT ( 'NONE',  ( 16.28050215855029847, 38.68242224412829700, 0.1267150466653776397 ) ) ;
#5351 =( LENGTH_UNIT ( ) NAMED_UNIT ( * ) SI_UNIT ( .MILLI., .METRE. ) );
#5352 = ORIENTED_EDGE ( 'NONE', *, *, #3926, .T. ) ;
#5353 =( NAMED_UNIT ( * ) PLANE_ANGLE_UNIT ( ) SI_UNIT ( $, .RADIAN. ) );
#5354 = STYLED_ITEM ( 'NONE', ( #5185 ), #2743 ) ;
#5355 = CARTESIAN_POINT ( 'NONE',  ( -19.50000000000000000, -14.91394385214018925, 10.88353990612919908 ) ) ;
#5356 = VECTOR ( 'NONE', #3316, 1000.000000000000114 ) ;
#5357 = CARTESIAN_POINT ( 'NONE',  ( -19.07521090455910340, 41.05017731423223637, -20.41038068317164189 ) ) ;
#5358 = DIRECTION ( 'NONE',  ( 0.000000000000000000, 0.9051962300684738283, -0.4249938647437425110 ) ) ;
#5359 = DIRECTION ( 'NONE',  ( 0.000000000000000000, -0.2588220737555257944, -0.9659250147588522850 ) ) ;
#5360 = FACE_OUTER_BOUND ( 'NONE', #986, .T. ) ;
#5361 = VERTEX_POINT ( 'NONE', #5706 ) ;
#5362 = ORIENTED_EDGE ( 'NONE', *, *, #4523, .T. ) ;
#5363 = DIRECTION ( 'NONE',  ( 1.000000000000000000, 4.336808689942019662E-19, -2.407412430484050162E-35 ) ) ;
#5364 = SURFACE_STYLE_FILL_AREA ( #4036 ) ;
#5365 = DIRECTION ( 'NONE',  ( 0.000000000000000000, -0.8660269715269796054, -0.4999972845804345756 ) ) ;
#5366 = DIRECTION ( 'NONE',  ( -0.7071067811865392461, -0.3535514711368442642, 0.6123735438904792661 ) ) ;
#5367 = VERTEX_POINT ( 'NONE', #3990 ) ;
#5368 = COLOUR_RGB ( '',0.9254901960784314152, 0.9254901960784314152, 0.9254901960784314152 ) ;
#5369 = STYLED_ITEM ( 'NONE', ( #4532 ), #3366 ) ;
#5370 = DIRECTION ( 'NONE',  ( 0.000000000000000000, -0.6904281426538567690, -0.7234009813592633398 ) ) ;
#5371 =( LENGTH_UNIT ( ) NAMED_UNIT ( * ) SI_UNIT ( .MILLI., .METRE. ) );
#5372 = LINE ( 'NONE', #1359, #1004 ) ;
#5373 = EDGE_LOOP ( 'NONE', ( #380, #5196, #4066, #1934 ) ) ;
#5374 =( GEOMETRIC_REPRESENTATION_CONTEXT ( 3 ) GLOBAL_UNCERTAINTY_ASSIGNED_CONTEXT ( ( #5139 ) ) GLOBAL_UNIT_ASSIGNED_CONTEXT ( ( #5808, #407, #5262 ) ) REPRESENTATION_CONTEXT ( 'NONE', 'WORKASPACE' ) );
#5375 = LINE ( 'NONE', #2271, #2463 ) ;
#5376 = EDGE_CURVE ( 'NONE', #1877, #4661, #4477, .T. ) ;
#5377 = PRESENTATION_STYLE_ASSIGNMENT (( #2216 ) ) ;
#5378 = FACE_OUTER_BOUND ( 'NONE', #2997, .T. ) ;
#5379 = PRESENTATION_LAYER_ASSIGNMENT (  '', '', ( #2576 ) ) ;
#5380 = EDGE_CURVE ( 'NONE', #1045, #3288, #2407, .T. ) ;
#5381 = CARTESIAN_POINT ( 'NONE',  ( 20.75811657336414129, 44.05261315632489527, -19.86669060014612498 ) ) ;
#5382 = CARTESIAN_POINT ( 'NONE',  ( -20.65775254024755725, 44.66506238263603734, -19.89809951410899913 ) ) ;
#5383 = ORIENTED_EDGE ( 'NONE', *, *, #1402, .F. ) ;
#5384 = UNCERTAINTY_MEASURE_WITH_UNIT (LENGTH_MEASURE( 1.000000000000000082E-05 ), #1483, 'distance_accuracy_value', 'NONE');
#5385 = DIRECTION ( 'NONE',  ( -1.000000000000000000, 0.000000000000000000, 0.000000000000000000 ) ) ;
#5386 = CYLINDRICAL_SURFACE ( 'NONE', #3874, 13.99999999999999467 ) ;
#5387 = PRESENTATION_LAYER_ASSIGNMENT (  '', '', ( #1361 ) ) ;
#5388 =( NAMED_UNIT ( * ) SI_UNIT ( $, .STERADIAN. ) SOLID_ANGLE_UNIT ( ) );
#5389 = STYLED_ITEM ( 'NONE', ( #556 ), #4274 ) ;
#5390 = CARTESIAN_POINT ( 'NONE',  ( 93.68306822113039800, 87.48387329026581938, 28.30204192318081624 ) ) ;
#5391 = EDGE_CURVE ( 'NONE', #5231, #5430, #3438, .T. ) ;
#5392 = CARTESIAN_POINT ( 'NONE',  ( -19.50000000000000000, -6.969469327306998530, 28.36178214484647597 ) ) ;
#5393 = ORIENTED_EDGE ( 'NONE', *, *, #2058, .F. ) ;
#5394 = VERTEX_POINT ( 'NONE', #3041 ) ;
#5395 = DIRECTION ( 'NONE',  ( -1.000000000000000000, -4.336808689942019662E-19, -2.139922160430259802E-35 ) ) ;
#5396 = LINE ( 'NONE', #4962, #25 ) ;
#5397 = FILL_AREA_STYLE ('',( #903 ) ) ;
#5398 = FILL_AREA_STYLE ('',( #4607 ) ) ;
#5399 = DIRECTION ( 'NONE',  ( 1.000000000000000000, 0.000000000000000000, 0.000000000000000000 ) ) ;
#5400 = EDGE_LOOP ( 'NONE', ( #3149, #2620, #4834, #1570 ) ) ;
#5401 = VECTOR ( 'NONE', #3630, 1000.000000000000000 ) ;
#5402 = MECHANICAL_DESIGN_GEOMETRIC_PRESENTATION_REPRESENTATION (  '', ( #1565 ), #3063 ) ;
#5403 = CARTESIAN_POINT ( 'NONE',  ( -9.351302525911499686, -20.46946932730794089, 17.58353990612919659 ) ) ;
#5404 = PRESENTATION_LAYER_ASSIGNMENT (  '', '', ( #4565 ) ) ;
#5405 = VECTOR ( 'NONE', #3746, 1000.000000000000114 ) ;
#5406 = EDGE_LOOP ( 'NONE', ( #1218, #2097, #4485, #5118, #690, #1008 ) ) ;
#5407 = VECTOR ( 'NONE', #1953, 1000.000000000000000 ) ;
#5408 = VECTOR ( 'NONE', #2068, 999.9999999999998863 ) ;
#5409 = AXIS2_PLACEMENT_3D ( 'NONE', #2472, #5575, #3860 ) ;
#5410 =( LENGTH_UNIT ( ) NAMED_UNIT ( * ) SI_UNIT ( .MILLI., .METRE. ) );
#5411 = ORIENTED_EDGE ( 'NONE', *, *, #4445, .F. ) ;
#5412 = CARTESIAN_POINT ( 'NONE',  ( -19.50200000000433675, -15.46946932731194835, 17.38353990612920086 ) ) ;
#5413 = CARTESIAN_POINT ( 'NONE',  ( 19.50000000000000000, 19.33798309278793681, 17.73969508567892461 ) ) ;
#5414 = ADVANCED_FACE ( 'NONE', ( #3124 ), #1305, .F. ) ;
#5415 = PRESENTATION_STYLE_ASSIGNMENT (( #3565 ) ) ;
#5416 = CARTESIAN_POINT ( 'NONE',  ( 93.68306822113039800, 97.48381898187308536, 10.98150249264324962 ) ) ;
#5417 = VECTOR ( 'NONE', #1501, 1000.000000000000000 ) ;
#5418 = PLANE ( 'NONE',  #5490 ) ;
#5419 = ORIENTED_EDGE ( 'NONE', *, *, #262, .F. ) ;
#5420 = ORIENTED_EDGE ( 'NONE', *, *, #4676, .T. ) ;
#5421 = ADVANCED_FACE ( 'NONE', ( #5265 ), #255, .T. ) ;
#5422 = DIRECTION ( 'NONE',  ( 0.000000000000000000, -0.9051962300684739393, 0.4249938647437424000 ) ) ;
#5423 = DIRECTION ( 'NONE',  ( -1.000000000000000000, 0.000000000000000000, 0.000000000000000000 ) ) ;
#5424 = ADVANCED_FACE ( 'NONE', ( #2610 ), #2411, .F. ) ;
#5425 = SURFACE_STYLE_FILL_AREA ( #3636 ) ;
#5426 = CARTESIAN_POINT ( 'NONE',  ( -18.40733479903474290, 32.05723306756492264, -3.698312010256812332 ) ) ;
#5427 = ORIENTED_EDGE ( 'NONE', *, *, #3113, .F. ) ;
#5428 = LINE ( 'NONE', #4757, #5417 ) ;
#5429 = UNCERTAINTY_MEASURE_WITH_UNIT (LENGTH_MEASURE( 1.000000000000000082E-05 ), #1775, 'distance_accuracy_value', 'NONE');
#5430 = VERTEX_POINT ( 'NONE', #4855 ) ;
#5431 = CIRCLE ( 'NONE', #5072, 3.000000000000002665 ) ;
#5432 = CARTESIAN_POINT ( 'NONE',  ( -9.351302525911499686, -20.46946932730794089, 17.58353990612919659 ) ) ;
#5433 =( NAMED_UNIT ( * ) SI_UNIT ( $, .STERADIAN. ) SOLID_ANGLE_UNIT ( ) );
#5434 =( NAMED_UNIT ( * ) SI_UNIT ( $, .STERADIAN. ) SOLID_ANGLE_UNIT ( ) );
#5435 = VERTEX_POINT ( 'NONE', #5350 ) ;
#5436 = AXIS2_PLACEMENT_3D ( 'NONE', #172, #3227, #4961 ) ;
#5437 = DIRECTION ( 'NONE',  ( -0.7071067811865479058, 0.3005160437229789649, 0.6400703925859154708 ) ) ;
#5438 = CARTESIAN_POINT ( 'NONE',  ( 19.63566621199241879, 41.45292245595032199, -19.92075003262375077 ) ) ;
#5439 = DIRECTION ( 'NONE',  ( -0.7071067811865423547, 0.4982514590160435630, 0.5017424474652221189 ) ) ;
#5440 = AXIS2_PLACEMENT_3D ( 'NONE', #5311, #4872, #4786 ) ;
#5441 = CARTESIAN_POINT ( 'NONE',  ( -0.001302525911494698853, -50.96946932731190572, 17.38353990612920086 ) ) ;
#5442 = CARTESIAN_POINT ( 'NONE',  ( 19.50000000000000000, 1.017499851658588916, -0.7091502389341766133 ) ) ;
#5443 = PRESENTATION_STYLE_ASSIGNMENT (( #4899 ) ) ;
#5444 = ORIENTED_EDGE ( 'NONE', *, *, #4, .F. ) ;
#5445 = ORIENTED_EDGE ( 'NONE', *, *, #1144, .T. ) ;
#5446 = DIRECTION ( 'NONE',  ( 0.000000000000000000, 1.000000000000000000, 0.000000000000000000 ) ) ;
#5447 = CARTESIAN_POINT ( 'NONE',  ( 22.99999952413039850, 40.54341320064155241, 1.201150896212809016 ) ) ;
#5448 = EDGE_CURVE ( 'NONE', #4818, #4800, #2690, .T. ) ;
#5449 =( GEOMETRIC_REPRESENTATION_CONTEXT ( 3 ) GLOBAL_UNCERTAINTY_ASSIGNED_CONTEXT ( ( #5541 ) ) GLOBAL_UNIT_ASSIGNED_CONTEXT ( ( #2706, #465, #21 ) ) REPRESENTATION_CONTEXT ( 'NONE', 'WORKASPACE' ) );
#5450 = PLANE ( 'NONE',  #50 ) ;
#5451 = ORIENTED_EDGE ( 'NONE', *, *, #3695, .F. ) ;
#5452 = EDGE_CURVE ( 'NONE', #5173, #3323, #800, .T. ) ;
#5453 = CARTESIAN_POINT ( 'NONE',  ( -15.50000047586970098, 116.2443821252229981, -60.91734739811199972 ) ) ;
#5454 = CARTESIAN_POINT ( 'NONE',  ( 16.28050215855029847, 46.18238151284000281, -12.86368952623932138 ) ) ;
#5455 = CARTESIAN_POINT ( 'NONE',  ( 19.81448093729176918, 44.76844975567269103, -20.57790480326133675 ) ) ;
#5456 = DIRECTION ( 'NONE',  ( -2.168392568715800012E-19, 0.4999972845804249721, -0.8660269715269850455 ) ) ;
#5457 = PRESENTATION_LAYER_ASSIGNMENT (  '', '', ( #1343 ) ) ;
#5458 = EDGE_CURVE ( 'NONE', #1602, #2681, #342, .T. ) ;
#5459 = ORIENTED_EDGE ( 'NONE', *, *, #3015, .T. ) ;
#5460 = AXIS2_PLACEMENT_3D ( 'NONE', #5160, #4149, #4580 ) ;
#5461 = FILL_AREA_STYLE_COLOUR ( '', #5090 ) ;
#5462 = CARTESIAN_POINT ( 'NONE',  ( 17.50145552413030359, 75.61750588524600403, 21.45104111672489822 ) ) ;
#5463 = CARTESIAN_POINT ( 'NONE',  ( 19.87981027107158027, 33.16025413293672131, -4.216185560647825348 ) ) ;
#5464 = ORIENTED_EDGE ( 'NONE', *, *, #1000, .T. ) ;
#5465 = CARTESIAN_POINT ( 'NONE',  ( -23.00000047586971164, 67.49786897360699811, -7.485466903816321071 ) ) ;
#5466 = CARTESIAN_POINT ( 'NONE',  ( 18.50000000000001421, -14.91394385214018925, 10.88353990612919908 ) ) ;
#5467 = AXIS2_PLACEMENT_3D ( 'NONE', #968, #2768, #1476 ) ;
#5468 = CARTESIAN_POINT ( 'NONE',  ( 19.19869747408850102, -27.57936364919197914, 37.78353990612920654 ) ) ;
#5469 = DIRECTION ( 'NONE',  ( 3.926927030438489722E-51, 5.551115123125790098E-17, 1.000000000000000000 ) ) ;
#5470 = CARTESIAN_POINT ( 'NONE',  ( 9.348697474088499604, -20.46946932730794089, 41.78353990612919944 ) ) ;
#5471 = CARTESIAN_POINT ( 'NONE',  ( 19.15863415942765258, 40.91932758672481185, -20.28958974511841262 ) ) ;
#5472 = ORIENTED_EDGE ( 'NONE', *, *, #5244, .T. ) ;
#5473 = ORIENTED_EDGE ( 'NONE', *, *, #3404, .T. ) ;
#5474 = DIRECTION ( 'NONE',  ( 0.7071067811865442421, 0.4982514590160428969, 0.5017424474652201205 ) ) ;
#5475 = MECHANICAL_DESIGN_GEOMETRIC_PRESENTATION_REPRESENTATION (  '', ( #5389 ), #792 ) ;
#5476 = DIRECTION ( 'NONE',  ( -0.000000000000000000, -0.4999972845804346866, 0.8660269715269794943 ) ) ;
#5477 = CARTESIAN_POINT ( 'NONE',  ( -6.098544475875925741, 67.67107436790877273, -7.385467446901107458 ) ) ;
#5478 = STYLED_ITEM ( 'NONE', ( #1733 ), #1581 ) ;
#5479 = SURFACE_SIDE_STYLE ('',( #3175 ) ) ;
#5480 = VERTEX_POINT ( 'NONE', #828 ) ;
#5481 = COLOUR_RGB ( '',0.6274509803921568540, 0.6274509803921568540, 0.6274509803921568540 ) ;
#5482 = PRESENTATION_LAYER_ASSIGNMENT (  '', '', ( #2209 ) ) ;
#5483 = EDGE_CURVE ( 'NONE', #1678, #1413, #978, .T. ) ;
#5484 = ADVANCED_FACE ( 'NONE', ( #2329 ), #3619, .T. ) ;
#5485 = CARTESIAN_POINT ( 'NONE',  ( -15.50000047586970098, 80.92128703229322184, 0.2644910071906295124 ) ) ;
#5486 = SURFACE_STYLE_FILL_AREA ( #1025 ) ;
#5487 = DIRECTION ( 'NONE',  ( -1.000000000000000000, -0.000000000000000000, -0.000000000000000000 ) ) ;
#5488 = ORIENTED_EDGE ( 'NONE', *, *, #2201, .F. ) ;
#5489 = ADVANCED_FACE ( 'NONE', ( #3677 ), #4566, .T. ) ;
#5490 = AXIS2_PLACEMENT_3D ( 'NONE', #5527, #1042, #1847 ) ;
#5491 = CARTESIAN_POINT ( 'NONE',  ( -11.00130252591150004, -20.46946932730794089, 17.38353990612920086 ) ) ;
#5492 = EDGE_CURVE ( 'NONE', #2143, #3498, #3726, .T. ) ;
#5493 = AXIS2_PLACEMENT_3D ( 'NONE', #5186, #2961, #694 ) ;
#5494 = CARTESIAN_POINT ( 'NONE',  ( -16.27817926986969965, 38.68242224412829700, 0.1267150466653776397 ) ) ;
#5495 = VECTOR ( 'NONE', #1598, 1000.000000000000000 ) ;
#5496 =( NAMED_UNIT ( * ) PLANE_ANGLE_UNIT ( ) SI_UNIT ( $, .RADIAN. ) );
#5497 = SURFACE_SIDE_STYLE ('',( #1890 ) ) ;
#5498 = VERTEX_POINT ( 'NONE', #4076 ) ;
#5499 = CARTESIAN_POINT ( 'NONE',  ( 21.50145552413040306, 71.53801791147240863, 13.75953326312820124 ) ) ;
#5500 = CARTESIAN_POINT ( 'NONE',  ( 19.15863415942768455, 40.91932758672484027, -20.28958974511838775 ) ) ;
#5501 = FILL_AREA_STYLE_COLOUR ( '', #4268 ) ;
#5502 = COLOUR_RGB ( '',0.9254901960784314152, 0.9254901960784314152, 0.9254901960784314152 ) ;
#5503 = ORIENTED_EDGE ( 'NONE', *, *, #3312, .T. ) ;
#5504 = ORIENTED_EDGE ( 'NONE', *, *, #3123, .F. ) ;
#5505 = DIRECTION ( 'NONE',  ( 2.168392568715800493E-19, -0.4999972845804250832, 0.8660269715269852675 ) ) ;
#5506 = CARTESIAN_POINT ( 'NONE',  ( 21.50145552413040306, 56.92014926526099572, -6.664281314741801410 ) ) ;
#5507 = LINE ( 'NONE', #234, #1857 ) ;
#5508 = FILL_AREA_STYLE_COLOUR ( '', #5481 ) ;
#5509 = ORIENTED_EDGE ( 'NONE', *, *, #3240, .T. ) ;
#5510 = MECHANICAL_DESIGN_GEOMETRIC_PRESENTATION_REPRESENTATION (  '', ( #3744 ), #3773 ) ;
#5511 = PRESENTATION_STYLE_ASSIGNMENT (( #965 ) ) ;
#5512 = FACE_OUTER_BOUND ( 'NONE', #3477, .T. ) ;
#5513 = CARTESIAN_POINT ( 'NONE',  ( -24.00000047586969742, 51.54335379917549176, -17.85144228237874131 ) ) ;
#5514 = DIRECTION ( 'NONE',  ( -2.168392568715800493E-19, 0.4999972845804250832, -0.8660269715269852675 ) ) ;
#5515 = EDGE_CURVE ( 'NONE', #4203, #2521, #346, .T. ) ;
#5516 = SURFACE_SIDE_STYLE ('',( #2353 ) ) ;
#5517 = FILL_AREA_STYLE ('',( #5461 ) ) ;
#5518 = DIRECTION ( 'NONE',  ( -1.000000000000000000, -4.336808689942019662E-19, -8.559688641721049899E-35 ) ) ;
#5519 = EDGE_CURVE ( 'NONE', #1526, #482, #942, .T. ) ;
#5520 = EDGE_LOOP ( 'NONE', ( #4357, #345 ) ) ;
#5521 = EDGE_CURVE ( 'NONE', #4402, #5669, #2720, .T. ) ;
#5522 = CARTESIAN_POINT ( 'NONE',  ( 21.48715525834954576, 73.02763886985498232, 12.83219022487401340 ) ) ;
#5523 =( GEOMETRIC_REPRESENTATION_CONTEXT ( 3 ) GLOBAL_UNCERTAINTY_ASSIGNED_CONTEXT ( ( #1917 ) ) GLOBAL_UNIT_ASSIGNED_CONTEXT ( ( #4129, #5081, #5022 ) ) REPRESENTATION_CONTEXT ( 'NONE', 'WORKASPACE' ) );
#5524 = LINE ( 'NONE', #4680, #216 ) ;
#5525 = DIRECTION ( 'NONE',  ( -0.000000000000000000, 0.7095709740235808249, -0.7046339708126672097 ) ) ;
#5526 = DIRECTION ( 'NONE',  ( 1.000000000000000000, 0.000000000000000000, 0.000000000000000000 ) ) ;
#5527 = CARTESIAN_POINT ( 'NONE',  ( 21.50145552413040306, 41.84245399569490331, 1.951147018089098184 ) ) ;
#5528 = CARTESIAN_POINT ( 'NONE',  ( 19.48739557138194556, 41.65943654467504587, -20.37065793583816742 ) ) ;
#5529 = EDGE_LOOP ( 'NONE', ( #2848, #2436, #1068, #1577 ) ) ;
#5530 = CARTESIAN_POINT ( 'NONE',  ( -20.95165601195209248, 44.36220204529747946, -19.68805526255850324 ) ) ;
#5531 = LINE ( 'NONE', #928, #100 ) ;
#5532 = CARTESIAN_POINT ( 'NONE',  ( 21.50105116442050246, 47.49482031754600797, -1.596843144937251102 ) ) ;
#5533 = MECHANICAL_DESIGN_GEOMETRIC_PRESENTATION_REPRESENTATION (  '', ( #1110 ), #3770 ) ;
#5534 = LINE ( 'NONE', #4609, #2208 ) ;
#5535 = ORIENTED_EDGE ( 'NONE', *, *, #3269, .T. ) ;
#5536 = VECTOR ( 'NONE', #5574, 1000.000000000000114 ) ;
#5537 = SURFACE_STYLE_FILL_AREA ( #2765 ) ;
#5538 = AXIS2_PLACEMENT_3D ( 'NONE', #4461, #1605, #636 ) ;
#5539 = DIRECTION ( 'NONE',  ( 0.000000000000000000, -0.8660269715269849344, -0.4999972845804251387 ) ) ;
#5540 = SURFACE_STYLE_USAGE ( .BOTH. , #274 ) ;
#5541 = UNCERTAINTY_MEASURE_WITH_UNIT (LENGTH_MEASURE( 1.000000000000000082E-05 ), #2706, 'distance_accuracy_value', 'NONE');
#5542 = CIRCLE ( 'NONE', #4998, 7.500000000000024869 ) ;
#5543 = LINE ( 'NONE', #1921, #1150 ) ;
#5544 = CIRCLE ( 'NONE', #2373, 1.650000000000000355 ) ;
#5545 = FACE_OUTER_BOUND ( 'NONE', #3632, .T. ) ;
#5546 = DIRECTION ( 'NONE',  ( 2.168392568715800493E-19, -0.4999972845804250832, 0.8660269715269852675 ) ) ;
#5547 = ORIENTED_EDGE ( 'NONE', *, *, #2669, .F. ) ;
#5548 = AXIS2_PLACEMENT_3D ( 'NONE', #3238, #3292, #1173 ) ;
#5549 = STYLED_ITEM ( 'NONE', ( #4920 ), #3523 ) ;
#5550 = AXIS2_PLACEMENT_3D ( 'NONE', #595, #98, #4160 ) ;
#5551 = LINE ( 'NONE', #5454, #132 ) ;
#5552 = ADVANCED_FACE ( 'NONE', ( #1837 ), #4503, .F. ) ;
#5553 = DIRECTION ( 'NONE',  ( 0.000000000000000000, 5.551115123125790098E-17, 1.000000000000000000 ) ) ;
#5554 = CARTESIAN_POINT ( 'NONE',  ( 18.50000000000001421, 9.473107501410584774, 7.805701449348783960 ) ) ;
#5555 = ADVANCED_FACE ( 'NONE', ( #2036 ), #3841, .T. ) ;
#5556 = DIRECTION ( 'NONE',  ( 0.000000000000000000, 0.7095709740235808249, -0.7046339708126672097 ) ) ;
#5557 = DIRECTION ( 'NONE',  ( -0.7071067811865393571, -0.3535514705016830628, 0.6123735442571870413 ) ) ;
#5558 = CARTESIAN_POINT ( 'NONE',  ( 18.39746177561461948, 41.46137359939164213, -21.06925207169161496 ) ) ;
#5559 = ORIENTED_EDGE ( 'NONE', *, *, #3088, .F. ) ;
#5560 = EDGE_LOOP ( 'NONE', ( #2395, #3109, #1758, #413 ) ) ;
#5561 = ORIENTED_EDGE ( 'NONE', *, *, #1722, .T. ) ;
#5562 = CARTESIAN_POINT ( 'NONE',  ( 14.50145552413030003, 69.55531708455561102, 17.95106012466149892 ) ) ;
#5563 = LINE ( 'NONE', #3827, #2128 ) ;
#5564 = EDGE_CURVE ( 'NONE', #3013, #3865, #1622, .T. ) ;
#5565 = CARTESIAN_POINT ( 'NONE',  ( -20.28521610027963717, 33.73065848599154748, -3.284127653744191466 ) ) ;
#5566 =( NAMED_UNIT ( * ) PLANE_ANGLE_UNIT ( ) SI_UNIT ( $, .RADIAN. ) );
#5567 = B_SPLINE_CURVE_WITH_KNOTS ( 'NONE', 3,
 ( #4475, #1500, #3531, #450 ),
 .UNSPECIFIED., .F., .F.,
 ( 4, 4 ),
 ( 0.000000000000000000, 1.000000000000000000 ),
 .UNSPECIFIED. ) ;
#5568 = CARTESIAN_POINT ( 'NONE',  ( 10.00145552413030003, 67.42107572350370504, -6.952453957474550528 ) ) ;
#5569 = ORIENTED_EDGE ( 'NONE', *, *, #113, .T. ) ;
#5570 = AXIS2_PLACEMENT_3D ( 'NONE', #4124, #957, #5423 ) ;
#5571 =( NAMED_UNIT ( * ) PLANE_ANGLE_UNIT ( ) SI_UNIT ( $, .RADIAN. ) );
#5572 = CARTESIAN_POINT ( 'NONE',  ( 18.99744519243971652, 42.98550540415813259, -21.07931920817413030 ) ) ;
#5573 = VECTOR ( 'NONE', #5366, 1000.000000000000114 ) ;
#5574 = DIRECTION ( 'NONE',  ( -2.168392568715800252E-19, 0.4999972845804250277, -0.8660269715269851565 ) ) ;
#5575 = DIRECTION ( 'NONE',  ( 1.000000000000000000, 4.336808689942019662E-19, 6.419766481290790097E-35 ) ) ;
#5576 = PLANE ( 'NONE',  #4696 ) ;
#5577 = ORIENTED_EDGE ( 'NONE', *, *, #3942, .T. ) ;
#5578 = PRODUCT_DEFINITION_CONTEXT ( 'detailed design', #1319, 'design' ) ;
#5579 = AXIS2_PLACEMENT_3D ( 'NONE', #5784, #379, #4848 ) ;
#5580 = DIRECTION ( 'NONE',  ( -4.228670611456740061E-32, 5.551115123125779621E-17, 1.000000000000000000 ) ) ;
#5581 = VECTOR ( 'NONE', #5629, 1000.000000000000114 ) ;
#5582 = ORIENTED_EDGE ( 'NONE', *, *, #1229, .T. ) ;
#5583 = CIRCLE ( 'NONE', #4466, 5.000000000000003553 ) ;
#5584 = CIRCLE ( 'NONE', #5493, 2.899999999999999911 ) ;
#5585 = CARTESIAN_POINT ( 'NONE',  ( -18.50000000000002842, 19.33798309278793681, 17.73969508567892461 ) ) ;
#5586 = COLOUR_RGB ( '',0.9254901960784314152, 0.9254901960784314152, 0.9254901960784314152 ) ;
#5587 = DIRECTION ( 'NONE',  ( -1.000000000000000000, -4.336808689942019662E-19, -8.559688641721049899E-35 ) ) ;
#5588 = FILL_AREA_STYLE ('',( #2575 ) ) ;
#5589 = VECTOR ( 'NONE', #1823, 1000.000000000000000 ) ;
#5590 = DIRECTION ( 'NONE',  ( 2.168392568715800493E-19, -0.4999972845804250832, 0.8660269715269851565 ) ) ;
#5591 = ORIENTED_EDGE ( 'NONE', *, *, #976, .F. ) ;
#5592 = VERTEX_POINT ( 'NONE', #219 ) ;
#5593 = ADVANCED_FACE ( 'NONE', ( #625 ), #4648, .T. ) ;
#5594 = ORIENTED_EDGE ( 'NONE', *, *, #748, .F. ) ;
#5595 = CARTESIAN_POINT ( 'NONE',  ( 21.50145552413040306, 49.36476938726910646, 3.407380266022498994 ) ) ;
#5596 = PRESENTATION_LAYER_ASSIGNMENT (  '', '', ( #4846 ) ) ;
#5597 = CARTESIAN_POINT ( 'NONE',  ( 19.49854399992268128, 34.36044124302523528, -3.523262227123244994 ) ) ;
#5598 = CARTESIAN_POINT ( 'NONE',  ( 20.37566504373024046, 33.94451500891340601, -3.763395611508475014 ) ) ;
#5599 = DIRECTION ( 'NONE',  ( -2.168392568715800252E-19, 0.4999972845804250277, -0.8660269715269851565 ) ) ;
#5600 = CARTESIAN_POINT ( 'NONE',  ( 23.99999952413039850, 49.81918535597340281, -5.865024435528830793 ) ) ;
#5601 = ORIENTED_EDGE ( 'NONE', *, *, #3446, .F. ) ;
#5602 = DIRECTION ( 'NONE',  ( 0.000000000000000000, -0.7095709740235808249, 0.7046339708126672097 ) ) ;
#5603 = VERTEX_POINT ( 'NONE', #5172 ) ;
#5604 = ADVANCED_FACE ( 'NONE', ( #5611 ), #1181, .F. ) ;
#5605 = CARTESIAN_POINT ( 'NONE',  ( 19.24396033121298899, 43.55386565119798803, -20.98324460579480188 ) ) ;
#5606 = VECTOR ( 'NONE', #5084, 1000.000000000000114 ) ;
#5607 = CARTESIAN_POINT ( 'NONE',  ( -15.10130252591150146, -26.62172815897734779, 13.88353990612919908 ) ) ;
#5608 = B_SPLINE_CURVE_WITH_KNOTS ( 'NONE', 3,
 ( #2361, #254, #3681, #3751 ),
 .UNSPECIFIED., .F., .F.,
 ( 4, 4 ),
 ( 0.000000000000000000, 0.002077243117280289531 ),
 .UNSPECIFIED. ) ;
#5609 = ORIENTED_EDGE ( 'NONE', *, *, #5308, .T. ) ;
#5610 = CARTESIAN_POINT ( 'NONE',  ( 23.99999952413039850, 73.45243845643290115, 20.20104790527460281 ) ) ;
#5611 = FACE_OUTER_BOUND ( 'NONE', #2823, .T. ) ;
#5612 = CARTESIAN_POINT ( 'NONE',  ( 18.50000000000001421, 9.473107501410597209, 7.805701449348794618 ) ) ;
#5613 = VERTEX_POINT ( 'NONE', #4677 ) ;
#5614 = CARTESIAN_POINT ( 'NONE',  ( -19.65534539336208297, 42.00746874477980697, -20.37207932809656441 ) ) ;
#5615 = CARTESIAN_POINT ( 'NONE',  ( -19.50040162425221268, 40.14600071395497594, -19.64764378963148772 ) ) ;
#5616 = CARTESIAN_POINT ( 'NONE',  ( 18.50000000000001421, -9.969469327306997641, 41.78353990612919944 ) ) ;
#5617 = FACE_OUTER_BOUND ( 'NONE', #370, .T. ) ;
#5618 = CARTESIAN_POINT ( 'NONE',  ( -14.49854447586969997, 83.11746515394800383, 8.460636543818598199 ) ) ;
#5619 = CARTESIAN_POINT ( 'NONE',  ( 18.60150331721660777, 42.04004385392001097, -21.13983988693443905 ) ) ;
#5620 = ORIENTED_EDGE ( 'NONE', *, *, #473, .T. ) ;
#5621 = ORIENTED_EDGE ( 'NONE', *, *, #1729, .F. ) ;
#5622 = MECHANICAL_DESIGN_GEOMETRIC_PRESENTATION_REPRESENTATION (  '', ( #2438 ), #5253 ) ;
#5623 = ORIENTED_EDGE ( 'NONE', *, *, #4812, .F. ) ;
#5624 = DIRECTION ( 'NONE',  ( 0.4799211503848397342, -0.7597755306975392253, -0.4386534308159059647 ) ) ;
#5625 = CARTESIAN_POINT ( 'NONE',  ( 19.50000000000000000, 31.17322923809636137, -4.208688163454007203 ) ) ;
#5626 = AXIS2_PLACEMENT_3D ( 'NONE', #4370, #349, #3949 ) ;
#5627 = CARTESIAN_POINT ( 'NONE',  ( -21.49854447586969997, 52.04538411007450804, -9.478707909626702843 ) ) ;
#5628 = ORIENTED_EDGE ( 'NONE', *, *, #3273, .T. ) ;
#5629 = DIRECTION ( 'NONE',  ( 0.7071067811865406894, -0.3535514705016824522, 0.6123735442571858201 ) ) ;
#5630 = ORIENTED_EDGE ( 'NONE', *, *, #4037, .F. ) ;
#5631 = MECHANICAL_DESIGN_GEOMETRIC_PRESENTATION_REPRESENTATION (  '', ( #2738 ), #1131 ) ;
#5632 = FACE_OUTER_BOUND ( 'NONE', #1784, .T. ) ;
#5633 = CIRCLE ( 'NONE', #3568, 1.649999999999998579 ) ;
#5634 = EDGE_CURVE ( 'NONE', #1608, #3268, #2595, .T. ) ;
#5635 = ADVANCED_FACE ( 'NONE', ( #5545 ), #2501, .T. ) ;
#5636 = CARTESIAN_POINT ( 'NONE',  ( 21.49366963365570626, 75.72118652998992161, 7.936806769254723726 ) ) ;
#5637 = B_SPLINE_CURVE_WITH_KNOTS ( 'NONE', 1,
 ( #4478, #1423 ),
 .UNSPECIFIED., .F., .F.,
 ( 2, 2 ),
 ( 0.000000000000000000, 1.000000000000000000 ),
 .UNSPECIFIED. ) ;
#5638 = EDGE_LOOP ( 'NONE', ( #2251, #1796, #5725, #3383, #813 ) ) ;
#5639 = UNCERTAINTY_MEASURE_WITH_UNIT (LENGTH_MEASURE( 1.000000000000000082E-05 ), #5110, 'distance_accuracy_value', 'NONE');
#5640 = B_SPLINE_CURVE_WITH_KNOTS ( 'NONE', 3,
 ( #291, #4422, #2619, #3878 ),
 .UNSPECIFIED., .F., .F.,
 ( 4, 4 ),
 ( 0.000000000000000000, 1.000000000000000000 ),
 .UNSPECIFIED. ) ;
#5641 = LINE ( 'NONE', #1620, #2035 ) ;
#5642 = ADVANCED_FACE ( 'NONE', ( #3809 ), #4301, .F. ) ;
#5643 = COLOUR_RGB ( '',0.9254901960784314152, 0.9254901960784314152, 0.9254901960784314152 ) ;
#5644 = ORIENTED_EDGE ( 'NONE', *, *, #4806, .T. ) ;
#5645 = CARTESIAN_POINT ( 'NONE',  ( -18.45530109068283053, 41.60787074078588432, -21.08529086935399377 ) ) ;
#5646 = PRESENTATION_STYLE_ASSIGNMENT (( #1683 ) ) ;
#5647 = LINE ( 'NONE', #3900, #4380 ) ;
#5648 = DIRECTION ( 'NONE',  ( -1.836766033387207790E-15, -0.8660269715269850455, -0.4999972845804250277 ) ) ;
#5649 =( LENGTH_UNIT ( ) NAMED_UNIT ( * ) SI_UNIT ( .MILLI., .METRE. ) );
#5650 = ORIENTED_EDGE ( 'NONE', *, *, #300, .F. ) ;
#5651 = ORIENTED_EDGE ( 'NONE', *, *, #753, .T. ) ;
#5652 = CIRCLE ( 'NONE', #4430, 4.000000000000004441 ) ;
#5653 = EDGE_LOOP ( 'NONE', ( #3003, #1508, #287, #4061 ) ) ;
#5654 = LINE ( 'NONE', #2582, #1988 ) ;
#5655 = DIRECTION ( 'NONE',  ( 3.755793295842399036E-19, -0.8660269715269851565, -0.4999972845804250277 ) ) ;
#5656 = SURFACE_SIDE_STYLE ('',( #3507 ) ) ;
#5657 = EDGE_LOOP ( 'NONE', ( #3848, #4867 ) ) ;
#5658 = LINE ( 'NONE', #2467, #55 ) ;
#5659 = EDGE_LOOP ( 'NONE', ( #5805, #2980, #1152, #5695 ) ) ;
#5660 = DIRECTION ( 'NONE',  ( 1.000000000000000000, 4.336808689942019662E-19, -2.407412430484050162E-35 ) ) ;
#5661 =( GEOMETRIC_REPRESENTATION_CONTEXT ( 3 ) GLOBAL_UNCERTAINTY_ASSIGNED_CONTEXT ( ( #5085 ) ) GLOBAL_UNIT_ASSIGNED_CONTEXT ( ( #3587, #4406, #2214 ) ) REPRESENTATION_CONTEXT ( 'NONE', 'WORKASPACE' ) );
#5662 = UNCERTAINTY_MEASURE_WITH_UNIT (LENGTH_MEASURE( 1.000000000000000082E-05 ), #3271, 'distance_accuracy_value', 'NONE');
#5663 =( GEOMETRIC_REPRESENTATION_CONTEXT ( 3 ) GLOBAL_UNCERTAINTY_ASSIGNED_CONTEXT ( ( #4155 ) ) GLOBAL_UNIT_ASSIGNED_CONTEXT ( ( #4627, #1457, #105 ) ) REPRESENTATION_CONTEXT ( 'NONE', 'WORKASPACE' ) );
#5664 = ORIENTED_EDGE ( 'NONE', *, *, #3699, .T. ) ;
#5665 = ADVANCED_FACE ( 'NONE', ( #1060, #2866, #2447 ), #2064, .T. ) ;
#5666 = CIRCLE ( 'NONE', #2964, 129.0140355387000284 ) ;
#5667 = FILL_AREA_STYLE ('',( #3956 ) ) ;
#5668 = EDGE_CURVE ( 'NONE', #985, #2904, #4186, .T. ) ;
#5669 = VERTEX_POINT ( 'NONE', #3037 ) ;
#5670 =( GEOMETRIC_REPRESENTATION_CONTEXT ( 3 ) GLOBAL_UNCERTAINTY_ASSIGNED_CONTEXT ( ( #5268 ) ) GLOBAL_UNIT_ASSIGNED_CONTEXT ( ( #5052, #1288, #4000 ) ) REPRESENTATION_CONTEXT ( 'NONE', 'WORKASPACE' ) );
#5671 = ADVANCED_FACE ( 'NONE', ( #1739 ), #2211, .F. ) ;
#5672 = CARTESIAN_POINT ( 'NONE',  ( -18.61059867408835800, 42.02823940378303291, -21.13205852370825255 ) ) ;
#5673 = MECHANICAL_DESIGN_GEOMETRIC_PRESENTATION_REPRESENTATION (  '', ( #3821 ), #4286 ) ;
#5674 = CARTESIAN_POINT ( 'NONE',  ( -15.50000047586970098, 70.42134405610555348, 18.45105740925516713 ) ) ;
#5675 = CARTESIAN_POINT ( 'NONE',  ( 19.50000000000000000, -15.46946932731193414, 37.78353990612920654 ) ) ;
#5676 = LINE ( 'NONE', #5179, #3257 ) ;
#5677 = CARTESIAN_POINT ( 'NONE',  ( 10.00145552413030003, 67.67107436791040698, -7.385467446900160660 ) ) ;
#5678 = ORIENTED_EDGE ( 'NONE', *, *, #31, .F. ) ;
#5679 = ORIENTED_EDGE ( 'NONE', *, *, #4349, .T. ) ;
#5680 = VERTEX_POINT ( 'NONE', #3114 ) ;
#5681 = VECTOR ( 'NONE', #1367, 1000.000000000000114 ) ;
#5682 = CARTESIAN_POINT ( 'NONE',  ( -19.50000000000000000, -9.969469327306997641, 40.78353990612919944 ) ) ;
#5683 =( GEOMETRIC_REPRESENTATION_CONTEXT ( 3 ) GLOBAL_UNCERTAINTY_ASSIGNED_CONTEXT ( ( #1210 ) ) GLOBAL_UNIT_ASSIGNED_CONTEXT ( ( #583, #116, #1437 ) ) REPRESENTATION_CONTEXT ( 'NONE', 'WORKASPACE' ) );
#5684 = DIRECTION ( 'NONE',  ( -1.000000000000000000, 0.000000000000000000, 0.000000000000000000 ) ) ;
#5685 = DIRECTION ( 'NONE',  ( -1.000000000000000000, -4.336808689942019662E-19, -8.559688641721049899E-35 ) ) ;
#5686 = CARTESIAN_POINT ( 'NONE',  ( 23.99999952413039850, 53.33827736951398890, -7.717651007760040649 ) ) ;
#5687 = ORIENTED_EDGE ( 'NONE', *, *, #1294, .T. ) ;
#5688 = AXIS2_PLACEMENT_3D ( 'NONE', #5789, #3560, #4824 ) ;
#5689 = ORIENTED_EDGE ( 'NONE', *, *, #5343, .F. ) ;
#5690 = STYLED_ITEM ( 'NONE', ( #4749 ), #1153 ) ;
#5691 = CARTESIAN_POINT ( 'NONE',  ( -15.10130252591150146, -26.62172815897734779, 41.78353990612919944 ) ) ;
#5692 = DIRECTION ( 'NONE',  ( -3.926927030438489722E-51, -5.551115123125790098E-17, -1.000000000000000000 ) ) ;
#5693 = LINE ( 'NONE', #3027, #3887 ) ;
#5694 = PRESENTATION_STYLE_ASSIGNMENT (( #3030 ) ) ;
#5695 = ORIENTED_EDGE ( 'NONE', *, *, #2710, .F. ) ;
#5696 = ORIENTED_EDGE ( 'NONE', *, *, #1511, .T. ) ;
#5697 =( GEOMETRIC_REPRESENTATION_CONTEXT ( 3 ) GLOBAL_UNCERTAINTY_ASSIGNED_CONTEXT ( ( #4859 ) ) GLOBAL_UNIT_ASSIGNED_CONTEXT ( ( #2007, #2330, #1977 ) ) REPRESENTATION_CONTEXT ( 'NONE', 'WORKASPACE' ) );
#5698 = CARTESIAN_POINT ( 'NONE',  ( -16.27817926986969965, 46.18238151284000281, -12.86368952623932138 ) ) ;
#5699 = ORIENTED_EDGE ( 'NONE', *, *, #4462, .T. ) ;
#5700 =( GEOMETRIC_REPRESENTATION_CONTEXT ( 3 ) GLOBAL_UNCERTAINTY_ASSIGNED_CONTEXT ( ( #862 ) ) GLOBAL_UNIT_ASSIGNED_CONTEXT ( ( #2394, #2874, #3359 ) ) REPRESENTATION_CONTEXT ( 'NONE', 'WORKASPACE' ) );
#5701 = PLANE ( 'NONE',  #1250 ) ;
#5702 = CYLINDRICAL_SURFACE ( 'NONE', #1236, 7.000000000000000888 ) ;
#5703 = EDGE_CURVE ( 'NONE', #1360, #1735, #2654, .T. ) ;
#5704 =( NAMED_UNIT ( * ) PLANE_ANGLE_UNIT ( ) SI_UNIT ( $, .RADIAN. ) );
#5705 = EDGE_CURVE ( 'NONE', #99, #4203, #4790, .T. ) ;
#5706 = CARTESIAN_POINT ( 'NONE',  ( -19.99075349531945278, 42.28773693937392864, -19.63124088220876118 ) ) ;
#5707 = DIRECTION ( 'NONE',  ( 3.755793295842400962E-19, -0.8660269715269851565, -0.4999972845804250832 ) ) ;
#5708 = ORIENTED_EDGE ( 'NONE', *, *, #4879, .T. ) ;
#5709 = ORIENTED_EDGE ( 'NONE', *, *, #3658, .T. ) ;
#5710 = DIRECTION ( 'NONE',  ( 0.000000000000000000, 0.000000000000000000, -1.000000000000000000 ) ) ;
#5711 = DIRECTION ( 'NONE',  ( -1.000000000000000000, -4.336808689942019662E-19, 0.000000000000000000 ) ) ;
#5712 = EDGE_CURVE ( 'NONE', #94, #4713, #848, .T. ) ;
#5713 = PLANE ( 'NONE',  #4937 ) ;
#5714 = FILL_AREA_STYLE_COLOUR ( '', #180 ) ;
#5715 = EDGE_LOOP ( 'NONE', ( #1405, #635 ) ) ;
#5716 = AXIS2_PLACEMENT_3D ( 'NONE', #4723, #2560, #4693 ) ;
#5717 = VERTEX_POINT ( 'NONE', #2627 ) ;
#5718 = CARTESIAN_POINT ( 'NONE',  ( 21.48357554601030017, 73.35963260478160919, 12.36175007259169689 ) ) ;
#5719 = CARTESIAN_POINT ( 'NONE',  ( 19.50000000000000000, -26.62172815897734779, 15.58353990612919659 ) ) ;
#5720 = CIRCLE ( 'NONE', #2639, 130.0140298539000412 ) ;
#5721 = CARTESIAN_POINT ( 'NONE',  ( 24.00145552413039951, 69.84054059124160574, 14.21437664482089858 ) ) ;
#5722 = ORIENTED_EDGE ( 'NONE', *, *, #4180, .T. ) ;
#5723 = LINE ( 'NONE', #1712, #2550 ) ;
#5724 = PRESENTATION_STYLE_ASSIGNMENT (( #5287 ) ) ;
#5725 = ORIENTED_EDGE ( 'NONE', *, *, #1686, .F. ) ;
#5726 = CARTESIAN_POINT ( 'NONE',  ( 20.37566504365030085, 43.19446477353360336, -19.78489458482770047 ) ) ;
#5727 = PRESENTATION_LAYER_ASSIGNMENT (  '', '', ( #4990 ) ) ;
#5728 = DIRECTION ( 'NONE',  ( -0.7071067811865469066, 0.7071067811865482389, 0.000000000000000000 ) ) ;
#5729 = VECTOR ( 'NONE', #2724, 1000.000000000000000 ) ;
#5730 =( GEOMETRIC_REPRESENTATION_CONTEXT ( 3 ) GLOBAL_UNCERTAINTY_ASSIGNED_CONTEXT ( ( #561 ) ) GLOBAL_UNIT_ASSIGNED_CONTEXT ( ( #3610, #1765, #1322 ) ) REPRESENTATION_CONTEXT ( 'NONE', 'WORKASPACE' ) );
#5731 = CARTESIAN_POINT ( 'NONE',  ( 15.49999951556029920, 87.53252036335000241, 5.813508383284798242 ) ) ;
#5732 = CARTESIAN_POINT ( 'NONE',  ( 18.38869056517733824, 41.46418381881654369, -21.07676278098648837 ) ) ;
#5733 = ORIENTED_EDGE ( 'NONE', *, *, #4385, .T. ) ;
#5734 = EDGE_CURVE ( 'NONE', #3665, #1877, #2570, .T. ) ;
#5735 = VECTOR ( 'NONE', #1330, 1000.000000000000000 ) ;
#5736 = CARTESIAN_POINT ( 'NONE',  ( 19.99151582508786973, 33.33693145959540516, -4.114181597167898552 ) ) ;
#5737 = EDGE_CURVE ( 'NONE', #1127, #1404, #1768, .T. ) ;
#5738 = FILL_AREA_STYLE_COLOUR ( '', #3902 ) ;
#5739 = DIRECTION ( 'NONE',  ( 0.000000000000000000, -0.8660269715269850455, -0.4999972845804249721 ) ) ;
#5740 = DIRECTION ( 'NONE',  ( 0.000000000000000000, -0.9051962300684739393, 0.4249938647437424555 ) ) ;
#5741 = ORIENTED_EDGE ( 'NONE', *, *, #1761, .F. ) ;
#5742 = ORIENTED_EDGE ( 'NONE', *, *, #3742, .T. ) ;
#5743 = VECTOR ( 'NONE', #373, 1000.000000000000000 ) ;
#5744 =( GEOMETRIC_REPRESENTATION_CONTEXT ( 3 ) GLOBAL_UNCERTAINTY_ASSIGNED_CONTEXT ( ( #3435 ) ) GLOBAL_UNIT_ASSIGNED_CONTEXT ( ( #889, #4053, #483 ) ) REPRESENTATION_CONTEXT ( 'NONE', 'WORKASPACE' ) );
#5745 = CARTESIAN_POINT ( 'NONE',  ( 20.37566504365026887, 33.94451500879486616, -3.763395611576916711 ) ) ;
#5746 = CARTESIAN_POINT ( 'NONE',  ( 10.99869747408849996, -20.46946932730794089, 17.58353990612919659 ) ) ;
#5747 = EDGE_CURVE ( 'NONE', #5680, #4226, #2601, .T. ) ;
#5748 = LINE ( 'NONE', #2679, #5019 ) ;
#5749 =( NAMED_UNIT ( * ) PLANE_ANGLE_UNIT ( ) SI_UNIT ( $, .RADIAN. ) );
#5750 = VERTEX_POINT ( 'NONE', #1680 ) ;
#5751 = CIRCLE ( 'NONE', #3985, 5.000000000000003553 ) ;
#5752 = LINE ( 'NONE', #2242, #850 ) ;
#5753 = CARTESIAN_POINT ( 'NONE',  ( -23.00000047586971164, 80.92128702427753240, 0.2644910025628030015 ) ) ;
#5754 = ORIENTED_EDGE ( 'NONE', *, *, #2240, .T. ) ;
#5755 =( LENGTH_UNIT ( ) NAMED_UNIT ( * ) SI_UNIT ( .MILLI., .METRE. ) );
#5756 = SURFACE_STYLE_FILL_AREA ( #826 ) ;
#5757 = DIRECTION ( 'NONE',  ( 3.926927030438489722E-51, 5.551115123125790098E-17, 1.000000000000000000 ) ) ;
#5758 = CARTESIAN_POINT ( 'NONE',  ( 18.50000000000001421, -9.083371239745002157, 26.23306922277573250 ) ) ;
#5759 = DIRECTION ( 'NONE',  ( -1.000000000000000000, -0.000000000000000000, -0.000000000000000000 ) ) ;
#5760 = ORIENTED_EDGE ( 'NONE', *, *, #3591, .F. ) ;
#5761 = AXIS2_PLACEMENT_3D ( 'NONE', #1982, #194, #687 ) ;
#5762 = SURFACE_STYLE_USAGE ( .BOTH. , #4081 ) ;
#5763 = CARTESIAN_POINT ( 'NONE',  ( -86.57147018215970036, 52.41726627055550125, -4.365032581789301425 ) ) ;
#5764 = CARTESIAN_POINT ( 'NONE',  ( -23.24951919837002023, 38.76169843791034708, -0.9822136010019779651 ) ) ;
#5765 = LINE ( 'NONE', #3540, #1183 ) ;
#5766 = DIRECTION ( 'NONE',  ( 1.000000000000000000, 4.336808689942020625E-19, 4.621154754916495327E-35 ) ) ;
#5767 = DIRECTION ( 'NONE',  ( 0.000000000000000000, 5.551115123125790098E-17, 1.000000000000000000 ) ) ;
#5768 = SURFACE_STYLE_USAGE ( .BOTH. , #47 ) ;
#5769 = ORIENTED_EDGE ( 'NONE', *, *, #113, .F. ) ;
#5770 = EDGE_CURVE ( 'NONE', #550, #4142, #4192, .T. ) ;
#5771 = ORIENTED_EDGE ( 'NONE', *, *, #721, .F. ) ;
#5772 = CIRCLE ( 'NONE', #1942, 130.0140355387000000 ) ;
#5773 = VECTOR ( 'NONE', #1822, 1000.000000000000000 ) ;
#5774 = EDGE_CURVE ( 'NONE', #4771, #1891, #3470, .T. ) ;
#5775 = FACE_OUTER_BOUND ( 'NONE', #2722, .T. ) ;
#5776 = AXIS2_PLACEMENT_3D ( 'NONE', #2363, #983, #4572 ) ;
#5777 = DIRECTION ( 'NONE',  ( 0.000000000000000000, 0.4999972845804250832, -0.8660269715269851565 ) ) ;
#5778 = ORIENTED_EDGE ( 'NONE', *, *, #1975, .T. ) ;
#5779 = ADVANCED_FACE ( 'NONE', ( #447 ), #4381, .F. ) ;
#5780 = AXIS2_PLACEMENT_3D ( 'NONE', #2863, #4647, #3709 ) ;
#5781 = EDGE_LOOP ( 'NONE', ( #4774, #2324, #4666, #4753 ) ) ;
#5782 = AXIS2_PLACEMENT_3D ( 'NONE', #3365, #5131, #2433 ) ;
#5783 = CIRCLE ( 'NONE', #2419, 3.899999999999999911 ) ;
#5784 = CARTESIAN_POINT ( 'NONE',  ( -18.49999999999997158, -6.969469327306998530, 28.36178214484647597 ) ) ;
#5785 = ORIENTED_EDGE ( 'NONE', *, *, #1614, .F. ) ;
#5786 = DIRECTION ( 'NONE',  ( -1.000000000000000000, -4.336808689942019662E-19, 0.000000000000000000 ) ) ;
#5787 = FACE_OUTER_BOUND ( 'NONE', #3977, .T. ) ;
#5788 = DIRECTION ( 'NONE',  ( -2.168392568715800012E-19, 0.4999972845804249721, -0.8660269715269850455 ) ) ;
#5789 = CARTESIAN_POINT ( 'NONE',  ( 19.50000000000000000, -6.969469327306998530, 28.36178214484647597 ) ) ;
#5790 =( GEOMETRIC_REPRESENTATION_CONTEXT ( 3 ) GLOBAL_UNCERTAINTY_ASSIGNED_CONTEXT ( ( #804 ) ) GLOBAL_UNIT_ASSIGNED_CONTEXT ( ( #773, #3452, #1690 ) ) REPRESENTATION_CONTEXT ( 'NONE', 'WORKASPACE' ) );
#5791 = DIRECTION ( 'NONE',  ( -3.755793295842400962E-19, 0.8660269715269851565, 0.4999972845804250832 ) ) ;
#5792 = ORIENTED_EDGE ( 'NONE', *, *, #393, .T. ) ;
#5793 = UNCERTAINTY_MEASURE_WITH_UNIT (LENGTH_MEASURE( 1.000000000000000082E-05 ), #420, 'distance_accuracy_value', 'NONE');
#5794 = DIRECTION ( 'NONE',  ( 0.000000000000000000, 0.000000000000000000, 1.000000000000000000 ) ) ;
#5795 = B_SPLINE_CURVE_WITH_KNOTS ( 'NONE', 3,
 ( #3236, #5026, #2505, #2382 ),
 .UNSPECIFIED., .F., .F.,
 ( 4, 4 ),
 ( 0.000000000000000000, 0.001415249079921417075 ),
 .UNSPECIFIED. ) ;
#5796 = AXIS2_PLACEMENT_3D ( 'NONE', #2080, #1167, #344 ) ;
#5797 = SURFACE_STYLE_FILL_AREA ( #1895 ) ;
#5798 = SURFACE_STYLE_FILL_AREA ( #3627 ) ;
#5799 = DIRECTION ( 'NONE',  ( -1.000000000000000000, -4.336808689942019662E-19, -2.139922160430259802E-35 ) ) ;
#5800 = CARTESIAN_POINT ( 'NONE',  ( -18.97395894319162934, 41.19404512966615783, -20.54474523868031710 ) ) ;
#5801 = SURFACE_STYLE_FILL_AREA ( #3101 ) ;
#5802 = DIRECTION ( 'NONE',  ( 1.000000000000000000, -1.942724505886577554E-11, -7.250255628480968177E-11 ) ) ;
#5803 = LINE ( 'NONE', #3604, #3553 ) ;
#5804 = ORIENTED_EDGE ( 'NONE', *, *, #3787, .T. ) ;
#5805 = ORIENTED_EDGE ( 'NONE', *, *, #2877, .F. ) ;
#5806 = SURFACE_SIDE_STYLE ('',( #5364 ) ) ;
#5807 =( LENGTH_UNIT ( ) NAMED_UNIT ( * ) SI_UNIT ( .MILLI., .METRE. ) );
#5808 =( LENGTH_UNIT ( ) NAMED_UNIT ( * ) SI_UNIT ( .MILLI., .METRE. ) );
#5809 = ORIENTED_EDGE ( 'NONE', *, *, #3742, .F. ) ;
#5810 = EDGE_CURVE ( 'NONE', #5341, #3947, #3771, .T. ) ;
#5811 = ORIENTED_EDGE ( 'NONE', *, *, #4385, .F. ) ;
#5812 = ADVANCED_FACE ( 'NONE', ( #643 ), #5220, .T. ) ;
#5813 =( NAMED_UNIT ( * ) PLANE_ANGLE_UNIT ( ) SI_UNIT ( $, .RADIAN. ) );
#5814 = CARTESIAN_POINT ( 'NONE',  ( 10.99869747408849996, -20.46946932730794089, 13.88353990612919908 ) ) ;
#5815 = ORIENTED_EDGE ( 'NONE', *, *, #646, .F. ) ;
ENDSEC;
END-ISO-10303-21;
