ISO-10303-21;
HEADER;
FILE_DESCRIPTION((''),'2;1');
FILE_NAME('3320001462SOARM0001','2026-07-28T13:24:17',('EDY'),(''),
'CREO PARAMETRIC BY PTC INC, 2021284','CREO PARAMETRIC BY PTC INC, 2021284','');
FILE_SCHEMA(('CONFIG_CONTROL_DESIGN'));
ENDSEC;
DATA;
#2=DIRECTION('',(9.999999999935E-1,2.566832385775E-6,2.546231982614E-6));
#3=VECTOR('',#2,3.999999999966E0);
#4=CARTESIAN_POINT('',(7.267896679717E1,-1.034060828742E1,4.549661129976E2));
#5=LINE('',#4,#3);
#6=DIRECTION('',(-3.586619252853E-6,6.154214293359E-1,7.881982392148E-1));
#7=VECTOR('',#6,3.E0);
#8=CARTESIAN_POINT('',(7.267897755703E1,-1.218687257543E1,4.526015182799E2));
#9=LINE('',#8,#7);
#10=DIRECTION('',(-9.999999999935E-1,-2.566832398654E-6,-2.546231996825E-6));
#11=VECTOR('',#10,3.999999999966E0);
#12=CARTESIAN_POINT('',(7.667897755697E1,-1.218686230810E1,4.526015284649E2));
#13=LINE('',#12,#11);
#14=DIRECTION('',(-9.999999999830E-1,-5.827907637052E-6,0.E0));
#15=VECTOR('',#14,4.000000000034E1);
#16=CARTESIAN_POINT('',(8.067895335761E1,1.308713569821E1,4.366738785323E2));
#17=LINE('',#16,#15);
#18=CARTESIAN_POINT('',(4.667896776928E1,-1.191707112766E1,4.561968893608E2));
#19=DIRECTION('',(3.586619248267E-6,-6.154214293359E-1,-7.881982392148E-1));
#20=DIRECTION('',(-4.561670775928E-7,7.881982392188E-1,-6.154214293411E-1));
#21=AXIS2_PLACEMENT_3D('',#18,#19,#20);
#23=CARTESIAN_POINT('',(4.667896776928E1,-1.191707112766E1,4.561968893608E2));
#24=DIRECTION('',(3.586619248267E-6,-6.154214293359E-1,-7.881982392148E-1));
#25=DIRECTION('',(4.561670645277E-7,-7.881982392188E-1,6.154214293411E-1));
#26=AXIS2_PLACEMENT_3D('',#23,#24,#25);
#28=CARTESIAN_POINT('',(4.667895499660E1,1.015247957047E1,4.389650893392E2));
#29=DIRECTION('',(3.586619248267E-6,-6.154214293359E-1,-7.881982392148E-1));
#30=DIRECTION('',(-4.561670710603E-7,7.881982392188E-1,-6.154214293411E-1));
#31=AXIS2_PLACEMENT_3D('',#28,#29,#30);
#33=CARTESIAN_POINT('',(4.667895499660E1,1.015247957047E1,4.389650893392E2));
#34=DIRECTION('',(3.586619248267E-6,-6.154214293359E-1,-7.881982392148E-1));
#35=DIRECTION('',(4.561670645277E-7,-7.881982392188E-1,6.154214293411E-1));
#36=AXIS2_PLACEMENT_3D('',#33,#34,#35);
#38=CARTESIAN_POINT('',(7.467895499642E1,1.015255144178E1,4.389651606337E2));
#39=DIRECTION('',(3.586619248267E-6,-6.154214293359E-1,-7.881982392148E-1));
#40=DIRECTION('',(-4.561670775928E-7,7.881982392188E-1,-6.154214293411E-1));
#41=AXIS2_PLACEMENT_3D('',#38,#39,#40);
#43=CARTESIAN_POINT('',(7.467895499642E1,1.015255144178E1,4.389651606337E2));
#44=DIRECTION('',(3.586619248267E-6,-6.154214293359E-1,-7.881982392148E-1));
#45=DIRECTION('',(4.561669730724E-7,-7.881982392188E-1,6.154214293411E-1));
#46=AXIS2_PLACEMENT_3D('',#43,#44,#45);
#48=CARTESIAN_POINT('',(7.467896776910E1,-1.191699925635E1,4.561969606553E2));
#49=DIRECTION('',(3.586619248267E-6,-6.154214293359E-1,-7.881982392148E-1));
#50=DIRECTION('',(-4.561669730724E-7,7.881982392188E-1,-6.154214293411E-1));
#51=AXIS2_PLACEMENT_3D('',#48,#49,#50);
#53=CARTESIAN_POINT('',(7.467896776910E1,-1.191699925635E1,4.561969606553E2));
#54=DIRECTION('',(3.586619248267E-6,-6.154214293359E-1,-7.881982392148E-1));
#55=DIRECTION('',(4.561670645277E-7,-7.881982392188E-1,6.154214293411E-1));
#56=AXIS2_PLACEMENT_3D('',#53,#54,#55);
#58=DIRECTION('',(-9.999999999830E-1,-5.827907636119E-6,0.E0));
#59=VECTOR('',#58,4.000000000034E1);
#60=CARTESIAN_POINT('',(8.067895331438E1,1.364169366250E1,4.361386744647E2));
#61=LINE('',#60,#59);
#62=DIRECTION('',(3.134056591974E-6,-1.736481776511E-1,-9.848077530100E-1));
#63=VECTOR('',#62,1.797927488981E0);
#64=CARTESIAN_POINT('',(4.067895331472E1,1.364146054620E1,4.361386744647E2));
#65=LINE('',#64,#63);
#66=DIRECTION('',(-5.609938067719E-8,7.195513505241E-1,-6.944392370531E-1));
#67=VECTOR('',#66,7.706996364985E-1);
#68=CARTESIAN_POINT('',(4.067895335795E1,1.308690258191E1,4.366738785323E2));
#69=LINE('',#68,#67);
#70=DIRECTION('',(1.907364482120E-6,1.045284632807E-1,-9.945218953651E-1));
#71=VECTOR('',#70,9.604289072576E-1);
#72=CARTESIAN_POINT('',(4.067895894952E1,1.332925371419E1,4.343680615342E2));
#73=LINE('',#72,#71);
#74=DIRECTION('',(2.411700287396E-6,1.045284632828E-1,-9.945218953638E-1));
#75=VECTOR('',#74,2.318518082724E0);
#76=CARTESIAN_POINT('',(4.067895335795E1,1.308690258191E1,4.366738785323E2));
#77=LINE('',#76,#75);
#78=DIRECTION('',(-4.561670606731E-7,7.881982392188E-1,-6.154214293411E-1));
#79=VECTOR('',#78,3.772297055391E1);
#80=CARTESIAN_POINT('',(4.067897056593E1,-1.664627638679E1,4.598894029896E2));
#81=LINE('',#80,#79);
#82=DIRECTION('',(4.561670605156E-7,-7.881982392188E-1,6.154214293411E-1));
#83=VECTOR('',#82,3.965881917820E1);
#84=CARTESIAN_POINT('',(4.067896323474E1,1.276647077096E1,4.331179210873E2));
#85=LINE('',#84,#83);
#86=DIRECTION('',(2.187485193040E-6,-9.902680687392E-1,1.391731009594E-1));
#87=VECTOR('',#86,3.938924296895E-1);
#88=CARTESIAN_POINT('',(4.067896237311E1,1.315652986660E1,4.330631018564E2));
#89=LINE('',#88,#87);
#90=DIRECTION('',(3.586619169623E-6,-6.154214293360E-1,-7.881982392147E-1));
#91=VECTOR('',#90,4.437869601812E-1);
#92=CARTESIAN_POINT('',(4.067896078141E1,1.342964587195E1,4.334128939570E2));
#93=LINE('',#92,#91);
#94=DIRECTION('',(-9.999999999830E-1,-5.827910285787E-6,-2.434476481246E-11));
#95=VECTOR('',#94,8.872749165376E-2);
#96=CARTESIAN_POINT('',(4.076768644117E1,1.332925423128E1,4.343680615342E2));
#97=LINE('',#96,#95);
#98=DIRECTION('',(-9.999999999830E-1,-5.827899218833E-6,4.337287534109E-11));
#99=VECTOR('',#98,3.800668353204E-2);
#100=CARTESIAN_POINT('',(8.067895894919E1,1.332948683049E1,4.343680615342E2));
#101=LINE('',#100,#99);
#102=DIRECTION('',(5.794551980803E-5,-1.045284629859E-1,9.945218937098E-1));
#103=VECTOR('',#102,8.510088302630E-3);
#104=CARTESIAN_POINT('',(4.076768594805E1,1.333014377773E1,4.343595980651E2));
#105=LINE('',#104,#103);
#106=DIRECTION('',(-1.008707492516E-7,-3.489949670410E-2,-9.993908270190E-1));
#107=VECTOR('',#106,1.685453738890E-2);
#108=CARTESIAN_POINT('',(4.076768594975E1,1.333073199261E1,4.343764423351E2));
#109=LINE('',#108,#107);
#110=DIRECTION('',(-5.774574247704E-5,1.736481772688E-1,9.848077513894E-1));
#111=VECTOR('',#110,8.510088302946E-3);
#112=CARTESIAN_POINT('',(4.076768644117E1,1.332925423128E1,4.343680615342E2));
#113=LINE('',#112,#111);
#114=DIRECTION('',(-8.264168443887E-6,9.958301811077E-1,-9.122636859302E-2));
#115=VECTOR('',#114,1.882750852555E-1);
#116=CARTESIAN_POINT('',(4.076768516793E1,1.328383593894E1,4.330335150645E2));
#117=LINE('',#116,#115);
#118=DIRECTION('',(8.068222737881E-8,-1.E0,0.E0));
#119=VECTOR('',#118,4.358531380251E0);
#120=CARTESIAN_POINT('',(4.076768545765E1,1.764069344360E1,4.329849723660E2));
#121=LINE('',#120,#119);
#122=DIRECTION('',(1.908627211833E-8,-9.991330730924E-1,4.163054471212E-2));
#123=VECTOR('',#122,2.E0);
#124=CARTESIAN_POINT('',(4.076768541948E1,1.963895958979E1,4.329017112766E2));
#125=LINE('',#124,#123);
#126=DIRECTION('',(-2.024416723559E-7,-4.163054471214E-2,-9.991330730923E-1));
#127=VECTOR('',#126,3.002603037366E0);
#128=CARTESIAN_POINT('',(4.076768602733E1,1.976395958979E1,4.359017112766E2));
#129=LINE('',#128,#127);
#130=DIRECTION('',(-1.908626856562E-8,9.991330730924E-1,-4.163054471210E-2));
#131=VECTOR('',#130,2.E0);
#132=CARTESIAN_POINT('',(4.076768606551E1,1.776569344360E1,4.359849723660E2));
#133=LINE('',#132,#131);
#134=DIRECTION('',(-1.064196245257E-8,1.E0,0.E0));
#135=VECTOR('',#134,4.151334207270E0);
#136=CARTESIAN_POINT('',(4.076768610968E1,1.361435923633E1,4.359849723660E2));
#137=LINE('',#136,#135);
#138=DIRECTION('',(9.791625583110E-8,1.736481776692E-1,9.848077530118E-1));
#139=VECTOR('',#138,1.633344199358E0);
#140=CARTESIAN_POINT('',(4.076768594975E1,1.333073199261E1,4.343764423351E2));
#141=LINE('',#140,#139);
#142=DIRECTION('',(2.326531111147E-6,-1.045284632531E-1,9.945218953671E-1));
#143=VECTOR('',#142,9.519182903714E-1);
#144=CARTESIAN_POINT('',(4.076768373339E1,1.342964633377E1,4.334128944827E2));
#145=LINE('',#144,#143);
#146=DIRECTION('',(5.678520187703E-6,-6.726114058639E-2,-9.977354052727E-1));
#147=VECTOR('',#146,5.945736409241E-2);
#148=CARTESIAN_POINT('',(4.076768516951E1,1.318127091156E1,4.330442950833E2));
#149=LINE('',#148,#147);
#150=DIRECTION('',(4.970934245790E-5,-1.045284631386E-1,-9.945218941395E-1));
#151=VECTOR('',#150,1.563175187720E-2);
#152=CARTESIAN_POINT('',(4.076768362215E1,1.317031790735E1,4.330611641463E2));
#153=LINE('',#152,#151);
#154=DIRECTION('',(-1.950666506819E-5,9.902680685507E-1,-1.391731009515E-1));
#155=VECTOR('',#154,5.653810369309E-2);
#156=CARTESIAN_POINT('',(4.076768430693E1,1.310054208525E1,4.330709704986E2));
#157=LINE('',#156,#155);
#158=DIRECTION('',(-3.786969844530E-6,1.755352936131E-1,9.844731386289E-1));
#159=VECTOR('',#158,7.769939561995E-2);
#160=CARTESIAN_POINT('',(4.076768460117E1,1.308690309903E1,4.329944775307E2));
#161=LINE('',#160,#159);
#162=DIRECTION('',(-1.130139248135E-8,-1.E0,0.E0));
#163=VECTOR('',#162,9.036864240428E-2);
#164=CARTESIAN_POINT('',(4.076768550714E1,1.317727174144E1,4.329849723660E2));
#165=LINE('',#164,#163);
#166=DIRECTION('',(-6.086423131559E-5,-9.945218935273E-1,1.045284630634E-1));
#167=VECTOR('',#166,1.265629976998E-2);
#168=CARTESIAN_POINT('',(4.076768516951E1,1.318127091156E1,4.330442950833E2));
#169=LINE('',#168,#167);
#170=DIRECTION('',(1.525741422489E-8,-9.945218953685E-1,1.045284632654E-1));
#171=VECTOR('',#170,1.031299842259E-1);
#172=CARTESIAN_POINT('',(4.076768516793E1,1.328383593894E1,4.330335150645E2));
#173=LINE('',#172,#171);
#174=DIRECTION('',(-3.044332489967E-7,1.045284632541E-1,-9.945218953697E-1));
#175=VECTOR('',#174,3.987394067241E-1);
#176=CARTESIAN_POINT('',(4.076768373339E1,1.342964633377E1,4.334128944827E2));
#177=LINE('',#176,#175);
#178=DIRECTION('',(1.192752443780E-6,6.154214293429E-1,7.881982392166E-1));
#179=VECTOR('',#178,4.437875523197E-1);
#180=CARTESIAN_POINT('',(4.076768320406E1,1.315652996400E1,4.330631019154E2));
#181=LINE('',#180,#179);
#182=DIRECTION('',(-3.002774108451E-5,-9.902680682895E-1,1.391731009371E-1));
#183=VECTOR('',#182,1.392344537445E-2);
#184=CARTESIAN_POINT('',(4.076768362215E1,1.317031790735E1,4.330611641463E2));
#185=LINE('',#184,#183);
#186=DIRECTION('',(3.335380298292E-8,-9.890931705512E-1,1.472912080505E-1));
#187=VECTOR('',#186,3.043272896873E-1);
#188=CARTESIAN_POINT('',(4.076768361200E1,1.347132595119E1,4.330163394122E2));
#189=LINE('',#188,#187);
#190=DIRECTION('',(9.999999999689E-1,5.205136192259E-6,5.925210935871E-6));
#191=VECTOR('',#190,8.872295197801E-2);
#192=CARTESIAN_POINT('',(4.067896078141E1,1.342964587195E1,4.334128939570E2));
#193=LINE('',#192,#191);
#194=DIRECTION('',(-9.999999999992E-1,-1.097794903150E-6,-6.647689718910E-7));
#195=VECTOR('',#194,8.872083095182E-2);
#196=CARTESIAN_POINT('',(4.076768320406E1,1.315652996400E1,4.330631019154E2));
#197=LINE('',#196,#195);
#198=DIRECTION('',(9.999999999830E-1,5.827907615824E-6,0.E0));
#199=VECTOR('',#198,4.000000000034E1);
#200=CARTESIAN_POINT('',(4.067896323474E1,1.276647077096E1,4.331179210873E2));
#201=LINE('',#200,#199);
#202=CARTESIAN_POINT('',(4.667897852914E1,-1.376333541566E1,4.538322946431E2));
#203=DIRECTION('',(-3.586619248267E-6,6.154214293359E-1,7.881982392148E-1));
#204=DIRECTION('',(-4.561671167879E-7,7.881982392188E-1,-6.154214293411E-1));
#205=AXIS2_PLACEMENT_3D('',#202,#203,#204);
#207=CARTESIAN_POINT('',(4.667897852914E1,-1.376333541566E1,4.538322946431E2));
#208=DIRECTION('',(-3.586619248267E-6,6.154214293359E-1,7.881982392148E-1));
#209=DIRECTION('',(4.561670318651E-7,-7.881982392188E-1,6.154214293411E-1));
#210=AXIS2_PLACEMENT_3D('',#207,#208,#209);
#212=CARTESIAN_POINT('',(4.667896575646E1,8.306215282462E0,4.366004946216E2));
#213=DIRECTION('',(-3.586619248267E-6,6.154214293359E-1,7.881982392148E-1));
#214=DIRECTION('',(-4.561671102554E-7,7.881982392188E-1,-6.154214293411E-1));
#215=AXIS2_PLACEMENT_3D('',#212,#213,#214);
#217=CARTESIAN_POINT('',(4.667896575646E1,8.306215282462E0,4.366004946216E2));
#218=DIRECTION('',(-3.586619248267E-6,6.154214293359E-1,7.881982392148E-1));
#219=DIRECTION('',(4.561670449302E-7,-7.881982392188E-1,6.154214293411E-1));
#220=AXIS2_PLACEMENT_3D('',#217,#218,#219);
#222=CARTESIAN_POINT('',(7.467896575628E1,8.306287153769E0,4.366005659161E2));
#223=DIRECTION('',(-3.586619248267E-6,6.154214293359E-1,7.881982392148E-1));
#224=DIRECTION('',(-4.561671298530E-7,7.881982392188E-1,-6.154214293411E-1));
#225=AXIS2_PLACEMENT_3D('',#222,#223,#224);
#227=CARTESIAN_POINT('',(7.467896575628E1,8.306287153769E0,4.366005659161E2));
#228=DIRECTION('',(-3.586619248267E-6,6.154214293359E-1,7.881982392148E-1));
#229=DIRECTION('',(4.561670122676E-7,-7.881982392188E-1,6.154214293411E-1));
#230=AXIS2_PLACEMENT_3D('',#227,#228,#229);
#232=CARTESIAN_POINT('',(7.467897852896E1,-1.376326354436E1,4.538323659376E2));
#233=DIRECTION('',(-3.586619248267E-6,6.154214293359E-1,7.881982392148E-1));
#234=DIRECTION('',(-4.561670253326E-7,7.881982392188E-1,-6.154214293411E-1));
#235=AXIS2_PLACEMENT_3D('',#232,#233,#234);
#237=CARTESIAN_POINT('',(7.467897852896E1,-1.376326354436E1,4.538323659376E2));
#238=DIRECTION('',(-3.586619248267E-6,6.154214293359E-1,7.881982392148E-1));
#239=DIRECTION('',(4.561669992025E-7,-7.881982392188E-1,6.154214293411E-1));
#240=AXIS2_PLACEMENT_3D('',#237,#238,#239);
#242=DIRECTION('',(9.999999999935E-1,2.566832413997E-6,2.546231982592E-6));
#243=VECTOR('',#242,4.E1);
#244=CARTESIAN_POINT('',(4.067898132579E1,-1.849254067479E1,4.575248082719E2));
#245=LINE('',#244,#243);
#246=DIRECTION('',(3.586619252853E-6,-6.154214293359E-1,-7.881982392148E-1));
#247=VECTOR('',#246,3.E0);
#248=CARTESIAN_POINT('',(4.067897056593E1,-1.664627638679E1,4.598894029896E2));
#249=LINE('',#248,#247);
#250=DIRECTION('',(-9.999999999935E-1,-2.566832419149E-6,-2.546231993961E-6));
#251=VECTOR('',#250,4.E1);
#252=CARTESIAN_POINT('',(8.067897056567E1,-1.664617371349E1,4.598895048388E2));
#253=LINE('',#252,#251);
#254=DIRECTION('',(4.561670605302E-7,-7.881982392188E-1,6.154214293411E-1));
#255=VECTOR('',#254,3.772313604909E1);
#256=CARTESIAN_POINT('',(8.067895335761E1,1.308713569821E1,4.366738785323E2));
#257=LINE('',#256,#255);
#258=DIRECTION('',(-2.411700262879E-6,-1.045284632828E-1,9.945218953638E-1));
#259=VECTOR('',#258,2.318518082724E0);
#260=CARTESIAN_POINT('',(8.067895894919E1,1.332948683049E1,4.343680615342E2));
#261=LINE('',#260,#259);
#262=DIRECTION('',(-1.907275923781E-6,-1.045284632808E-1,9.945218953651E-1));
#263=VECTOR('',#262,9.601905924133E-1);
#264=CARTESIAN_POINT('',(8.067896078053E1,1.342985407758E1,4.334131309663E2));
#265=LINE('',#264,#263);
#266=DIRECTION('',(-2.187485159102E-6,9.902680687392E-1,-1.391731009595E-1));
#267=VECTOR('',#266,3.937013659084E-1);
#268=CARTESIAN_POINT('',(8.067896323440E1,1.276670388726E1,4.331179210873E2));
#269=LINE('',#268,#267);
#270=DIRECTION('',(-4.561670607380E-7,7.881982392188E-1,-6.154214293411E-1));
#271=VECTOR('',#270,3.965898467338E1);
#272=CARTESIAN_POINT('',(8.067898132552E1,-1.849243800150E1,4.575249101212E2));
#273=LINE('',#272,#271);
#274=DIRECTION('',(3.586619248115E-6,-6.154214293359E-1,-7.881982392148E-1));
#275=VECTOR('',#274,3.E0);
#276=CARTESIAN_POINT('',(8.067897056567E1,-1.664617371349E1,4.598895048388E2));
#277=LINE('',#276,#275);
#278=DIRECTION('',(5.609936223829E-8,-7.195513505241E-1,6.944392370531E-1));
#279=VECTOR('',#278,7.706996364985E-1);
#280=CARTESIAN_POINT('',(8.067895331438E1,1.364169366250E1,4.361386744647E2));
#281=LINE('',#280,#279);
#282=DIRECTION('',(-3.134056544550E-6,1.736481776512E-1,9.848077530100E-1));
#283=VECTOR('',#282,1.797927488981E0);
#284=CARTESIAN_POINT('',(8.067895894919E1,1.332948683049E1,4.343680615342E2));
#285=LINE('',#284,#283);
#286=DIRECTION('',(-1.923315196707E-5,1.045284631409E-1,-9.945218951956E-1));
#287=VECTOR('',#286,8.510088290316E-3);
#288=CARTESIAN_POINT('',(8.064095226565E1,1.332948660899E1,4.343680615342E2));
#289=LINE('',#288,#287);
#290=DIRECTION('',(1.943456327641E-5,-1.736481775260E-1,-9.848077528453E-1));
#291=VECTOR('',#290,8.510088290596E-3);
#292=CARTESIAN_POINT('',(8.064095210026E1,1.333096437032E1,4.343764423351E2));
#293=LINE('',#292,#291);
#294=DIRECTION('',(-1.016945039874E-7,3.489949670364E-2,9.993908270191E-1));
#295=VECTOR('',#294,1.685453738953E-2);
#296=CARTESIAN_POINT('',(8.064095210198E1,1.333037615544E1,4.343595980651E2));
#297=LINE('',#296,#295);
#298=DIRECTION('',(8.232271609019E-6,-9.958301811079E-1,9.122636859398E-2));
#299=VECTOR('',#298,1.882750852553E-1);
#300=CARTESIAN_POINT('',(8.064095004071E1,1.347155832890E1,4.330163394122E2));
#301=LINE('',#300,#299);
#302=DIRECTION('',(-2.261296160333E-6,1.045284632531E-1,-9.945218953672E-1));
#303=VECTOR('',#302,9.516807305917E-1);
#304=CARTESIAN_POINT('',(8.064095210198E1,1.333037615544E1,4.343595980651E2));
#305=LINE('',#304,#303);
#306=DIRECTION('',(1.002116213170E-7,-1.736481776692E-1,-9.848077530118E-1));
#307=VECTOR('',#306,1.633344199357E0);
#308=CARTESIAN_POINT('',(8.064095193658E1,1.361459161404E1,4.359849723660E2));
#309=LINE('',#308,#307);
#310=DIRECTION('',(1.027018027889E-14,-1.E0,0.E0));
#311=VECTOR('',#310,4.151101829559E0);
#312=CARTESIAN_POINT('',(8.064095193658E1,1.776569344360E1,4.359849723660E2));
#313=LINE('',#312,#311);
#314=DIRECTION('',(-2.131628207281E-14,-9.991330730924E-1,4.163054471210E-2));
#315=VECTOR('',#314,2.E0);
#316=CARTESIAN_POINT('',(8.064095193658E1,1.976395958979E1,4.359017112766E2));
#317=LINE('',#316,#315);
#318=DIRECTION('',(0.E0,4.163054471214E-2,9.991330730924E-1));
#319=VECTOR('',#318,3.002603037366E0);
#320=CARTESIAN_POINT('',(8.064095193658E1,1.963895958979E1,4.329017112766E2));
#321=LINE('',#320,#319);
#322=DIRECTION('',(2.131628207280E-14,9.991330730924E-1,-4.163054471212E-2));
#323=VECTOR('',#322,2.E0);
#324=CARTESIAN_POINT('',(8.064095193658E1,1.764069344360E1,4.329849723660E2));
#325=LINE('',#324,#323);
#326=DIRECTION('',(-7.004396999432E-8,1.E0,0.E0));
#327=VECTOR('',#326,4.358299002541E0);
#328=CARTESIAN_POINT('',(8.064095224186E1,1.328239444106E1,4.329849723660E2));
#329=LINE('',#328,#327);
#330=DIRECTION('',(3.987250629323E-6,-1.755352936131E-1,-9.844731386281E-1));
#331=VECTOR('',#330,7.769939561972E-2);
#332=CARTESIAN_POINT('',(8.064095072008E1,1.310077446296E1,4.330709704986E2));
#333=LINE('',#332,#331);
#334=DIRECTION('',(2.215503498174E-5,-9.902680684952E-1,1.391731009497E-1));
#335=VECTOR('',#334,5.634764527168E-2);
#336=CARTESIAN_POINT('',(8.064094947169E1,1.315657373681E1,4.330631284221E2));
#337=LINE('',#336,#335);
#338=DIRECTION('',(-6.892740661872E-5,1.045284630205E-1,9.945218930057E-1));
#339=VECTOR('',#338,1.563175189445E-2);
#340=CARTESIAN_POINT('',(8.064095111549E1,1.316891632206E1,4.330456180268E2));
#341=LINE('',#340,#339);
#342=DIRECTION('',(-1.098449416650E-5,6.726114034634E-2,9.977354052446E-1));
#343=VECTOR('',#342,5.945736409426E-2);
#344=CARTESIAN_POINT('',(8.064095224204E1,1.317750411916E1,4.329849723660E2));
#345=LINE('',#344,#343);
#346=DIRECTION('',(3.380140705684E-6,9.999999999943E-1,0.E0));
#347=VECTOR('',#346,9.036864241875E-2);
#348=CARTESIAN_POINT('',(8.064095193658E1,1.308713547674E1,4.329849723660E2));
#349=LINE('',#348,#347);
#350=DIRECTION('',(-1.340735272990E-5,3.446205869079E-2,9.994060067515E-1));
#351=VECTOR('',#350,4.857154966404E-2);
#352=CARTESIAN_POINT('',(8.064095224186E1,1.328239444106E1,4.329849723660E2));
#353=LINE('',#352,#351);
#354=DIRECTION('',(-1.775098170261E-9,1.E0,0.E0));
#355=VECTOR('',#354,1.048903218976E-1);
#356=CARTESIAN_POINT('',(8.064095224204E1,1.317750411916E1,4.329849723660E2));
#357=LINE('',#356,#355);
#358=DIRECTION('',(1.655172799152E-8,9.945218953684E-1,-1.045284632668E-1));
#359=VECTOR('',#358,1.031299842261E-1);
#360=CARTESIAN_POINT('',(8.064095158893E1,1.318150328927E1,4.330442950833E2));
#361=LINE('',#360,#359);
#362=DIRECTION('',(3.740792919351E-5,9.945218946740E-1,-1.045284631799E-1));
#363=VECTOR('',#362,1.265629975532E-2);
#364=CARTESIAN_POINT('',(8.064095111549E1,1.316891632206E1,4.330456180268E2));
#365=LINE('',#364,#363);
#366=DIRECTION('',(-2.274889907541E-7,-1.045284632541E-1,9.945218953697E-1));
#367=VECTOR('',#366,3.989769665035E-1);
#368=CARTESIAN_POINT('',(8.064095004071E1,1.347155832890E1,4.330163394122E2));
#369=LINE('',#368,#367);
#370=DIRECTION('',(8.797798896781E-9,9.890931705513E-1,-1.472912080497E-1));
#371=VECTOR('',#370,3.043272896874E-1);
#372=CARTESIAN_POINT('',(8.064095003803E1,1.317055028506E1,4.330611641463E2));
#373=LINE('',#372,#371);
#374=DIRECTION('',(4.012622167883E-5,9.902680679369E-1,-1.391731009010E-1));
#375=VECTOR('',#374,1.411390380393E-2);
#376=CARTESIAN_POINT('',(8.064094947169E1,1.315657373681E1,4.330631284221E2));
#377=LINE('',#376,#375);
#378=DIRECTION('',(-1.077014389444E-6,-6.154214293429E-1,-7.881982392167E-1));
#379=VECTOR('',#378,4.440536677486E-1);
#380=CARTESIAN_POINT('',(8.064094994995E1,1.342985387972E1,4.334131307411E2));
#381=LINE('',#380,#379);
#382=DIRECTION('',(9.999999999689E-1,5.205206158238E-6,5.925338570207E-6));
#383=VECTOR('',#382,3.801083058879E-2);
#384=CARTESIAN_POINT('',(8.064094994995E1,1.342985387972E1,4.334131307411E2));
#385=LINE('',#384,#383);
#386=DIRECTION('',(-9.999999999992E-1,-1.097831653170E-6,-6.647989123265E-7));
#387=VECTOR('',#386,3.801290149217E-2);
#388=CARTESIAN_POINT('',(8.067896237319E1,1.315657377854E1,4.330631284473E2));
#389=LINE('',#388,#387);
#390=DIRECTION('',(3.586619273523E-6,-6.154214293360E-1,-7.881982392147E-1));
#391=VECTOR('',#390,4.440539214373E-1);
#392=CARTESIAN_POINT('',(8.067896078053E1,1.342985407758E1,4.334131309663E2));
#393=LINE('',#392,#391);
#394=DIRECTION('',(1.E0,7.139264792597E-14,0.E0));
#395=VECTOR('',#394,3.732226407771E0);
#396=CARTESIAN_POINT('',(4.076768545765E1,1.764069344360E1,4.329849723660E2));
#397=LINE('',#396,#395);
#398=DIRECTION('',(1.E0,-5.182871991309E-14,0.E0));
#399=VECTOR('',#398,5.141040071159E0);
#400=CARTESIAN_POINT('',(7.549991186543E1,1.764069344360E1,4.329849723660E2));
#401=LINE('',#400,#399);
#402=DIRECTION('',(0.E0,-1.E0,0.E0));
#403=VECTOR('',#402,2.3E0);
#404=CARTESIAN_POINT('',(7.299991186543E1,1.546604051525E1,4.329849723660E2));
#405=LINE('',#404,#403);
#406=DIRECTION('',(0.E0,0.E0,1.E0));
#407=VECTOR('',#406,1.8E1);
#408=CARTESIAN_POINT('',(7.299991186543E1,1.546604051525E1,4.149849723660E2));
#409=LINE('',#408,#407);
#410=DIRECTION('',(-1.E0,0.E0,0.E0));
#411=VECTOR('',#410,2.5E0);
#412=CARTESIAN_POINT('',(7.549991186543E1,1.546604051525E1,4.329849723660E2));
#413=LINE('',#412,#411);
#414=DIRECTION('',(0.E0,0.E0,1.E0));
#415=VECTOR('',#414,1.8E1);
#416=CARTESIAN_POINT('',(7.549991186543E1,1.546604051525E1,4.149849723660E2));
#417=LINE('',#416,#415);
#418=DIRECTION('',(0.E0,-1.E0,0.E0));
#419=VECTOR('',#418,2.174652928351E0);
#420=CARTESIAN_POINT('',(7.549991186543E1,1.764069344360E1,4.329849723660E2));
#421=LINE('',#420,#419);
#422=DIRECTION('',(0.E0,-9.991330730924E-1,4.163054471210E-2));
#423=VECTOR('',#422,2.E0);
#424=CARTESIAN_POINT('',(7.549991186543E1,1.963895958979E1,4.329017112766E2));
#425=LINE('',#424,#423);
#426=DIRECTION('',(0.E0,4.163054471214E-2,9.991330730924E-1));
#427=VECTOR('',#426,1.801561822420E1);
#428=CARTESIAN_POINT('',(7.549991186543E1,1.888895958979E1,4.149017112766E2));
#429=LINE('',#428,#427);
#430=DIRECTION('',(0.E0,9.991330730924E-1,-4.163054471212E-2));
#431=VECTOR('',#430,2.E0);
#432=CARTESIAN_POINT('',(7.549991186543E1,1.689069344360E1,4.149849723660E2));
#433=LINE('',#432,#431);
#434=DIRECTION('',(1.E0,0.E0,-1.105679358146E-14));
#435=VECTOR('',#434,5.141040071159E0);
#436=CARTESIAN_POINT('',(7.549991186543E1,1.963895958979E1,4.329017112766E2));
#437=LINE('',#436,#435);
#438=DIRECTION('',(1.E0,0.E0,0.E0));
#439=VECTOR('',#438,3.987326587108E1);
#440=CARTESIAN_POINT('',(4.076768606551E1,1.776569344360E1,4.359849723660E2));
#441=LINE('',#440,#439);
#442=DIRECTION('',(-1.E0,0.E0,0.E0));
#443=VECTOR('',#442,3.987326590925E1);
#444=CARTESIAN_POINT('',(8.064095193658E1,1.976395958979E1,4.359017112766E2));
#445=LINE('',#444,#443);
#446=DIRECTION('',(9.999999999830E-1,5.827907636912E-6,0.E0));
#447=VECTOR('',#446,3.987326582758E1);
#448=CARTESIAN_POINT('',(4.076768610968E1,1.361435923633E1,4.359849723660E2));
#449=LINE('',#448,#447);
#450=DIRECTION('',(1.E0,0.E0,1.523043140177E-14));
#451=VECTOR('',#450,3.732226445944E0);
#452=CARTESIAN_POINT('',(4.076768541948E1,1.963895958979E1,4.329017112766E2));
#453=LINE('',#452,#451);
#454=DIRECTION('',(0.E0,-9.991330730924E-1,4.163054471212E-2));
#455=VECTOR('',#454,2.E0);
#456=CARTESIAN_POINT('',(4.449991186543E1,1.888895958979E1,4.149017112766E2));
#457=LINE('',#456,#455);
#458=DIRECTION('',(0.E0,-4.163054471214E-2,-9.991330730924E-1));
#459=VECTOR('',#458,1.801561822420E1);
#460=CARTESIAN_POINT('',(4.449991186543E1,1.963895958979E1,4.329017112766E2));
#461=LINE('',#460,#459);
#462=DIRECTION('',(0.E0,9.991330730924E-1,-4.163054471210E-2));
#463=VECTOR('',#462,2.E0);
#464=CARTESIAN_POINT('',(4.449991186543E1,1.764069344360E1,4.329849723660E2));
#465=LINE('',#464,#463);
#466=DIRECTION('',(0.E0,1.E0,0.E0));
#467=VECTOR('',#466,2.174652928351E0);
#468=CARTESIAN_POINT('',(4.449991186543E1,1.546604051525E1,4.329849723660E2));
#469=LINE('',#468,#467);
#470=DIRECTION('',(0.E0,-1.E0,0.E0));
#471=VECTOR('',#470,2.3E0);
#472=CARTESIAN_POINT('',(7.299991186543E1,1.546604051525E1,4.149849723660E2));
#473=LINE('',#472,#471);
#474=DIRECTION('',(-1.E0,0.E0,0.E0));
#475=VECTOR('',#474,2.5E0);
#476=CARTESIAN_POINT('',(7.549991186543E1,1.546604051525E1,4.149849723660E2));
#477=LINE('',#476,#475);
#478=DIRECTION('',(0.E0,-1.E0,0.E0));
#479=VECTOR('',#478,1.424652928351E0);
#480=CARTESIAN_POINT('',(7.549991186543E1,1.689069344360E1,4.149849723660E2));
#481=LINE('',#480,#479);
#482=DIRECTION('',(0.E0,1.E0,0.E0));
#483=VECTOR('',#482,1.424652928351E0);
#484=CARTESIAN_POINT('',(4.449991186543E1,1.546604051525E1,4.149849723660E2));
#485=LINE('',#484,#483);
#486=DIRECTION('',(0.E0,1.E0,0.E0));
#487=VECTOR('',#486,2.3E0);
#488=CARTESIAN_POINT('',(4.699999877512E1,1.316604051525E1,4.149849723660E2));
#489=LINE('',#488,#487);
#490=DIRECTION('',(-1.E0,0.E0,0.E0));
#491=VECTOR('',#490,2.599991309030E1);
#492=CARTESIAN_POINT('',(7.299991186543E1,1.316604051525E1,4.149849723660E2));
#493=LINE('',#492,#491);
#494=DIRECTION('',(-1.E0,0.E0,0.E0));
#495=VECTOR('',#494,3.1E1);
#496=CARTESIAN_POINT('',(7.549991186543E1,1.689069344360E1,4.149849723660E2));
#497=LINE('',#496,#495);
#498=DIRECTION('',(1.E0,0.E0,0.E0));
#499=VECTOR('',#498,3.1E1);
#500=CARTESIAN_POINT('',(4.449991186543E1,1.888895958979E1,4.149017112766E2));
#501=LINE('',#500,#499);
#502=DIRECTION('',(0.E0,0.E0,1.E0));
#503=VECTOR('',#502,1.8E1);
#504=CARTESIAN_POINT('',(4.699999877512E1,1.546604051525E1,4.149849723660E2));
#505=LINE('',#504,#503);
#506=DIRECTION('',(1.E0,0.E0,0.E0));
#507=VECTOR('',#506,2.500086909699E0);
#508=CARTESIAN_POINT('',(4.449991186543E1,1.546604051525E1,4.149849723660E2));
#509=LINE('',#508,#507);
#510=DIRECTION('',(0.E0,0.E0,-1.E0));
#511=VECTOR('',#510,1.8E1);
#512=CARTESIAN_POINT('',(4.449991186543E1,1.546604051525E1,4.329849723660E2));
#513=LINE('',#512,#511);
#514=DIRECTION('',(-1.E0,0.E0,0.E0));
#515=VECTOR('',#514,2.500086909699E0);
#516=CARTESIAN_POINT('',(4.699999877512E1,1.546604051525E1,4.329849723660E2));
#517=LINE('',#516,#515);
#518=DIRECTION('',(0.E0,1.E0,0.E0));
#519=VECTOR('',#518,2.3E0);
#520=CARTESIAN_POINT('',(4.699999877512E1,1.316604051525E1,4.329849723660E2));
#521=LINE('',#520,#519);
#522=DIRECTION('',(-1.E0,0.E0,0.E0));
#523=VECTOR('',#522,2.599991309030E1);
#524=CARTESIAN_POINT('',(7.299991186543E1,1.316604051525E1,4.329849723660E2));
#525=LINE('',#524,#523);
#526=DIRECTION('',(0.E0,0.E0,1.E0));
#527=VECTOR('',#526,1.8E1);
#528=CARTESIAN_POINT('',(7.299991186543E1,1.316604051525E1,4.149849723660E2));
#529=LINE('',#528,#527);
#530=DIRECTION('',(0.E0,0.E0,-1.E0));
#531=VECTOR('',#530,1.8E1);
#532=CARTESIAN_POINT('',(4.699999877512E1,1.316604051525E1,4.329849723660E2));
#533=LINE('',#532,#531);
#534=DIRECTION('',(-2.880851759833E-6,-9.999999999959E-1,0.E0));
#535=VECTOR('',#534,1.048903219119E-1);
#536=CARTESIAN_POINT('',(4.076768580931E1,1.328216206335E1,4.329849723660E2));
#537=LINE('',#536,#535);
#538=DIRECTION('',(1.320478400036E-5,-3.446205869187E-2,-9.994060067542E-1));
#539=VECTOR('',#538,4.857154966391E-2);
#540=CARTESIAN_POINT('',(4.076768516793E1,1.328383593894E1,4.330335150645E2));
#541=LINE('',#540,#539);
#542=DIRECTION('',(-9.999999999830E-1,-5.827907637533E-6,0.E0));
#543=VECTOR('',#542,3.987326582516E1);
#544=CARTESIAN_POINT('',(8.064095009166E1,1.308713547673E1,4.330728873331E2));
#545=LINE('',#544,#543);
#546=DIRECTION('',(-1.196568165001E-5,-6.934628222078E-11,9.999999999284E-1));
#547=VECTOR('',#546,7.840980238988E-2);
#548=CARTESIAN_POINT('',(8.064095102989E1,1.308713547674E1,4.329944775307E2));
#549=LINE('',#548,#547);
#550=DIRECTION('',(-9.539014783304E-5,-5.524271226564E-10,9.999999954504E-1));
#551=VECTOR('',#550,9.505164757330E-3);
#552=CARTESIAN_POINT('',(8.064095193658E1,1.308713547674E1,4.329849723660E2));
#553=LINE('',#552,#551);
#554=DIRECTION('',(9.999999999830E-1,5.827907548204E-6,0.E0));
#555=VECTOR('',#554,3.987326643115E1);
#556=CARTESIAN_POINT('',(4.076768550612E1,1.308690309903E1,4.329849723660E2));
#557=LINE('',#556,#555);
#558=DIRECTION('',(9.520540993074E-5,5.552303726419E-10,-9.999999954680E-1));
#559=VECTOR('',#558,9.505164756651E-3);
#560=CARTESIAN_POINT('',(4.076768460117E1,1.308690309903E1,4.329944775307E2));
#561=LINE('',#560,#559);
#562=DIRECTION('',(4.259583129429E-6,6.939159178533E-11,-9.999999999909E-1));
#563=VECTOR('',#562,7.840980238521E-2);
#564=CARTESIAN_POINT('',(4.076768426718E1,1.308690309902E1,4.330728873331E2));
#565=LINE('',#564,#563);
#566=DIRECTION('',(-4.562685381859E-5,-9.902680677114E-1,1.391731008111E-1));
#567=VECTOR('',#566,1.377302436967E-2);
#568=CARTESIAN_POINT('',(8.064095072008E1,1.310077446296E1,4.330709704986E2));
#569=LINE('',#568,#567);
#570=DIRECTION('',(2.885916865112E-6,9.902680687381E-1,-1.391731009549E-1));
#571=VECTOR('',#570,1.377302435545E-2);
#572=CARTESIAN_POINT('',(4.076768426718E1,1.308690309902E1,4.330728873331E2));
#573=LINE('',#572,#571);
#574=DIRECTION('',(-4.561670590893E-7,7.881982392188E-1,-6.154214293411E-1));
#575=VECTOR('',#574,2.4E1);
#576=CARTESIAN_POINT('',(7.667896679711E1,-1.034059802009E1,4.549661231825E2));
#577=LINE('',#576,#575);
#578=DIRECTION('',(-3.586619229168E-6,6.154214293359E-1,7.881982392148E-1));
#579=VECTOR('',#578,3.E0);
#580=CARTESIAN_POINT('',(7.667897755697E1,-1.218686230810E1,4.526015284649E2));
#581=LINE('',#580,#579);
#582=DIRECTION('',(4.561670596814E-7,-7.881982392188E-1,6.154214293411E-1));
#583=VECTOR('',#582,2.4E1);
#584=CARTESIAN_POINT('',(7.667896660896E1,6.729895433154E0,4.378314141607E2));
#585=LINE('',#584,#583);
#586=DIRECTION('',(-9.999999999830E-1,-5.827907618389E-6,1.421044315747E-14));
#587=VECTOR('',#586,4.000115846557E0);
#588=CARTESIAN_POINT('',(7.667895584910E1,8.576159721162E0,4.401960088783E2));
#589=LINE('',#588,#587);
#590=DIRECTION('',(-3.586619224431E-6,6.154214293359E-1,7.881982392148E-1));
#591=VECTOR('',#590,3.E0);
#592=CARTESIAN_POINT('',(7.667896660896E1,6.729895433154E0,4.378314141607E2));
#593=LINE('',#592,#591);
#594=DIRECTION('',(9.999999999830E-1,5.827907618389E-6,-1.421044315747E-14));
#595=VECTOR('',#594,4.000115846557E0);
#596=CARTESIAN_POINT('',(7.267885076247E1,6.729872120849E0,4.378314141607E2));
#597=LINE('',#596,#595);
#598=DIRECTION('',(-4.593546528042E-6,7.881982392014E-1,-6.154214293463E-1));
#599=VECTOR('',#598,4.E0);
#600=CARTESIAN_POINT('',(7.267884000261E1,8.576136408856E0,4.401960088783E2));
#601=LINE('',#600,#599);
#602=DIRECTION('',(-3.586619233905E-6,6.154214293359E-1,7.881982392148E-1));
#603=VECTOR('',#602,3.E0);
#604=CARTESIAN_POINT('',(7.267885076247E1,6.729872120849E0,4.378314141607E2));
#605=LINE('',#604,#603);
#606=DIRECTION('',(4.593546535147E-6,-7.881982392014E-1,6.154214293464E-1));
#607=VECTOR('',#606,4.E0);
#608=CARTESIAN_POINT('',(7.267883238829E1,9.882665077654E0,4.353697284433E2));
#609=LINE('',#608,#607);
#610=DIRECTION('',(-9.999999999830E-1,-5.827907639689E-6,0.E0));
#611=VECTOR('',#610,2.400000035742E1);
#612=CARTESIAN_POINT('',(7.267882162843E1,1.172892936566E1,4.377343231609E2));
#613=LINE('',#612,#611);
#614=DIRECTION('',(-3.586619229168E-6,6.154214293358E-1,7.881982392148E-1));
#615=VECTOR('',#614,3.E0);
#616=CARTESIAN_POINT('',(7.267883238829E1,9.882665077654E0,4.353697284433E2));
#617=LINE('',#616,#615);
#618=DIRECTION('',(9.999999999830E-1,5.827907639615E-6,0.E0));
#619=VECTOR('',#618,2.400000035742E1);
#620=CARTESIAN_POINT('',(4.867883203127E1,9.882525207869E0,4.353697284433E2));
#621=LINE('',#620,#619);
#622=DIRECTION('',(4.593546540505E-6,-7.881982392014E-1,6.154214293463E-1));
#623=VECTOR('',#622,3.999867603855E0);
#624=CARTESIAN_POINT('',(4.867882127141E1,1.172878949588E1,4.377343231609E2));
#625=LINE('',#624,#623);
#626=DIRECTION('',(-3.586619229168E-6,6.154214293358E-1,7.881982392148E-1));
#627=VECTOR('',#626,3.E0);
#628=CARTESIAN_POINT('',(4.867883203127E1,9.882525207869E0,4.353697284433E2));
#629=LINE('',#628,#627);
#630=DIRECTION('',(-4.593546540505E-6,7.881982392014E-1,-6.154214293464E-1));
#631=VECTOR('',#630,3.999867603855E0);
#632=CARTESIAN_POINT('',(4.867885040485E1,6.729836605472E0,4.378313326812E2));
#633=LINE('',#632,#631);
#634=DIRECTION('',(-9.999999999830E-1,-5.827907645396E-6,-1.421126629714E-14));
#635=VECTOR('',#634,3.999884153340E0);
#636=CARTESIAN_POINT('',(4.867883964499E1,8.576100893479E0,4.401959273989E2));
#637=LINE('',#636,#635);
#638=DIRECTION('',(-3.586619226800E-6,6.154214293359E-1,7.881982392148E-1));
#639=VECTOR('',#638,3.E0);
#640=CARTESIAN_POINT('',(4.867885040485E1,6.729836605472E0,4.378313326812E2));
#641=LINE('',#640,#639);
#642=DIRECTION('',(9.999999999830E-1,5.827907648283E-6,0.E0));
#643=VECTOR('',#642,3.999884153340E0);
#644=CARTESIAN_POINT('',(4.467896625158E1,6.729813294516E0,4.378313326812E2));
#645=LINE('',#644,#643);
#646=DIRECTION('',(4.561670502075E-7,-7.881982392188E-1,6.154214293411E-1));
#647=VECTOR('',#646,2.4E1);
#648=CARTESIAN_POINT('',(4.467895549172E1,8.576077582524E0,4.401959273989E2));
#649=LINE('',#648,#647);
#650=DIRECTION('',(-3.586619229168E-6,6.154214293359E-1,7.881982392148E-1));
#651=VECTOR('',#650,3.E0);
#652=CARTESIAN_POINT('',(4.467896625158E1,6.729813294516E0,4.378313326812E2));
#653=LINE('',#652,#651);
#654=DIRECTION('',(-4.561670499115E-7,7.881982392188E-1,-6.154214293411E-1));
#655=VECTOR('',#654,2.4E1);
#656=CARTESIAN_POINT('',(4.467897719959E1,-1.218694444673E1,4.526014469854E2));
#657=LINE('',#656,#655);
#658=DIRECTION('',(9.999999999935E-1,2.566832413287E-6,2.546232025225E-6));
#659=VECTOR('',#658,4.E0);
#660=CARTESIAN_POINT('',(4.467896643973E1,-1.034068015873E1,4.549660417031E2));
#661=LINE('',#660,#659);
#662=DIRECTION('',(-3.586619226799E-6,6.154214293358E-1,7.881982392148E-1));
#663=VECTOR('',#662,3.E0);
#664=CARTESIAN_POINT('',(4.467897719959E1,-1.218694444673E1,4.526014469854E2));
#665=LINE('',#664,#663);
#666=DIRECTION('',(-9.999999999935E-1,-2.566832404405E-6,-2.546232011014E-6));
#667=VECTOR('',#666,4.E0);
#668=CARTESIAN_POINT('',(4.867897719956E1,-1.218693417941E1,4.526014571704E2));
#669=LINE('',#668,#667);
#670=DIRECTION('',(3.586619241010E-6,-6.154214293358E-1,-7.881982392148E-1));
#671=VECTOR('',#670,3.E0);
#672=CARTESIAN_POINT('',(4.867896643970E1,-1.034066989140E1,4.549660518880E2));
#673=LINE('',#672,#671);
#674=DIRECTION('',(-4.561670596814E-7,7.881982392188E-1,-6.154214293411E-1));
#675=VECTOR('',#674,4.E0);
#676=CARTESIAN_POINT('',(4.867897902423E1,-1.533972713628E1,4.550631428877E2));
#677=LINE('',#676,#675);
#678=DIRECTION('',(3.586619243379E-6,-6.154214293359E-1,-7.881982392148E-1));
#679=VECTOR('',#678,2.999999999999E0);
#680=CARTESIAN_POINT('',(4.867896826437E1,-1.349346284827E1,4.574277376054E2));
#681=LINE('',#680,#679);
#682=DIRECTION('',(4.561670579051E-7,-7.881982392188E-1,6.154214293410E-1));
#683=VECTOR('',#682,4.E0);
#684=CARTESIAN_POINT('',(4.867896643970E1,-1.034066989140E1,4.549660518880E2));
#685=LINE('',#684,#683);
#686=DIRECTION('',(-9.999999999935E-1,-2.566832424184E-6,-2.546231989651E-6));
#687=VECTOR('',#686,2.400000035763E1);
#688=CARTESIAN_POINT('',(7.267897938170E1,-1.533966553230E1,4.550632039973E2));
#689=LINE('',#688,#687);
#690=DIRECTION('',(3.586619252853E-6,-6.154214293359E-1,-7.881982392148E-1));
#691=VECTOR('',#690,3.E0);
#692=CARTESIAN_POINT('',(7.267896862184E1,-1.349340124429E1,4.574277987149E2));
#693=LINE('',#692,#691);
#694=DIRECTION('',(9.999999999935E-1,2.566832425146E-6,2.546231994388E-6));
#695=VECTOR('',#694,2.400000035763E1);
#696=CARTESIAN_POINT('',(4.867896826437E1,-1.349346284827E1,4.574277376054E2));
#697=LINE('',#696,#695);
#698=DIRECTION('',(-4.561670650106E-7,7.881982392188E-1,-6.154214293410E-1));
#699=VECTOR('',#698,3.999999999999E0);
#700=CARTESIAN_POINT('',(7.267896862184E1,-1.349340124429E1,4.574277987149E2));
#701=LINE('',#700,#699);
#702=DIRECTION('',(4.561670614579E-7,-7.881982392188E-1,6.154214293411E-1));
#703=VECTOR('',#702,3.999999999999E0);
#704=CARTESIAN_POINT('',(7.267897755703E1,-1.218687257543E1,4.526015182799E2));
#705=LINE('',#704,#703);
#706=DIRECTION('',(-3.586619243379E-6,6.154214293359E-1,7.881982392148E-1));
#707=VECTOR('',#706,2.999999999999E0);
#708=CARTESIAN_POINT('',(4.667897902531E1,-1.462065864046E1,4.545016885318E2));
#709=LINE('',#708,#707);
#710=DIRECTION('',(3.586619243379E-6,-6.154214293359E-1,-7.881982392148E-1));
#711=VECTOR('',#710,3.E0);
#712=CARTESIAN_POINT('',(4.667896727311E1,-1.105974790286E1,4.555274954721E2));
#713=LINE('',#712,#711);
#714=DIRECTION('',(-3.586619245748E-6,6.154214293359E-1,7.881982392148E-1));
#715=VECTOR('',#714,2.999999999999E0);
#716=CARTESIAN_POINT('',(4.667896625263E1,7.448892057663E0,4.372698885103E2));
#717=LINE('',#716,#715);
#718=DIRECTION('',(3.586619243379E-6,-6.154214293359E-1,-7.881982392148E-1));
#719=VECTOR('',#718,3.E0);
#720=CARTESIAN_POINT('',(4.667895450043E1,1.100980279527E1,4.382956954505E2));
#721=LINE('',#720,#719);
#722=DIRECTION('',(-3.586619257590E-6,6.154214293359E-1,7.881982392148E-1));
#723=VECTOR('',#722,2.999999999999E0);
#724=CARTESIAN_POINT('',(7.467896625245E1,7.448963928971E0,4.372699598048E2));
#725=LINE('',#724,#723);
#726=DIRECTION('',(3.586619238642E-6,-6.154214293359E-1,-7.881982392148E-1));
#727=VECTOR('',#726,3.E0);
#728=CARTESIAN_POINT('',(7.467895450025E1,1.100987466658E1,4.382957667450E2));
#729=LINE('',#728,#727);
#730=DIRECTION('',(-3.586619238642E-6,6.154214293359E-1,7.881982392148E-1));
#731=VECTOR('',#730,2.999999999999E0);
#732=CARTESIAN_POINT('',(7.467897902513E1,-1.462058676915E1,4.545017598263E2));
#733=LINE('',#732,#731);
#734=DIRECTION('',(3.586619248116E-6,-6.154214293359E-1,-7.881982392148E-1));
#735=VECTOR('',#734,3.E0);
#736=CARTESIAN_POINT('',(7.467896727293E1,-1.105967603155E1,4.555275667666E2));
#737=LINE('',#736,#735);
#738=CARTESIAN_POINT('',(7.267896679717E1,-1.034060828742E1,4.549661129976E2));
#739=CARTESIAN_POINT('',(7.667896679711E1,-1.034059802009E1,4.549661231825E2));
#740=VERTEX_POINT('',#738);
#741=VERTEX_POINT('',#739);
#742=CARTESIAN_POINT('',(7.667897755697E1,-1.218686230810E1,4.526015284649E2));
#743=VERTEX_POINT('',#742);
#744=CARTESIAN_POINT('',(7.267897755703E1,-1.218687257543E1,4.526015182799E2));
#745=VERTEX_POINT('',#744);
#746=CARTESIAN_POINT('',(7.667895584910E1,8.576159721162E0,4.401960088783E2));
#747=VERTEX_POINT('',#746);
#748=CARTESIAN_POINT('',(7.667896660896E1,6.729895433154E0,4.378314141607E2));
#749=VERTEX_POINT('',#748);
#750=CARTESIAN_POINT('',(7.267884000261E1,8.576136408856E0,4.401960088783E2));
#751=VERTEX_POINT('',#750);
#752=CARTESIAN_POINT('',(7.267885076247E1,6.729872120849E0,4.378314141607E2));
#753=VERTEX_POINT('',#752);
#754=CARTESIAN_POINT('',(7.267882162843E1,1.172892936566E1,4.377343231609E2));
#755=VERTEX_POINT('',#754);
#756=CARTESIAN_POINT('',(7.267883238829E1,9.882665077654E0,4.353697284433E2));
#757=VERTEX_POINT('',#756);
#758=CARTESIAN_POINT('',(4.867882127141E1,1.172878949588E1,4.377343231609E2));
#759=VERTEX_POINT('',#758);
#760=CARTESIAN_POINT('',(4.867883203127E1,9.882525207869E0,4.353697284433E2));
#761=VERTEX_POINT('',#760);
#762=CARTESIAN_POINT('',(4.867883964499E1,8.576100893479E0,4.401959273989E2));
#763=VERTEX_POINT('',#762);
#764=CARTESIAN_POINT('',(4.867885040485E1,6.729836605472E0,4.378313326812E2));
#765=VERTEX_POINT('',#764);
#766=CARTESIAN_POINT('',(4.467895549172E1,8.576077582524E0,4.401959273989E2));
#767=VERTEX_POINT('',#766);
#768=CARTESIAN_POINT('',(4.467896625158E1,6.729813294516E0,4.378313326812E2));
#769=VERTEX_POINT('',#768);
#770=CARTESIAN_POINT('',(4.467896643973E1,-1.034068015873E1,4.549660417031E2));
#771=VERTEX_POINT('',#770);
#772=CARTESIAN_POINT('',(4.467897719959E1,-1.218694444673E1,4.526014469854E2));
#773=VERTEX_POINT('',#772);
#774=CARTESIAN_POINT('',(4.867896643970E1,-1.034066989140E1,4.549660518880E2));
#775=VERTEX_POINT('',#774);
#776=CARTESIAN_POINT('',(4.867897719956E1,-1.218693417941E1,4.526014571704E2));
#777=VERTEX_POINT('',#776);
#778=CARTESIAN_POINT('',(4.867896826437E1,-1.349346284827E1,4.574277376054E2));
#779=VERTEX_POINT('',#778);
#780=CARTESIAN_POINT('',(4.867897902423E1,-1.533972713628E1,4.550631428877E2));
#781=VERTEX_POINT('',#780);
#782=CARTESIAN_POINT('',(4.076768606551E1,1.776569344360E1,4.359849723660E2));
#783=CARTESIAN_POINT('',(8.064095193658E1,1.776569344360E1,4.359849723660E2));
#784=VERTEX_POINT('',#782);
#785=VERTEX_POINT('',#783);
#786=CARTESIAN_POINT('',(8.064095193658E1,1.976395958979E1,4.359017112766E2));
#787=VERTEX_POINT('',#786);
#788=CARTESIAN_POINT('',(4.076768602733E1,1.976395958979E1,4.359017112766E2));
#789=VERTEX_POINT('',#788);
#790=CARTESIAN_POINT('',(4.076768545765E1,1.764069344360E1,4.329849723660E2));
#791=CARTESIAN_POINT('',(4.449991186543E1,1.764069344360E1,4.329849723660E2));
#792=VERTEX_POINT('',#790);
#793=VERTEX_POINT('',#791);
#794=CARTESIAN_POINT('',(4.076768541948E1,1.963895958979E1,4.329017112766E2));
#795=VERTEX_POINT('',#794);
#796=CARTESIAN_POINT('',(4.449991186543E1,1.963895958979E1,4.329017112766E2));
#797=VERTEX_POINT('',#796);
#798=CARTESIAN_POINT('',(7.549991186543E1,1.689069344360E1,4.149849723660E2));
#799=CARTESIAN_POINT('',(4.449991186543E1,1.689069344360E1,4.149849723660E2));
#800=VERTEX_POINT('',#798);
#801=VERTEX_POINT('',#799);
#802=CARTESIAN_POINT('',(4.449991186543E1,1.888895958979E1,4.149017112766E2));
#803=VERTEX_POINT('',#802);
#804=CARTESIAN_POINT('',(7.549991186543E1,1.888895958979E1,4.149017112766E2));
#805=VERTEX_POINT('',#804);
#806=CARTESIAN_POINT('',(7.549991186543E1,1.764069344360E1,4.329849723660E2));
#807=CARTESIAN_POINT('',(8.064095193658E1,1.764069344360E1,4.329849723660E2));
#808=VERTEX_POINT('',#806);
#809=VERTEX_POINT('',#807);
#810=CARTESIAN_POINT('',(7.549991186543E1,1.963895958979E1,4.329017112766E2));
#811=VERTEX_POINT('',#810);
#812=CARTESIAN_POINT('',(8.064095193658E1,1.963895958979E1,4.329017112766E2));
#813=VERTEX_POINT('',#812);
#814=CARTESIAN_POINT('',(7.299991186543E1,1.546604051525E1,4.329849723660E2));
#815=CARTESIAN_POINT('',(7.299991186543E1,1.316604051525E1,4.329849723660E2));
#816=VERTEX_POINT('',#814);
#817=VERTEX_POINT('',#815);
#818=CARTESIAN_POINT('',(7.299991186543E1,1.316604051525E1,4.149849723660E2));
#819=VERTEX_POINT('',#818);
#820=CARTESIAN_POINT('',(7.299991186543E1,1.546604051525E1,4.149849723660E2));
#821=VERTEX_POINT('',#820);
#822=CARTESIAN_POINT('',(7.549991186543E1,1.546604051525E1,4.329849723660E2));
#823=VERTEX_POINT('',#822);
#824=CARTESIAN_POINT('',(7.549991186543E1,1.546604051525E1,4.149849723660E2));
#825=VERTEX_POINT('',#824);
#826=CARTESIAN_POINT('',(4.076768550612E1,1.308690309903E1,4.329849723660E2));
#827=CARTESIAN_POINT('',(8.064095193658E1,1.308713547674E1,4.329849723660E2));
#828=VERTEX_POINT('',#826);
#829=VERTEX_POINT('',#827);
#830=CARTESIAN_POINT('',(4.449991186543E1,1.546604051525E1,4.329849723660E2));
#831=VERTEX_POINT('',#830);
#832=CARTESIAN_POINT('',(4.699999877512E1,1.546604051525E1,4.329849723660E2));
#833=VERTEX_POINT('',#832);
#834=CARTESIAN_POINT('',(4.699999877512E1,1.316604051525E1,4.329849723660E2));
#835=VERTEX_POINT('',#834);
#836=CARTESIAN_POINT('',(4.699999877512E1,1.546604051525E1,4.149849723660E2));
#837=VERTEX_POINT('',#836);
#838=CARTESIAN_POINT('',(4.449991186543E1,1.546604051525E1,4.149849723660E2));
#839=VERTEX_POINT('',#838);
#840=CARTESIAN_POINT('',(4.699999877512E1,1.316604051525E1,4.149849723660E2));
#841=VERTEX_POINT('',#840);
#842=CARTESIAN_POINT('',(4.067895335795E1,1.308690258191E1,4.366738785323E2));
#843=CARTESIAN_POINT('',(4.067895894952E1,1.332925371419E1,4.343680615342E2));
#844=VERTEX_POINT('',#842);
#845=VERTEX_POINT('',#843);
#846=CARTESIAN_POINT('',(4.067895331472E1,1.364146054620E1,4.361386744647E2));
#847=VERTEX_POINT('',#846);
#848=CARTESIAN_POINT('',(4.076768516793E1,1.328383593894E1,4.330335150645E2));
#849=CARTESIAN_POINT('',(4.076768361200E1,1.347132595119E1,4.330163394122E2));
#850=VERTEX_POINT('',#848);
#851=VERTEX_POINT('',#849);
#852=CARTESIAN_POINT('',(4.076768373339E1,1.342964633377E1,4.334128944827E2));
#853=VERTEX_POINT('',#852);
#854=CARTESIAN_POINT('',(4.076768594805E1,1.333014377773E1,4.343595980651E2));
#855=VERTEX_POINT('',#854);
#856=CARTESIAN_POINT('',(4.076768594975E1,1.333073199261E1,4.343764423351E2));
#857=VERTEX_POINT('',#856);
#858=CARTESIAN_POINT('',(4.076768610968E1,1.361435923633E1,4.359849723660E2));
#859=VERTEX_POINT('',#858);
#860=CARTESIAN_POINT('',(4.076768460117E1,1.308690309903E1,4.329944775307E2));
#861=VERTEX_POINT('',#860);
#862=CARTESIAN_POINT('',(4.076768580931E1,1.328216206335E1,4.329849723660E2));
#863=VERTEX_POINT('',#862);
#864=CARTESIAN_POINT('',(8.067895894919E1,1.332948683049E1,4.343680615342E2));
#865=CARTESIAN_POINT('',(8.067895335761E1,1.308713569821E1,4.366738785323E2));
#866=VERTEX_POINT('',#864);
#867=VERTEX_POINT('',#865);
#868=CARTESIAN_POINT('',(8.067895331438E1,1.364169366250E1,4.361386744647E2));
#869=VERTEX_POINT('',#868);
#870=CARTESIAN_POINT('',(4.076768516951E1,1.318127091156E1,4.330442950833E2));
#871=VERTEX_POINT('',#870);
#872=CARTESIAN_POINT('',(4.076768550714E1,1.317727174144E1,4.329849723660E2));
#873=VERTEX_POINT('',#872);
#874=CARTESIAN_POINT('',(8.064095158893E1,1.318150328927E1,4.330442950833E2));
#875=CARTESIAN_POINT('',(8.064095159064E1,1.328406831666E1,4.330335150645E2));
#876=VERTEX_POINT('',#874);
#877=VERTEX_POINT('',#875);
#878=CARTESIAN_POINT('',(8.064095224204E1,1.317750411916E1,4.329849723660E2));
#879=VERTEX_POINT('',#878);
#880=CARTESIAN_POINT('',(8.064095224186E1,1.328239444106E1,4.329849723660E2));
#881=VERTEX_POINT('',#880);
#882=CARTESIAN_POINT('',(8.064095226565E1,1.332948660899E1,4.343680615342E2));
#883=CARTESIAN_POINT('',(8.064095210198E1,1.333037615544E1,4.343595980651E2));
#884=VERTEX_POINT('',#882);
#885=VERTEX_POINT('',#883);
#886=CARTESIAN_POINT('',(8.064095210026E1,1.333096437032E1,4.343764423351E2));
#887=VERTEX_POINT('',#886);
#888=CARTESIAN_POINT('',(8.064095111549E1,1.316891632206E1,4.330456180268E2));
#889=VERTEX_POINT('',#888);
#890=CARTESIAN_POINT('',(8.064095003803E1,1.317055028506E1,4.330611641463E2));
#891=VERTEX_POINT('',#890);
#892=CARTESIAN_POINT('',(8.064094947169E1,1.315657373681E1,4.330631284221E2));
#893=VERTEX_POINT('',#892);
#894=CARTESIAN_POINT('',(8.064095072008E1,1.310077446296E1,4.330709704986E2));
#895=VERTEX_POINT('',#894);
#896=CARTESIAN_POINT('',(8.064095102989E1,1.308713547674E1,4.329944775307E2));
#897=VERTEX_POINT('',#896);
#898=CARTESIAN_POINT('',(4.076768426718E1,1.308690309902E1,4.330728873331E2));
#899=CARTESIAN_POINT('',(4.076768430693E1,1.310054208525E1,4.330709704986E2));
#900=VERTEX_POINT('',#898);
#901=VERTEX_POINT('',#899);
#902=CARTESIAN_POINT('',(4.076768439919E1,1.316868394435E1,4.330456180268E2));
#903=VERTEX_POINT('',#902);
#904=CARTESIAN_POINT('',(4.076768320406E1,1.315652996400E1,4.330631019154E2));
#905=VERTEX_POINT('',#904);
#906=CARTESIAN_POINT('',(4.076768362215E1,1.317031790735E1,4.330611641463E2));
#907=VERTEX_POINT('',#906);
#908=CARTESIAN_POINT('',(8.064095193658E1,1.361459161404E1,4.359849723660E2));
#909=VERTEX_POINT('',#908);
#910=CARTESIAN_POINT('',(8.064095004071E1,1.347155832890E1,4.330163394122E2));
#911=VERTEX_POINT('',#910);
#912=CARTESIAN_POINT('',(8.064094994995E1,1.342985387972E1,4.334131307411E2));
#913=VERTEX_POINT('',#912);
#914=CARTESIAN_POINT('',(4.076768644117E1,1.332925423128E1,4.343680615342E2));
#915=VERTEX_POINT('',#914);
#916=CARTESIAN_POINT('',(8.064095009166E1,1.308713547673E1,4.330728873331E2));
#917=VERTEX_POINT('',#916);
#918=CARTESIAN_POINT('',(8.067896078053E1,1.342985407758E1,4.334131309663E2));
#919=VERTEX_POINT('',#918);
#920=CARTESIAN_POINT('',(4.067896078141E1,1.342964587195E1,4.334128939570E2));
#921=VERTEX_POINT('',#920);
#922=CARTESIAN_POINT('',(8.067896237319E1,1.315657377854E1,4.330631284473E2));
#923=VERTEX_POINT('',#922);
#924=CARTESIAN_POINT('',(8.067896323440E1,1.276670388726E1,4.331179210873E2));
#925=VERTEX_POINT('',#924);
#926=CARTESIAN_POINT('',(4.067896323474E1,1.276647077096E1,4.331179210873E2));
#927=VERTEX_POINT('',#926);
#928=CARTESIAN_POINT('',(4.067896237311E1,1.315652986660E1,4.330631018564E2));
#929=VERTEX_POINT('',#928);
#930=CARTESIAN_POINT('',(4.067897056593E1,-1.664627638679E1,4.598894029896E2));
#931=VERTEX_POINT('',#930);
#932=CARTESIAN_POINT('',(8.067897056567E1,-1.664617371349E1,4.598895048388E2));
#933=VERTEX_POINT('',#932);
#934=CARTESIAN_POINT('',(7.267896862184E1,-1.349340124429E1,4.574277987149E2));
#935=VERTEX_POINT('',#934);
#936=CARTESIAN_POINT('',(4.067898132579E1,-1.849254067479E1,4.575248082719E2));
#937=VERTEX_POINT('',#936);
#938=CARTESIAN_POINT('',(8.067898132552E1,-1.849243800150E1,4.575249101212E2));
#939=VERTEX_POINT('',#938);
#940=CARTESIAN_POINT('',(7.267897938170E1,-1.533966553230E1,4.550632039973E2));
#941=VERTEX_POINT('',#940);
#942=CARTESIAN_POINT('',(4.667897902531E1,-1.462065864046E1,4.545016885318E2));
#943=CARTESIAN_POINT('',(4.667896826545E1,-1.277439435246E1,4.568662832495E2));
#944=VERTEX_POINT('',#942);
#945=VERTEX_POINT('',#943);
#946=CARTESIAN_POINT('',(4.667896727311E1,-1.105974790286E1,4.555274954721E2));
#947=VERTEX_POINT('',#946);
#948=CARTESIAN_POINT('',(4.667897803297E1,-1.290601219087E1,4.531629007544E2));
#949=VERTEX_POINT('',#948);
#950=CARTESIAN_POINT('',(4.667896625263E1,7.448892057663E0,4.372698885103E2));
#951=CARTESIAN_POINT('',(4.667895549278E1,9.295156345671E0,4.396344832279E2));
#952=VERTEX_POINT('',#950);
#953=VERTEX_POINT('',#951);
#954=CARTESIAN_POINT('',(4.667895450043E1,1.100980279527E1,4.382956954505E2));
#955=VERTEX_POINT('',#954);
#956=CARTESIAN_POINT('',(4.667896526029E1,9.163538507260E0,4.359311007329E2));
#957=VERTEX_POINT('',#956);
#958=CARTESIAN_POINT('',(7.467896625245E1,7.448963928971E0,4.372699598048E2));
#959=CARTESIAN_POINT('',(7.467895549259E1,9.295228216978E0,4.396345545224E2));
#960=VERTEX_POINT('',#958);
#961=VERTEX_POINT('',#959);
#962=CARTESIAN_POINT('',(7.467895450025E1,1.100987466658E1,4.382957667450E2));
#963=VERTEX_POINT('',#962);
#964=CARTESIAN_POINT('',(7.467896526011E1,9.163610378568E0,4.359311720274E2));
#965=VERTEX_POINT('',#964);
#966=CARTESIAN_POINT('',(7.467897902513E1,-1.462058676915E1,4.545017598263E2));
#967=CARTESIAN_POINT('',(7.467896826527E1,-1.277432248115E1,4.568663545440E2));
#968=VERTEX_POINT('',#966);
#969=VERTEX_POINT('',#967);
#970=CARTESIAN_POINT('',(7.467896727293E1,-1.105967603155E1,4.555275667666E2));
#971=VERTEX_POINT('',#970);
#972=CARTESIAN_POINT('',(7.467897803278E1,-1.290594031956E1,4.531629720489E2));
#973=VERTEX_POINT('',#972);
#974=CARTESIAN_POINT('',(7.667896679711E1,-1.034059802009E1,4.549661231825E2));
#975=DIRECTION('',(4.561670590297E-7,-7.881982392188E-1,6.154214293411E-1));
#976=DIRECTION('',(-9.999999999935E-1,-2.566832416985E-6,-2.546231992748E-6));
#977=AXIS2_PLACEMENT_3D('',#974,#975,#976);
#978=PLANE('',#977);
#980=ORIENTED_EDGE('',*,*,#979,.F.);
#982=ORIENTED_EDGE('',*,*,#981,.F.);
#984=ORIENTED_EDGE('',*,*,#983,.F.);
#986=ORIENTED_EDGE('',*,*,#985,.T.);
#987=EDGE_LOOP('',(#980,#982,#984,#986));
#988=FACE_OUTER_BOUND('',#987,.F.);
#989=ADVANCED_FACE('',(#988),#978,.F.);
#990=CARTESIAN_POINT('',(6.067896144246E1,-8.822602657620E-1,4.475810253274E2));
#991=DIRECTION('',(-3.586619248267E-6,6.154214293359E-1,7.881982392148E-1));
#992=DIRECTION('',(-9.999999999935E-1,-2.566832417721E-6,-2.546231992174E-6));
#993=AXIS2_PLACEMENT_3D('',#990,#991,#992);
#994=PLANE('',#993);
#996=ORIENTED_EDGE('',*,*,#995,.F.);
#998=ORIENTED_EDGE('',*,*,#997,.T.);
#1000=ORIENTED_EDGE('',*,*,#999,.T.);
#1002=ORIENTED_EDGE('',*,*,#1001,.T.);
#1003=EDGE_LOOP('',(#996,#998,#1000,#1002));
#1004=FACE_OUTER_BOUND('',#1003,.F.);
#1005=ORIENTED_EDGE('',*,*,#979,.T.);
#1007=ORIENTED_EDGE('',*,*,#1006,.T.);
#1009=ORIENTED_EDGE('',*,*,#1008,.T.);
#1011=ORIENTED_EDGE('',*,*,#1010,.T.);
#1013=ORIENTED_EDGE('',*,*,#1012,.T.);
#1015=ORIENTED_EDGE('',*,*,#1014,.T.);
#1017=ORIENTED_EDGE('',*,*,#1016,.T.);
#1019=ORIENTED_EDGE('',*,*,#1018,.T.);
#1021=ORIENTED_EDGE('',*,*,#1020,.T.);
#1023=ORIENTED_EDGE('',*,*,#1022,.T.);
#1025=ORIENTED_EDGE('',*,*,#1024,.T.);
#1027=ORIENTED_EDGE('',*,*,#1026,.T.);
#1028=EDGE_LOOP('',(#1005,#1007,#1009,#1011,#1013,#1015,#1017,#1019,#1021,#1023,
#1025,#1027));
#1029=FACE_BOUND('',#1028,.F.);
#1031=ORIENTED_EDGE('',*,*,#1030,.F.);
#1033=ORIENTED_EDGE('',*,*,#1032,.F.);
#1034=EDGE_LOOP('',(#1031,#1033));
#1035=FACE_BOUND('',#1034,.F.);
#1037=ORIENTED_EDGE('',*,*,#1036,.F.);
#1039=ORIENTED_EDGE('',*,*,#1038,.F.);
#1040=EDGE_LOOP('',(#1037,#1039));
#1041=FACE_BOUND('',#1040,.F.);
#1043=ORIENTED_EDGE('',*,*,#1042,.F.);
#1045=ORIENTED_EDGE('',*,*,#1044,.F.);
#1046=EDGE_LOOP('',(#1043,#1045));
#1047=FACE_BOUND('',#1046,.F.);
#1049=ORIENTED_EDGE('',*,*,#1048,.F.);
#1051=ORIENTED_EDGE('',*,*,#1050,.F.);
#1052=EDGE_LOOP('',(#1049,#1051));
#1053=FACE_BOUND('',#1052,.F.);
#1054=ADVANCED_FACE('',(#1004,#1029,#1035,#1041,#1047,#1053),#994,.T.);
#1055=CARTESIAN_POINT('',(6.067895435203E1,3.343722015574E-1,4.489814621452E2));
#1056=DIRECTION('',(-4.047127733050E-6,6.944392370474E-1,7.195513505183E-1));
#1057=DIRECTION('',(-9.999999999918E-1,-2.850850645873E-6,-2.873158648194E-6));
#1058=AXIS2_PLACEMENT_3D('',#1055,#1056,#1057);
#1059=PLANE('',#1058);
#1060=ORIENTED_EDGE('',*,*,#995,.T.);
#1062=ORIENTED_EDGE('',*,*,#1061,.T.);
#1064=ORIENTED_EDGE('',*,*,#1063,.F.);
#1066=ORIENTED_EDGE('',*,*,#1065,.T.);
#1067=EDGE_LOOP('',(#1060,#1062,#1064,#1066));
#1068=FACE_OUTER_BOUND('',#1067,.F.);
#1069=ADVANCED_FACE('',(#1068),#1059,.T.);
#1070=CARTESIAN_POINT('',(4.067896537160E1,1.264202448388E1,4.329339658894E2));
#1071=DIRECTION('',(-9.999999999918E-1,-2.850850645873E-6,-2.873158648194E-6));
#1072=DIRECTION('',(5.609933279606E-8,-7.195513505240E-1,6.944392370532E-1));
#1073=AXIS2_PLACEMENT_3D('',#1070,#1071,#1072);
#1074=PLANE('',#1073);
#1076=ORIENTED_EDGE('',*,*,#1075,.T.);
#1078=ORIENTED_EDGE('',*,*,#1077,.F.);
#1079=ORIENTED_EDGE('',*,*,#1061,.F.);
#1080=EDGE_LOOP('',(#1076,#1078,#1079));
#1081=FACE_OUTER_BOUND('',#1080,.F.);
#1082=ADVANCED_FACE('',(#1081),#1074,.T.);
#1083=CARTESIAN_POINT('',(4.067896307910E1,1.303538889396E1,4.329079510983E2));
#1084=DIRECTION('',(-9.999999999935E-1,-2.566832417721E-6,-2.546231992173E-6));
#1085=DIRECTION('',(4.561670599631E-7,-7.881982392188E-1,6.154214293411E-1));
#1086=AXIS2_PLACEMENT_3D('',#1083,#1084,#1085);
#1087=PLANE('',#1086);
#1089=ORIENTED_EDGE('',*,*,#1088,.F.);
#1090=ORIENTED_EDGE('',*,*,#1075,.F.);
#1091=ORIENTED_EDGE('',*,*,#1001,.F.);
#1093=ORIENTED_EDGE('',*,*,#1092,.T.);
#1095=ORIENTED_EDGE('',*,*,#1094,.F.);
#1097=ORIENTED_EDGE('',*,*,#1096,.F.);
#1099=ORIENTED_EDGE('',*,*,#1098,.F.);
#1100=EDGE_LOOP('',(#1089,#1090,#1091,#1093,#1095,#1097,#1099));
#1101=FACE_OUTER_BOUND('',#1100,.F.);
#1102=ADVANCED_FACE('',(#1101),#1087,.T.);
#1103=CARTESIAN_POINT('',(6.067889030510E1,1.285143708856E1,4.389152920256E2));
#1104=DIRECTION('',(-5.795981749484E-6,9.945218953514E-1,1.045284632677E-1));
#1105=DIRECTION('',(6.091822293793E-7,-1.045284632659E-1,9.945218953683E-1));
#1106=AXIS2_PLACEMENT_3D('',#1103,#1104,#1105);
#1107=PLANE('',#1106);
#1109=ORIENTED_EDGE('',*,*,#1108,.T.);
#1110=ORIENTED_EDGE('',*,*,#1088,.T.);
#1112=ORIENTED_EDGE('',*,*,#1111,.T.);
#1114=ORIENTED_EDGE('',*,*,#1113,.T.);
#1116=ORIENTED_EDGE('',*,*,#1115,.T.);
#1117=EDGE_LOOP('',(#1109,#1110,#1112,#1114,#1116));
#1118=FACE_OUTER_BOUND('',#1117,.F.);
#1119=ADVANCED_FACE('',(#1118),#1107,.T.);
#1120=CARTESIAN_POINT('',(6.067888703184E1,1.366879983256E1,4.362930622305E2));
#1121=DIRECTION('',(-5.739368624690E-6,9.848077529955E-1,-1.736481776669E-1));
#1122=DIRECTION('',(-1.012005540764E-6,1.736481776640E-1,9.848077530122E-1));
#1123=AXIS2_PLACEMENT_3D('',#1120,#1121,#1122);
#1124=PLANE('',#1123);
#1125=ORIENTED_EDGE('',*,*,#1108,.F.);
#1127=ORIENTED_EDGE('',*,*,#1126,.T.);
#1129=ORIENTED_EDGE('',*,*,#1128,.T.);
#1131=ORIENTED_EDGE('',*,*,#1130,.T.);
#1133=ORIENTED_EDGE('',*,*,#1132,.T.);
#1135=ORIENTED_EDGE('',*,*,#1134,.T.);
#1137=ORIENTED_EDGE('',*,*,#1136,.F.);
#1139=ORIENTED_EDGE('',*,*,#1138,.T.);
#1140=ORIENTED_EDGE('',*,*,#1063,.T.);
#1141=ORIENTED_EDGE('',*,*,#1077,.T.);
#1142=EDGE_LOOP('',(#1125,#1127,#1129,#1131,#1133,#1135,#1137,#1139,#1140,
#1141));
#1143=FACE_OUTER_BOUND('',#1142,.F.);
#1144=ADVANCED_FACE('',(#1143),#1124,.T.);
#1145=CARTESIAN_POINT('',(4.076768674682E1,2.019109053589E1,4.327455362721E2));
#1146=DIRECTION('',(-1.E0,-3.550203867564E-9,-2.033910433576E-7));
#1147=DIRECTION('',(-3.550203867564E-9,-9.993908270191E-1,3.489949670191E-2));
#1148=AXIS2_PLACEMENT_3D('',#1145,#1146,#1147);
#1149=PLANE('',#1148);
#1150=ORIENTED_EDGE('',*,*,#1115,.F.);
#1152=ORIENTED_EDGE('',*,*,#1151,.F.);
#1153=ORIENTED_EDGE('',*,*,#1126,.F.);
#1154=EDGE_LOOP('',(#1150,#1152,#1153));
#1155=FACE_OUTER_BOUND('',#1154,.F.);
#1156=ADVANCED_FACE('',(#1155),#1149,.T.);
#1157=CARTESIAN_POINT('',(4.076768474471E1,2.803462923330E1,4.345079855810E2));
#1158=DIRECTION('',(-9.999999999998E-1,-3.192588781831E-8,6.091822293293E-7));
#1159=DIRECTION('',(-3.192588781629E-8,-9.945218953685E-1,-1.045284632659E-1));
#1160=AXIS2_PLACEMENT_3D('',#1157,#1158,#1159);
#1161=PLANE('',#1160);
#1163=ORIENTED_EDGE('',*,*,#1162,.F.);
#1165=ORIENTED_EDGE('',*,*,#1164,.T.);
#1167=ORIENTED_EDGE('',*,*,#1166,.F.);
#1169=ORIENTED_EDGE('',*,*,#1168,.F.);
#1171=ORIENTED_EDGE('',*,*,#1170,.F.);
#1173=ORIENTED_EDGE('',*,*,#1172,.F.);
#1175=ORIENTED_EDGE('',*,*,#1174,.F.);
#1176=ORIENTED_EDGE('',*,*,#1128,.F.);
#1177=ORIENTED_EDGE('',*,*,#1151,.T.);
#1178=ORIENTED_EDGE('',*,*,#1113,.F.);
#1180=ORIENTED_EDGE('',*,*,#1179,.T.);
#1181=EDGE_LOOP('',(#1163,#1165,#1167,#1169,#1171,#1173,#1175,#1176,#1177,#1178,
#1180));
#1182=FACE_OUTER_BOUND('',#1181,.F.);
#1183=ADVANCED_FACE('',(#1182),#1161,.T.);
#1184=CARTESIAN_POINT('',(4.076768474471E1,2.803462923330E1,4.345079855810E2));
#1185=DIRECTION('',(-9.999999999998E-1,-3.192588781831E-8,6.091822293293E-7));
#1186=DIRECTION('',(-3.192588781629E-8,-9.945218953685E-1,-1.045284632659E-1));
#1187=AXIS2_PLACEMENT_3D('',#1184,#1185,#1186);
#1188=PLANE('',#1187);
#1190=ORIENTED_EDGE('',*,*,#1189,.F.);
#1192=ORIENTED_EDGE('',*,*,#1191,.T.);
#1194=ORIENTED_EDGE('',*,*,#1193,.F.);
#1196=ORIENTED_EDGE('',*,*,#1195,.T.);
#1198=ORIENTED_EDGE('',*,*,#1197,.F.);
#1200=ORIENTED_EDGE('',*,*,#1199,.F.);
#1202=ORIENTED_EDGE('',*,*,#1201,.T.);
#1204=ORIENTED_EDGE('',*,*,#1203,.F.);
#1205=EDGE_LOOP('',(#1190,#1192,#1194,#1196,#1198,#1200,#1202,#1204));
#1206=FACE_OUTER_BOUND('',#1205,.F.);
#1207=ADVANCED_FACE('',(#1206),#1188,.T.);
#1208=CARTESIAN_POINT('',(4.076768470658E1,2.054117142138E1,4.322707383686E2));
#1209=DIRECTION('',(-9.999999999998E-1,-3.192588819026E-8,-6.091822293682E-7));
#1210=DIRECTION('',(-3.192588745045E-8,-9.945218953685E-1,1.045284632659E-1));
#1211=AXIS2_PLACEMENT_3D('',#1208,#1209,#1210);
#1212=PLANE('',#1211);
#1213=ORIENTED_EDGE('',*,*,#1162,.T.);
#1215=ORIENTED_EDGE('',*,*,#1214,.T.);
#1216=ORIENTED_EDGE('',*,*,#1193,.T.);
#1217=ORIENTED_EDGE('',*,*,#1191,.F.);
#1219=ORIENTED_EDGE('',*,*,#1218,.F.);
#1220=EDGE_LOOP('',(#1213,#1215,#1216,#1217,#1219));
#1221=FACE_OUTER_BOUND('',#1220,.F.);
#1222=ADVANCED_FACE('',(#1221),#1212,.T.);
#1223=CARTESIAN_POINT('',(4.076768209932E1,2.848854590168E1,4.334817568384E2));
#1224=DIRECTION('',(-1.E0,-3.550204240661E-9,2.033910433187E-7));
#1225=DIRECTION('',(-3.550203493337E-9,-9.993908270191E-1,-3.489949670191E-2));
#1226=AXIS2_PLACEMENT_3D('',#1223,#1224,#1225);
#1227=PLANE('',#1226);
#1228=ORIENTED_EDGE('',*,*,#1179,.F.);
#1230=ORIENTED_EDGE('',*,*,#1229,.F.);
#1231=ORIENTED_EDGE('',*,*,#1195,.F.);
#1232=ORIENTED_EDGE('',*,*,#1214,.F.);
#1233=EDGE_LOOP('',(#1228,#1230,#1231,#1232));
#1234=FACE_OUTER_BOUND('',#1233,.F.);
#1235=ADVANCED_FACE('',(#1234),#1227,.T.);
#1236=CARTESIAN_POINT('',(8.067896307884E1,1.303549156725E1,4.329080529476E2));
#1237=DIRECTION('',(-4.561670599666E-7,7.881982392188E-1,-6.154214293411E-1));
#1238=DIRECTION('',(-9.999999999935E-1,-2.566832417724E-6,-2.546231992171E-6));
#1239=AXIS2_PLACEMENT_3D('',#1236,#1237,#1238);
#1240=PLANE('',#1239);
#1241=ORIENTED_EDGE('',*,*,#1111,.F.);
#1242=ORIENTED_EDGE('',*,*,#1098,.T.);
#1244=ORIENTED_EDGE('',*,*,#1243,.F.);
#1245=ORIENTED_EDGE('',*,*,#1229,.T.);
#1246=EDGE_LOOP('',(#1241,#1242,#1244,#1245));
#1247=FACE_OUTER_BOUND('',#1246,.F.);
#1248=ADVANCED_FACE('',(#1247),#1240,.T.);
#1249=CARTESIAN_POINT('',(6.070431866559E1,2.511630812083E1,4.313822810397E2));
#1250=DIRECTION('',(-8.110879780081E-7,1.391731009577E-1,9.902680687416E-1));
#1251=DIRECTION('',(9.999999999997E-1,5.671679687402E-8,8.110879779565E-7));
#1252=AXIS2_PLACEMENT_3D('',#1249,#1250,#1251);
#1253=PLANE('',#1252);
#1254=ORIENTED_EDGE('',*,*,#1197,.T.);
#1255=ORIENTED_EDGE('',*,*,#1243,.T.);
#1256=ORIENTED_EDGE('',*,*,#1096,.T.);
#1258=ORIENTED_EDGE('',*,*,#1257,.T.);
#1260=ORIENTED_EDGE('',*,*,#1259,.T.);
#1262=ORIENTED_EDGE('',*,*,#1261,.T.);
#1264=ORIENTED_EDGE('',*,*,#1263,.T.);
#1266=ORIENTED_EDGE('',*,*,#1265,.T.);
#1268=ORIENTED_EDGE('',*,*,#1267,.T.);
#1270=ORIENTED_EDGE('',*,*,#1269,.T.);
#1271=EDGE_LOOP('',(#1254,#1255,#1256,#1258,#1260,#1262,#1264,#1266,#1268,
#1270));
#1272=FACE_OUTER_BOUND('',#1271,.F.);
#1273=ADVANCED_FACE('',(#1272),#1253,.F.);
#1274=CARTESIAN_POINT('',(6.067897220231E1,-2.728524553770E0,4.452164306097E2));
#1275=DIRECTION('',(-3.586619248267E-6,6.154214293359E-1,7.881982392148E-1));
#1276=DIRECTION('',(-9.999999999935E-1,-2.566832417721E-6,-2.546231992174E-6));
#1277=AXIS2_PLACEMENT_3D('',#1274,#1275,#1276);
#1278=PLANE('',#1277);
#1279=ORIENTED_EDGE('',*,*,#1257,.F.);
#1280=ORIENTED_EDGE('',*,*,#1094,.T.);
#1282=ORIENTED_EDGE('',*,*,#1281,.T.);
#1284=ORIENTED_EDGE('',*,*,#1283,.T.);
#1285=EDGE_LOOP('',(#1279,#1280,#1282,#1284));
#1286=FACE_OUTER_BOUND('',#1285,.F.);
#1288=ORIENTED_EDGE('',*,*,#1287,.T.);
#1289=ORIENTED_EDGE('',*,*,#983,.T.);
#1291=ORIENTED_EDGE('',*,*,#1290,.T.);
#1293=ORIENTED_EDGE('',*,*,#1292,.T.);
#1295=ORIENTED_EDGE('',*,*,#1294,.T.);
#1297=ORIENTED_EDGE('',*,*,#1296,.T.);
#1299=ORIENTED_EDGE('',*,*,#1298,.T.);
#1301=ORIENTED_EDGE('',*,*,#1300,.T.);
#1303=ORIENTED_EDGE('',*,*,#1302,.T.);
#1305=ORIENTED_EDGE('',*,*,#1304,.T.);
#1307=ORIENTED_EDGE('',*,*,#1306,.T.);
#1309=ORIENTED_EDGE('',*,*,#1308,.T.);
#1310=EDGE_LOOP('',(#1288,#1289,#1291,#1293,#1295,#1297,#1299,#1301,#1303,#1305,
#1307,#1309));
#1311=FACE_BOUND('',#1310,.F.);
#1313=ORIENTED_EDGE('',*,*,#1312,.F.);
#1315=ORIENTED_EDGE('',*,*,#1314,.F.);
#1316=EDGE_LOOP('',(#1313,#1315));
#1317=FACE_BOUND('',#1316,.F.);
#1319=ORIENTED_EDGE('',*,*,#1318,.F.);
#1321=ORIENTED_EDGE('',*,*,#1320,.F.);
#1322=EDGE_LOOP('',(#1319,#1321));
#1323=FACE_BOUND('',#1322,.F.);
#1325=ORIENTED_EDGE('',*,*,#1324,.F.);
#1327=ORIENTED_EDGE('',*,*,#1326,.F.);
#1328=EDGE_LOOP('',(#1325,#1327));
#1329=FACE_BOUND('',#1328,.F.);
#1331=ORIENTED_EDGE('',*,*,#1330,.F.);
#1333=ORIENTED_EDGE('',*,*,#1332,.F.);
#1334=EDGE_LOOP('',(#1331,#1333));
#1335=FACE_BOUND('',#1334,.F.);
#1336=ADVANCED_FACE('',(#1286,#1311,#1317,#1323,#1329,#1335),#1278,.F.);
#1337=CARTESIAN_POINT('',(4.067898132579E1,-1.849254067479E1,4.575248082719E2));
#1338=DIRECTION('',(4.561670599666E-7,-7.881982392188E-1,6.154214293411E-1));
#1339=DIRECTION('',(9.999999999935E-1,2.566832417724E-6,2.546231992171E-6));
#1340=AXIS2_PLACEMENT_3D('',#1337,#1338,#1339);
#1341=PLANE('',#1340);
#1342=ORIENTED_EDGE('',*,*,#1281,.F.);
#1343=ORIENTED_EDGE('',*,*,#1092,.F.);
#1344=ORIENTED_EDGE('',*,*,#999,.F.);
#1346=ORIENTED_EDGE('',*,*,#1345,.T.);
#1347=EDGE_LOOP('',(#1342,#1343,#1344,#1346));
#1348=FACE_OUTER_BOUND('',#1347,.F.);
#1349=ADVANCED_FACE('',(#1348),#1341,.T.);
#1350=CARTESIAN_POINT('',(8.067898132552E1,-1.849243800150E1,4.575249101212E2));
#1351=DIRECTION('',(9.999999999935E-1,2.566832417721E-6,2.546231992173E-6));
#1352=DIRECTION('',(-4.561670599631E-7,7.881982392188E-1,-6.154214293411E-1));
#1353=AXIS2_PLACEMENT_3D('',#1350,#1351,#1352);
#1354=PLANE('',#1353);
#1355=ORIENTED_EDGE('',*,*,#997,.F.);
#1357=ORIENTED_EDGE('',*,*,#1356,.F.);
#1359=ORIENTED_EDGE('',*,*,#1358,.F.);
#1361=ORIENTED_EDGE('',*,*,#1360,.T.);
#1362=ORIENTED_EDGE('',*,*,#1259,.F.);
#1363=ORIENTED_EDGE('',*,*,#1283,.F.);
#1364=ORIENTED_EDGE('',*,*,#1345,.F.);
#1365=EDGE_LOOP('',(#1355,#1357,#1359,#1361,#1362,#1363,#1364));
#1366=FACE_OUTER_BOUND('',#1365,.F.);
#1367=ADVANCED_FACE('',(#1366),#1354,.T.);
#1368=CARTESIAN_POINT('',(8.067896761524E1,-1.613991550305E1,4.607116502979E2));
#1369=DIRECTION('',(9.999999999918E-1,2.850850645873E-6,2.873158648194E-6));
#1370=DIRECTION('',(-5.609933279606E-8,7.195513505240E-1,-6.944392370532E-1));
#1371=AXIS2_PLACEMENT_3D('',#1368,#1369,#1370);
#1372=PLANE('',#1371);
#1373=ORIENTED_EDGE('',*,*,#1356,.T.);
#1374=ORIENTED_EDGE('',*,*,#1065,.F.);
#1375=ORIENTED_EDGE('',*,*,#1138,.F.);
#1376=EDGE_LOOP('',(#1373,#1374,#1375));
#1377=FACE_OUTER_BOUND('',#1376,.F.);
#1378=ADVANCED_FACE('',(#1377),#1372,.T.);
#1379=CARTESIAN_POINT('',(6.067889030510E1,1.285143708856E1,4.389152920256E2));
#1380=DIRECTION('',(-5.795981749484E-6,9.945218953514E-1,1.045284632677E-1));
#1381=DIRECTION('',(6.091822293793E-7,-1.045284632659E-1,9.945218953683E-1));
#1382=AXIS2_PLACEMENT_3D('',#1379,#1380,#1381);
#1383=PLANE('',#1382);
#1384=ORIENTED_EDGE('',*,*,#1136,.T.);
#1386=ORIENTED_EDGE('',*,*,#1385,.T.);
#1388=ORIENTED_EDGE('',*,*,#1387,.T.);
#1390=ORIENTED_EDGE('',*,*,#1389,.T.);
#1391=ORIENTED_EDGE('',*,*,#1358,.T.);
#1392=EDGE_LOOP('',(#1384,#1386,#1388,#1390,#1391));
#1393=FACE_OUTER_BOUND('',#1392,.F.);
#1394=ADVANCED_FACE('',(#1393),#1383,.T.);
#1395=CARTESIAN_POINT('',(8.064095251631E1,4.710026060027E0,4.332861550709E2));
#1396=DIRECTION('',(1.E0,3.550205013605E-9,2.033910433176E-7));
#1397=DIRECTION('',(3.550202720825E-9,9.993908270191E-1,-3.489949670191E-2));
#1398=AXIS2_PLACEMENT_3D('',#1395,#1396,#1397);
#1399=PLANE('',#1398);
#1400=ORIENTED_EDGE('',*,*,#1385,.F.);
#1401=ORIENTED_EDGE('',*,*,#1134,.F.);
#1403=ORIENTED_EDGE('',*,*,#1402,.F.);
#1404=EDGE_LOOP('',(#1400,#1401,#1403));
#1405=FACE_OUTER_BOUND('',#1404,.F.);
#1406=ADVANCED_FACE('',(#1405),#1399,.T.);
#1407=CARTESIAN_POINT('',(8.064095193658E1,4.509499285926E0,4.329849723660E2));
#1408=DIRECTION('',(1.E0,0.E0,0.E0));
#1409=DIRECTION('',(0.E0,1.E0,0.E0));
#1410=AXIS2_PLACEMENT_3D('',#1407,#1408,#1409);
#1411=PLANE('',#1410);
#1413=ORIENTED_EDGE('',*,*,#1412,.T.);
#1415=ORIENTED_EDGE('',*,*,#1414,.F.);
#1417=ORIENTED_EDGE('',*,*,#1416,.T.);
#1418=ORIENTED_EDGE('',*,*,#1387,.F.);
#1419=ORIENTED_EDGE('',*,*,#1402,.T.);
#1420=ORIENTED_EDGE('',*,*,#1132,.F.);
#1422=ORIENTED_EDGE('',*,*,#1421,.F.);
#1424=ORIENTED_EDGE('',*,*,#1423,.F.);
#1426=ORIENTED_EDGE('',*,*,#1425,.F.);
#1428=ORIENTED_EDGE('',*,*,#1427,.F.);
#1430=ORIENTED_EDGE('',*,*,#1429,.F.);
#1431=EDGE_LOOP('',(#1413,#1415,#1417,#1418,#1419,#1420,#1422,#1424,#1426,#1428,
#1430));
#1432=FACE_OUTER_BOUND('',#1431,.F.);
#1433=ADVANCED_FACE('',(#1432),#1411,.T.);
#1434=CARTESIAN_POINT('',(8.064095193658E1,4.509499285926E0,4.329849723660E2));
#1435=DIRECTION('',(1.E0,0.E0,0.E0));
#1436=DIRECTION('',(0.E0,1.E0,0.E0));
#1437=AXIS2_PLACEMENT_3D('',#1434,#1435,#1436);
#1438=PLANE('',#1437);
#1440=ORIENTED_EDGE('',*,*,#1439,.T.);
#1442=ORIENTED_EDGE('',*,*,#1441,.F.);
#1443=ORIENTED_EDGE('',*,*,#1263,.F.);
#1445=ORIENTED_EDGE('',*,*,#1444,.T.);
#1447=ORIENTED_EDGE('',*,*,#1446,.F.);
#1449=ORIENTED_EDGE('',*,*,#1448,.T.);
#1451=ORIENTED_EDGE('',*,*,#1450,.F.);
#1453=ORIENTED_EDGE('',*,*,#1452,.F.);
#1454=EDGE_LOOP('',(#1440,#1442,#1443,#1445,#1447,#1449,#1451,#1453));
#1455=FACE_OUTER_BOUND('',#1454,.F.);
#1456=ADVANCED_FACE('',(#1455),#1438,.T.);
#1457=CARTESIAN_POINT('',(8.064095251631E1,4.710026060027E0,4.332861550709E2));
#1458=DIRECTION('',(1.E0,3.550205013605E-9,2.033910433176E-7));
#1459=DIRECTION('',(3.550202720825E-9,9.993908270191E-1,-3.489949670191E-2));
#1460=AXIS2_PLACEMENT_3D('',#1457,#1458,#1459);
#1461=PLANE('',#1460);
#1462=ORIENTED_EDGE('',*,*,#1450,.T.);
#1464=ORIENTED_EDGE('',*,*,#1463,.T.);
#1465=ORIENTED_EDGE('',*,*,#1412,.F.);
#1467=ORIENTED_EDGE('',*,*,#1466,.F.);
#1468=EDGE_LOOP('',(#1462,#1464,#1465,#1467));
#1469=FACE_OUTER_BOUND('',#1468,.F.);
#1470=ADVANCED_FACE('',(#1469),#1461,.T.);
#1471=CARTESIAN_POINT('',(8.064095003651E1,5.135530267608E0,4.338899609247E2));
#1472=DIRECTION('',(9.999999999998E-1,3.192588933072E-8,6.091822292484E-7));
#1473=DIRECTION('',(3.192588630371E-8,9.945218953685E-1,-1.045284632659E-1));
#1474=AXIS2_PLACEMENT_3D('',#1471,#1472,#1473);
#1475=PLANE('',#1474);
#1477=ORIENTED_EDGE('',*,*,#1476,.T.);
#1478=ORIENTED_EDGE('',*,*,#1414,.T.);
#1479=ORIENTED_EDGE('',*,*,#1463,.F.);
#1480=ORIENTED_EDGE('',*,*,#1448,.F.);
#1481=ORIENTED_EDGE('',*,*,#1446,.T.);
#1482=EDGE_LOOP('',(#1477,#1478,#1479,#1480,#1481));
#1483=FACE_OUTER_BOUND('',#1482,.F.);
#1484=ADVANCED_FACE('',(#1483),#1475,.T.);
#1485=CARTESIAN_POINT('',(8.064094786881E1,1.300748142582E1,4.329411380396E2));
#1486=DIRECTION('',(1.E0,3.550205386702E-9,-2.033910432786E-7));
#1487=DIRECTION('',(3.550202346597E-9,9.993908270191E-1,3.489949670191E-2));
#1488=AXIS2_PLACEMENT_3D('',#1485,#1486,#1487);
#1489=PLANE('',#1488);
#1490=ORIENTED_EDGE('',*,*,#1416,.F.);
#1491=ORIENTED_EDGE('',*,*,#1476,.F.);
#1492=ORIENTED_EDGE('',*,*,#1444,.F.);
#1494=ORIENTED_EDGE('',*,*,#1493,.F.);
#1495=EDGE_LOOP('',(#1490,#1491,#1492,#1494));
#1496=FACE_OUTER_BOUND('',#1495,.F.);
#1497=ADVANCED_FACE('',(#1496),#1489,.T.);
#1498=CARTESIAN_POINT('',(8.067896307884E1,1.303549156725E1,4.329080529476E2));
#1499=DIRECTION('',(-4.561670599666E-7,7.881982392188E-1,-6.154214293411E-1));
#1500=DIRECTION('',(-9.999999999935E-1,-2.566832417724E-6,-2.546231992171E-6));
#1501=AXIS2_PLACEMENT_3D('',#1498,#1499,#1500);
#1502=PLANE('',#1501);
#1503=ORIENTED_EDGE('',*,*,#1389,.F.);
#1504=ORIENTED_EDGE('',*,*,#1493,.T.);
#1505=ORIENTED_EDGE('',*,*,#1261,.F.);
#1506=ORIENTED_EDGE('',*,*,#1360,.F.);
#1507=EDGE_LOOP('',(#1503,#1504,#1505,#1506));
#1508=FACE_OUTER_BOUND('',#1507,.F.);
#1509=ADVANCED_FACE('',(#1508),#1502,.T.);
#1510=CARTESIAN_POINT('',(6.070431902434E1,2.425474979197E1,4.329849723660E2));
#1511=DIRECTION('',(0.E0,0.E0,1.E0));
#1512=DIRECTION('',(1.E0,0.E0,0.E0));
#1513=AXIS2_PLACEMENT_3D('',#1510,#1511,#1512);
#1514=PLANE('',#1513);
#1516=ORIENTED_EDGE('',*,*,#1515,.T.);
#1518=ORIENTED_EDGE('',*,*,#1517,.T.);
#1520=ORIENTED_EDGE('',*,*,#1519,.T.);
#1522=ORIENTED_EDGE('',*,*,#1521,.T.);
#1524=ORIENTED_EDGE('',*,*,#1523,.T.);
#1526=ORIENTED_EDGE('',*,*,#1525,.F.);
#1527=ORIENTED_EDGE('',*,*,#1166,.T.);
#1529=ORIENTED_EDGE('',*,*,#1528,.T.);
#1530=ORIENTED_EDGE('',*,*,#1203,.T.);
#1532=ORIENTED_EDGE('',*,*,#1531,.T.);
#1533=ORIENTED_EDGE('',*,*,#1452,.T.);
#1534=ORIENTED_EDGE('',*,*,#1466,.T.);
#1535=ORIENTED_EDGE('',*,*,#1429,.T.);
#1537=ORIENTED_EDGE('',*,*,#1536,.F.);
#1539=ORIENTED_EDGE('',*,*,#1538,.T.);
#1541=ORIENTED_EDGE('',*,*,#1540,.T.);
#1542=EDGE_LOOP('',(#1516,#1518,#1520,#1522,#1524,#1526,#1527,#1529,#1530,#1532,
#1533,#1534,#1535,#1537,#1539,#1541));
#1543=FACE_OUTER_BOUND('',#1542,.F.);
#1544=ADVANCED_FACE('',(#1543),#1514,.F.);
#1545=CARTESIAN_POINT('',(7.299991186543E1,1.546604051525E1,4.359849723660E2));
#1546=DIRECTION('',(1.E0,0.E0,0.E0));
#1547=DIRECTION('',(0.E0,0.E0,-1.E0));
#1548=AXIS2_PLACEMENT_3D('',#1545,#1546,#1547);
#1549=PLANE('',#1548);
#1550=ORIENTED_EDGE('',*,*,#1515,.F.);
#1552=ORIENTED_EDGE('',*,*,#1551,.F.);
#1554=ORIENTED_EDGE('',*,*,#1553,.T.);
#1556=ORIENTED_EDGE('',*,*,#1555,.T.);
#1557=EDGE_LOOP('',(#1550,#1552,#1554,#1556));
#1558=FACE_OUTER_BOUND('',#1557,.F.);
#1559=ADVANCED_FACE('',(#1558),#1549,.T.);
#1560=CARTESIAN_POINT('',(6.769991186543E1,1.546604051525E1,4.359849723660E2));
#1561=DIRECTION('',(0.E0,-1.E0,0.E0));
#1562=DIRECTION('',(-1.E0,0.E0,0.E0));
#1563=AXIS2_PLACEMENT_3D('',#1560,#1561,#1562);
#1564=PLANE('',#1563);
#1565=ORIENTED_EDGE('',*,*,#1551,.T.);
#1566=ORIENTED_EDGE('',*,*,#1540,.F.);
#1568=ORIENTED_EDGE('',*,*,#1567,.F.);
#1570=ORIENTED_EDGE('',*,*,#1569,.T.);
#1571=EDGE_LOOP('',(#1565,#1566,#1568,#1570));
#1572=FACE_OUTER_BOUND('',#1571,.F.);
#1573=ADVANCED_FACE('',(#1572),#1564,.T.);
#1574=CARTESIAN_POINT('',(7.549991186543E1,1.816604051525E1,4.359849723660E2));
#1575=DIRECTION('',(1.E0,0.E0,0.E0));
#1576=DIRECTION('',(0.E0,0.E0,-1.E0));
#1577=AXIS2_PLACEMENT_3D('',#1574,#1575,#1576);
#1578=PLANE('',#1577);
#1579=ORIENTED_EDGE('',*,*,#1538,.F.);
#1581=ORIENTED_EDGE('',*,*,#1580,.F.);
#1583=ORIENTED_EDGE('',*,*,#1582,.F.);
#1585=ORIENTED_EDGE('',*,*,#1584,.F.);
#1587=ORIENTED_EDGE('',*,*,#1586,.T.);
#1588=ORIENTED_EDGE('',*,*,#1567,.T.);
#1589=EDGE_LOOP('',(#1579,#1581,#1583,#1585,#1587,#1588));
#1590=FACE_OUTER_BOUND('',#1589,.F.);
#1591=ADVANCED_FACE('',(#1590),#1578,.T.);
#1592=CARTESIAN_POINT('',(8.064095193658E1,1.764069344360E1,4.329849723660E2));
#1593=DIRECTION('',(0.E0,-4.163054471213E-2,-9.991330730924E-1));
#1594=DIRECTION('',(-1.E0,0.E0,0.E0));
#1595=AXIS2_PLACEMENT_3D('',#1592,#1593,#1594);
#1596=PLANE('',#1595);
#1597=ORIENTED_EDGE('',*,*,#1536,.T.);
#1598=ORIENTED_EDGE('',*,*,#1427,.T.);
#1600=ORIENTED_EDGE('',*,*,#1599,.F.);
#1601=ORIENTED_EDGE('',*,*,#1580,.T.);
#1602=EDGE_LOOP('',(#1597,#1598,#1600,#1601));
#1603=FACE_OUTER_BOUND('',#1602,.F.);
#1604=ADVANCED_FACE('',(#1603),#1596,.T.);
#1605=CARTESIAN_POINT('',(6.067897304426E1,1.980444974132E1,4.368734749133E2));
#1606=DIRECTION('',(0.E0,9.991330730924E-1,-4.163054471213E-2));
#1607=DIRECTION('',(0.E0,4.163054471213E-2,9.991330730924E-1));
#1608=AXIS2_PLACEMENT_3D('',#1605,#1606,#1607);
#1609=PLANE('',#1608);
#1610=ORIENTED_EDGE('',*,*,#1599,.T.);
#1611=ORIENTED_EDGE('',*,*,#1425,.T.);
#1613=ORIENTED_EDGE('',*,*,#1612,.T.);
#1614=ORIENTED_EDGE('',*,*,#1170,.T.);
#1616=ORIENTED_EDGE('',*,*,#1615,.T.);
#1618=ORIENTED_EDGE('',*,*,#1617,.T.);
#1620=ORIENTED_EDGE('',*,*,#1619,.T.);
#1621=ORIENTED_EDGE('',*,*,#1582,.T.);
#1622=EDGE_LOOP('',(#1610,#1611,#1613,#1614,#1616,#1618,#1620,#1621));
#1623=FACE_OUTER_BOUND('',#1622,.F.);
#1624=ADVANCED_FACE('',(#1623),#1609,.T.);
#1625=CARTESIAN_POINT('',(4.076768611210E1,1.776569344360E1,4.359849723660E2));
#1626=DIRECTION('',(0.E0,4.163054471213E-2,9.991330730924E-1));
#1627=DIRECTION('',(1.E0,0.E0,0.E0));
#1628=AXIS2_PLACEMENT_3D('',#1625,#1626,#1627);
#1629=PLANE('',#1628);
#1631=ORIENTED_EDGE('',*,*,#1630,.F.);
#1632=ORIENTED_EDGE('',*,*,#1172,.T.);
#1633=ORIENTED_EDGE('',*,*,#1612,.F.);
#1634=ORIENTED_EDGE('',*,*,#1423,.T.);
#1635=EDGE_LOOP('',(#1631,#1632,#1633,#1634));
#1636=FACE_OUTER_BOUND('',#1635,.F.);
#1637=ADVANCED_FACE('',(#1636),#1629,.T.);
#1638=CARTESIAN_POINT('',(6.070431902434E1,1.225474979197E1,4.359849723660E2));
#1639=DIRECTION('',(0.E0,0.E0,1.E0));
#1640=DIRECTION('',(1.E0,0.E0,0.E0));
#1641=AXIS2_PLACEMENT_3D('',#1638,#1639,#1640);
#1642=PLANE('',#1641);
#1643=ORIENTED_EDGE('',*,*,#1130,.F.);
#1644=ORIENTED_EDGE('',*,*,#1174,.T.);
#1645=ORIENTED_EDGE('',*,*,#1630,.T.);
#1646=ORIENTED_EDGE('',*,*,#1421,.T.);
#1647=EDGE_LOOP('',(#1643,#1644,#1645,#1646));
#1648=FACE_OUTER_BOUND('',#1647,.F.);
#1649=ADVANCED_FACE('',(#1648),#1642,.T.);
#1650=CARTESIAN_POINT('',(4.449991186543E1,1.764069344360E1,4.329849723660E2));
#1651=DIRECTION('',(0.E0,-4.163054471213E-2,-9.991330730924E-1));
#1652=DIRECTION('',(-1.E0,0.E0,0.E0));
#1653=AXIS2_PLACEMENT_3D('',#1650,#1651,#1652);
#1654=PLANE('',#1653);
#1655=ORIENTED_EDGE('',*,*,#1525,.T.);
#1657=ORIENTED_EDGE('',*,*,#1656,.T.);
#1658=ORIENTED_EDGE('',*,*,#1615,.F.);
#1659=ORIENTED_EDGE('',*,*,#1168,.T.);
#1660=EDGE_LOOP('',(#1655,#1657,#1658,#1659));
#1661=FACE_OUTER_BOUND('',#1660,.F.);
#1662=ADVANCED_FACE('',(#1661),#1654,.T.);
#1663=CARTESIAN_POINT('',(4.449991186543E1,1.546604051525E1,4.359849723660E2));
#1664=DIRECTION('',(-1.E0,0.E0,0.E0));
#1665=DIRECTION('',(0.E0,0.E0,1.E0));
#1666=AXIS2_PLACEMENT_3D('',#1663,#1664,#1665);
#1667=PLANE('',#1666);
#1669=ORIENTED_EDGE('',*,*,#1668,.T.);
#1671=ORIENTED_EDGE('',*,*,#1670,.F.);
#1672=ORIENTED_EDGE('',*,*,#1617,.F.);
#1673=ORIENTED_EDGE('',*,*,#1656,.F.);
#1674=ORIENTED_EDGE('',*,*,#1523,.F.);
#1676=ORIENTED_EDGE('',*,*,#1675,.T.);
#1677=EDGE_LOOP('',(#1669,#1671,#1672,#1673,#1674,#1676));
#1678=FACE_OUTER_BOUND('',#1677,.F.);
#1679=ADVANCED_FACE('',(#1678),#1667,.T.);
#1680=CARTESIAN_POINT('',(5.999991186543E1,1.566604051525E1,4.149849723660E2));
#1681=DIRECTION('',(0.E0,0.E0,-1.E0));
#1682=DIRECTION('',(-1.E0,0.E0,0.E0));
#1683=AXIS2_PLACEMENT_3D('',#1680,#1681,#1682);
#1684=PLANE('',#1683);
#1685=ORIENTED_EDGE('',*,*,#1553,.F.);
#1686=ORIENTED_EDGE('',*,*,#1569,.F.);
#1687=ORIENTED_EDGE('',*,*,#1586,.F.);
#1689=ORIENTED_EDGE('',*,*,#1688,.T.);
#1690=ORIENTED_EDGE('',*,*,#1668,.F.);
#1692=ORIENTED_EDGE('',*,*,#1691,.T.);
#1694=ORIENTED_EDGE('',*,*,#1693,.F.);
#1696=ORIENTED_EDGE('',*,*,#1695,.F.);
#1697=EDGE_LOOP('',(#1685,#1686,#1687,#1689,#1690,#1692,#1694,#1696));
#1698=FACE_OUTER_BOUND('',#1697,.F.);
#1699=ADVANCED_FACE('',(#1698),#1684,.T.);
#1700=CARTESIAN_POINT('',(7.549991186543E1,1.689069344360E1,4.149849723660E2));
#1701=DIRECTION('',(0.E0,-4.163054471213E-2,-9.991330730924E-1));
#1702=DIRECTION('',(-1.E0,0.E0,0.E0));
#1703=AXIS2_PLACEMENT_3D('',#1700,#1701,#1702);
#1704=PLANE('',#1703);
#1705=ORIENTED_EDGE('',*,*,#1688,.F.);
#1706=ORIENTED_EDGE('',*,*,#1584,.T.);
#1707=ORIENTED_EDGE('',*,*,#1619,.F.);
#1708=ORIENTED_EDGE('',*,*,#1670,.T.);
#1709=EDGE_LOOP('',(#1705,#1706,#1707,#1708));
#1710=FACE_OUTER_BOUND('',#1709,.F.);
#1711=ADVANCED_FACE('',(#1710),#1704,.T.);
#1712=CARTESIAN_POINT('',(5.249991186543E1,1.546604051525E1,4.149849723660E2));
#1713=DIRECTION('',(0.E0,-1.E0,0.E0));
#1714=DIRECTION('',(0.E0,0.E0,1.E0));
#1715=AXIS2_PLACEMENT_3D('',#1712,#1713,#1714);
#1716=PLANE('',#1715);
#1718=ORIENTED_EDGE('',*,*,#1717,.F.);
#1719=ORIENTED_EDGE('',*,*,#1691,.F.);
#1720=ORIENTED_EDGE('',*,*,#1675,.F.);
#1721=ORIENTED_EDGE('',*,*,#1521,.F.);
#1722=EDGE_LOOP('',(#1718,#1719,#1720,#1721));
#1723=FACE_OUTER_BOUND('',#1722,.F.);
#1724=ADVANCED_FACE('',(#1723),#1716,.T.);
#1725=CARTESIAN_POINT('',(4.699999877512E1,1.316604051525E1,4.359849723660E2));
#1726=DIRECTION('',(-1.E0,0.E0,0.E0));
#1727=DIRECTION('',(0.E0,0.E0,1.E0));
#1728=AXIS2_PLACEMENT_3D('',#1725,#1726,#1727);
#1729=PLANE('',#1728);
#1730=ORIENTED_EDGE('',*,*,#1519,.F.);
#1732=ORIENTED_EDGE('',*,*,#1731,.T.);
#1733=ORIENTED_EDGE('',*,*,#1693,.T.);
#1734=ORIENTED_EDGE('',*,*,#1717,.T.);
#1735=EDGE_LOOP('',(#1730,#1732,#1733,#1734));
#1736=FACE_OUTER_BOUND('',#1735,.F.);
#1737=ADVANCED_FACE('',(#1736),#1729,.T.);
#1738=CARTESIAN_POINT('',(6.499991186543E1,1.316604051525E1,4.179849723660E2));
#1739=DIRECTION('',(0.E0,-1.E0,0.E0));
#1740=DIRECTION('',(-1.E0,0.E0,0.E0));
#1741=AXIS2_PLACEMENT_3D('',#1738,#1739,#1740);
#1742=PLANE('',#1741);
#1743=ORIENTED_EDGE('',*,*,#1517,.F.);
#1744=ORIENTED_EDGE('',*,*,#1555,.F.);
#1745=ORIENTED_EDGE('',*,*,#1695,.T.);
#1746=ORIENTED_EDGE('',*,*,#1731,.F.);
#1747=EDGE_LOOP('',(#1743,#1744,#1745,#1746));
#1748=FACE_OUTER_BOUND('',#1747,.F.);
#1749=ADVANCED_FACE('',(#1748),#1742,.T.);
#1750=CARTESIAN_POINT('',(4.076768674682E1,2.019109053589E1,4.327455362721E2));
#1751=DIRECTION('',(-1.E0,-3.550203867564E-9,-2.033910433576E-7));
#1752=DIRECTION('',(-3.550203867564E-9,-9.993908270191E-1,3.489949670191E-2));
#1753=AXIS2_PLACEMENT_3D('',#1750,#1751,#1752);
#1754=PLANE('',#1753);
#1755=ORIENTED_EDGE('',*,*,#1528,.F.);
#1756=ORIENTED_EDGE('',*,*,#1164,.F.);
#1757=ORIENTED_EDGE('',*,*,#1218,.T.);
#1758=ORIENTED_EDGE('',*,*,#1189,.T.);
#1759=EDGE_LOOP('',(#1755,#1756,#1757,#1758));
#1760=FACE_OUTER_BOUND('',#1759,.F.);
#1761=ADVANCED_FACE('',(#1760),#1754,.T.);
#1762=CARTESIAN_POINT('',(6.067888954823E1,1.308701913969E1,4.357751261783E2));
#1763=DIRECTION('',(-5.827907636932E-6,9.999999999830E-1,0.E0));
#1764=DIRECTION('',(0.E0,0.E0,1.E0));
#1765=AXIS2_PLACEMENT_3D('',#1762,#1763,#1764);
#1766=PLANE('',#1765);
#1767=ORIENTED_EDGE('',*,*,#1267,.F.);
#1769=ORIENTED_EDGE('',*,*,#1768,.F.);
#1770=ORIENTED_EDGE('',*,*,#1439,.F.);
#1771=ORIENTED_EDGE('',*,*,#1531,.F.);
#1772=ORIENTED_EDGE('',*,*,#1201,.F.);
#1774=ORIENTED_EDGE('',*,*,#1773,.F.);
#1775=EDGE_LOOP('',(#1767,#1769,#1770,#1771,#1772,#1774));
#1776=FACE_OUTER_BOUND('',#1775,.F.);
#1777=ADVANCED_FACE('',(#1776),#1766,.F.);
#1778=CARTESIAN_POINT('',(8.064095014018E1,1.261774015157E1,4.329699124981E2));
#1779=DIRECTION('',(9.999999999999E-1,1.419649124171E-8,4.065342860036E-7));
#1780=DIRECTION('',(1.419648894465E-8,9.975640502599E-1,-6.975647374294E-2));
#1781=AXIS2_PLACEMENT_3D('',#1778,#1779,#1780);
#1782=PLANE('',#1781);
#1783=ORIENTED_EDGE('',*,*,#1265,.F.);
#1784=ORIENTED_EDGE('',*,*,#1441,.T.);
#1785=ORIENTED_EDGE('',*,*,#1768,.T.);
#1786=EDGE_LOOP('',(#1783,#1784,#1785));
#1787=FACE_OUTER_BOUND('',#1786,.F.);
#1788=ADVANCED_FACE('',(#1787),#1782,.T.);
#1789=CARTESIAN_POINT('',(4.076768453562E1,2.807050651569E1,4.318893335611E2));
#1790=DIRECTION('',(-9.999999999999E-1,-1.419649009776E-8,-4.065342860835E-7));
#1791=DIRECTION('',(-1.419649009139E-8,-9.975640502599E-1,6.975647374294E-2));
#1792=AXIS2_PLACEMENT_3D('',#1789,#1790,#1791);
#1793=PLANE('',#1792);
#1794=ORIENTED_EDGE('',*,*,#1269,.F.);
#1795=ORIENTED_EDGE('',*,*,#1773,.T.);
#1796=ORIENTED_EDGE('',*,*,#1199,.T.);
#1797=EDGE_LOOP('',(#1794,#1795,#1796));
#1798=FACE_OUTER_BOUND('',#1797,.F.);
#1799=ADVANCED_FACE('',(#1798),#1793,.T.);
#1800=CARTESIAN_POINT('',(7.667895584910E1,8.576159721162E0,4.401960088783E2));
#1801=DIRECTION('',(9.999999999935E-1,2.566832401980E-6,2.546231973472E-6));
#1802=DIRECTION('',(4.561670590653E-7,-7.881982392188E-1,6.154214293411E-1));
#1803=AXIS2_PLACEMENT_3D('',#1800,#1801,#1802);
#1804=PLANE('',#1803);
#1805=ORIENTED_EDGE('',*,*,#1006,.F.);
#1806=ORIENTED_EDGE('',*,*,#985,.F.);
#1807=ORIENTED_EDGE('',*,*,#1287,.F.);
#1809=ORIENTED_EDGE('',*,*,#1808,.T.);
#1810=EDGE_LOOP('',(#1805,#1806,#1807,#1809));
#1811=FACE_OUTER_BOUND('',#1810,.F.);
#1812=ADVANCED_FACE('',(#1811),#1804,.F.);
#1813=CARTESIAN_POINT('',(7.267884000261E1,8.576136408856E0,4.401960088783E2));
#1814=DIRECTION('',(-4.593546538053E-6,7.881982392014E-1,-6.154214293463E-1));
#1815=DIRECTION('',(9.999999999830E-1,5.827907637334E-6,0.E0));
#1816=AXIS2_PLACEMENT_3D('',#1813,#1814,#1815);
#1817=PLANE('',#1816);
#1818=ORIENTED_EDGE('',*,*,#1008,.F.);
#1819=ORIENTED_EDGE('',*,*,#1808,.F.);
#1820=ORIENTED_EDGE('',*,*,#1308,.F.);
#1822=ORIENTED_EDGE('',*,*,#1821,.T.);
#1823=EDGE_LOOP('',(#1818,#1819,#1820,#1822));
#1824=FACE_OUTER_BOUND('',#1823,.F.);
#1825=ADVANCED_FACE('',(#1824),#1817,.F.);
#1826=CARTESIAN_POINT('',(7.267882162843E1,1.172892936566E1,4.377343231609E2));
#1827=DIRECTION('',(9.999999999830E-1,5.827907622301E-6,-1.925402281458E-14));
#1828=DIRECTION('',(4.593546538053E-6,-7.881982392014E-1,6.154214293463E-1));
#1829=AXIS2_PLACEMENT_3D('',#1826,#1827,#1828);
#1830=PLANE('',#1829);
#1831=ORIENTED_EDGE('',*,*,#1010,.F.);
#1832=ORIENTED_EDGE('',*,*,#1821,.F.);
#1833=ORIENTED_EDGE('',*,*,#1306,.F.);
#1835=ORIENTED_EDGE('',*,*,#1834,.T.);
#1836=EDGE_LOOP('',(#1831,#1832,#1833,#1835));
#1837=FACE_OUTER_BOUND('',#1836,.F.);
#1838=ADVANCED_FACE('',(#1837),#1830,.F.);
#1839=CARTESIAN_POINT('',(4.867882127141E1,1.172878949588E1,4.377343231609E2));
#1840=DIRECTION('',(-4.593546538053E-6,7.881982392014E-1,-6.154214293463E-1));
#1841=DIRECTION('',(9.999999999830E-1,5.827907637334E-6,0.E0));
#1842=AXIS2_PLACEMENT_3D('',#1839,#1840,#1841);
#1843=PLANE('',#1842);
#1844=ORIENTED_EDGE('',*,*,#1012,.F.);
#1845=ORIENTED_EDGE('',*,*,#1834,.F.);
#1846=ORIENTED_EDGE('',*,*,#1304,.F.);
#1848=ORIENTED_EDGE('',*,*,#1847,.T.);
#1849=EDGE_LOOP('',(#1844,#1845,#1846,#1848));
#1850=FACE_OUTER_BOUND('',#1849,.F.);
#1851=ADVANCED_FACE('',(#1850),#1843,.F.);
#1852=CARTESIAN_POINT('',(4.867883964499E1,8.576100893479E0,4.401959273989E2));
#1853=DIRECTION('',(-9.999999999830E-1,-5.827907622301E-6,1.925402281458E-14));
#1854=DIRECTION('',(-4.593546538053E-6,7.881982392014E-1,-6.154214293463E-1));
#1855=AXIS2_PLACEMENT_3D('',#1852,#1853,#1854);
#1856=PLANE('',#1855);
#1857=ORIENTED_EDGE('',*,*,#1014,.F.);
#1858=ORIENTED_EDGE('',*,*,#1847,.F.);
#1859=ORIENTED_EDGE('',*,*,#1302,.F.);
#1861=ORIENTED_EDGE('',*,*,#1860,.T.);
#1862=EDGE_LOOP('',(#1857,#1858,#1859,#1861));
#1863=FACE_OUTER_BOUND('',#1862,.F.);
#1864=ADVANCED_FACE('',(#1863),#1856,.F.);
#1865=CARTESIAN_POINT('',(4.467895549172E1,8.576077582523E0,4.401959273989E2));
#1866=DIRECTION('',(-4.593546538053E-6,7.881982392014E-1,-6.154214293463E-1));
#1867=DIRECTION('',(9.999999999830E-1,5.827907637334E-6,0.E0));
#1868=AXIS2_PLACEMENT_3D('',#1865,#1866,#1867);
#1869=PLANE('',#1868);
#1870=ORIENTED_EDGE('',*,*,#1016,.F.);
#1871=ORIENTED_EDGE('',*,*,#1860,.F.);
#1872=ORIENTED_EDGE('',*,*,#1300,.F.);
#1874=ORIENTED_EDGE('',*,*,#1873,.T.);
#1875=EDGE_LOOP('',(#1870,#1871,#1872,#1874));
#1876=FACE_OUTER_BOUND('',#1875,.F.);
#1877=ADVANCED_FACE('',(#1876),#1869,.F.);
#1878=CARTESIAN_POINT('',(4.467896643973E1,-1.034068015873E1,4.549660417031E2));
#1879=DIRECTION('',(-9.999999999935E-1,-2.566832394979E-6,-2.546231978938E-6));
#1880=DIRECTION('',(-4.561670501835E-7,7.881982392188E-1,-6.154214293411E-1));
#1881=AXIS2_PLACEMENT_3D('',#1878,#1879,#1880);
#1882=PLANE('',#1881);
#1883=ORIENTED_EDGE('',*,*,#1018,.F.);
#1884=ORIENTED_EDGE('',*,*,#1873,.F.);
#1885=ORIENTED_EDGE('',*,*,#1298,.F.);
#1887=ORIENTED_EDGE('',*,*,#1886,.T.);
#1888=EDGE_LOOP('',(#1883,#1884,#1885,#1887));
#1889=FACE_OUTER_BOUND('',#1888,.F.);
#1890=ADVANCED_FACE('',(#1889),#1882,.F.);
#1891=CARTESIAN_POINT('',(4.867896643970E1,-1.034066989140E1,4.549660518880E2));
#1892=DIRECTION('',(4.561670501835E-7,-7.881982392188E-1,6.154214293411E-1));
#1893=DIRECTION('',(-9.999999999935E-1,-2.566832410013E-6,-2.546231998192E-6));
#1894=AXIS2_PLACEMENT_3D('',#1891,#1892,#1893);
#1895=PLANE('',#1894);
#1896=ORIENTED_EDGE('',*,*,#1020,.F.);
#1897=ORIENTED_EDGE('',*,*,#1886,.F.);
#1898=ORIENTED_EDGE('',*,*,#1296,.F.);
#1900=ORIENTED_EDGE('',*,*,#1899,.F.);
#1901=EDGE_LOOP('',(#1896,#1897,#1898,#1900));
#1902=FACE_OUTER_BOUND('',#1901,.F.);
#1903=ADVANCED_FACE('',(#1902),#1895,.F.);
#1904=CARTESIAN_POINT('',(4.867897902423E1,-1.533972713628E1,4.550631428877E2));
#1905=DIRECTION('',(9.999999999935E-1,2.566832417721E-6,2.546231992173E-6));
#1906=DIRECTION('',(-4.561670599631E-7,7.881982392188E-1,-6.154214293411E-1));
#1907=AXIS2_PLACEMENT_3D('',#1904,#1905,#1906);
#1908=PLANE('',#1907);
#1909=ORIENTED_EDGE('',*,*,#1899,.T.);
#1910=ORIENTED_EDGE('',*,*,#1294,.F.);
#1912=ORIENTED_EDGE('',*,*,#1911,.F.);
#1913=ORIENTED_EDGE('',*,*,#1022,.F.);
#1914=EDGE_LOOP('',(#1909,#1910,#1912,#1913));
#1915=FACE_OUTER_BOUND('',#1914,.F.);
#1916=ADVANCED_FACE('',(#1915),#1908,.T.);
#1917=CARTESIAN_POINT('',(7.267897938170E1,-1.533966553230E1,4.550632039973E2));
#1918=DIRECTION('',(-4.561670599666E-7,7.881982392188E-1,-6.154214293411E-1));
#1919=DIRECTION('',(-9.999999999935E-1,-2.566832417724E-6,-2.546231992171E-6));
#1920=AXIS2_PLACEMENT_3D('',#1917,#1918,#1919);
#1921=PLANE('',#1920);
#1922=ORIENTED_EDGE('',*,*,#1911,.T.);
#1923=ORIENTED_EDGE('',*,*,#1292,.F.);
#1925=ORIENTED_EDGE('',*,*,#1924,.F.);
#1926=ORIENTED_EDGE('',*,*,#1024,.F.);
#1927=EDGE_LOOP('',(#1922,#1923,#1925,#1926));
#1928=FACE_OUTER_BOUND('',#1927,.F.);
#1929=ADVANCED_FACE('',(#1928),#1921,.T.);
#1930=CARTESIAN_POINT('',(7.267897573236E1,-9.034079524590E0,4.501398324892E2));
#1931=DIRECTION('',(-9.999999999935E-1,-2.566832417721E-6,-2.546231992173E-6));
#1932=DIRECTION('',(4.561670599631E-7,-7.881982392188E-1,6.154214293411E-1));
#1933=AXIS2_PLACEMENT_3D('',#1930,#1931,#1932);
#1934=PLANE('',#1933);
#1935=ORIENTED_EDGE('',*,*,#981,.T.);
#1936=ORIENTED_EDGE('',*,*,#1026,.F.);
#1937=ORIENTED_EDGE('',*,*,#1924,.T.);
#1938=ORIENTED_EDGE('',*,*,#1290,.F.);
#1939=EDGE_LOOP('',(#1935,#1936,#1937,#1938));
#1940=FACE_OUTER_BOUND('',#1939,.F.);
#1941=ADVANCED_FACE('',(#1940),#1934,.T.);
#1942=CARTESIAN_POINT('',(4.667897314921E1,-1.284020327166E1,4.550145920019E2));
#1943=DIRECTION('',(-3.586619248267E-6,6.154214293359E-1,7.881982392148E-1));
#1944=DIRECTION('',(4.561670599675E-7,-7.881982392188E-1,6.154214293411E-1));
#1945=AXIS2_PLACEMENT_3D('',#1942,#1943,#1944);
#1946=CYLINDRICAL_SURFACE('',#1945,1.0877E0);
#1948=ORIENTED_EDGE('',*,*,#1947,.T.);
#1949=ORIENTED_EDGE('',*,*,#1032,.T.);
#1951=ORIENTED_EDGE('',*,*,#1950,.T.);
#1952=ORIENTED_EDGE('',*,*,#1312,.T.);
#1953=EDGE_LOOP('',(#1948,#1949,#1951,#1952));
#1954=FACE_OUTER_BOUND('',#1953,.F.);
#1955=ADVANCED_FACE('',(#1954),#1946,.F.);
#1956=CARTESIAN_POINT('',(4.667897314921E1,-1.284020327166E1,4.550145920019E2));
#1957=DIRECTION('',(-3.586619248267E-6,6.154214293359E-1,7.881982392148E-1));
#1958=DIRECTION('',(4.561670599675E-7,-7.881982392188E-1,6.154214293411E-1));
#1959=AXIS2_PLACEMENT_3D('',#1956,#1957,#1958);
#1960=CYLINDRICAL_SURFACE('',#1959,1.0877E0);
#1961=ORIENTED_EDGE('',*,*,#1947,.F.);
#1962=ORIENTED_EDGE('',*,*,#1314,.T.);
#1963=ORIENTED_EDGE('',*,*,#1950,.F.);
#1964=ORIENTED_EDGE('',*,*,#1030,.T.);
#1965=EDGE_LOOP('',(#1961,#1962,#1963,#1964));
#1966=FACE_OUTER_BOUND('',#1965,.F.);
#1967=ADVANCED_FACE('',(#1966),#1960,.F.);
#1968=CARTESIAN_POINT('',(4.667896037653E1,9.229347426466E0,4.377827919804E2));
#1969=DIRECTION('',(-3.586619248267E-6,6.154214293359E-1,7.881982392148E-1));
#1970=DIRECTION('',(4.561670599675E-7,-7.881982392188E-1,6.154214293411E-1));
#1971=AXIS2_PLACEMENT_3D('',#1968,#1969,#1970);
#1972=CYLINDRICAL_SURFACE('',#1971,1.0877E0);
#1974=ORIENTED_EDGE('',*,*,#1973,.T.);
#1975=ORIENTED_EDGE('',*,*,#1038,.T.);
#1977=ORIENTED_EDGE('',*,*,#1976,.T.);
#1978=ORIENTED_EDGE('',*,*,#1318,.T.);
#1979=EDGE_LOOP('',(#1974,#1975,#1977,#1978));
#1980=FACE_OUTER_BOUND('',#1979,.F.);
#1981=ADVANCED_FACE('',(#1980),#1972,.F.);
#1982=CARTESIAN_POINT('',(4.667896037653E1,9.229347426466E0,4.377827919804E2));
#1983=DIRECTION('',(-3.586619248267E-6,6.154214293359E-1,7.881982392148E-1));
#1984=DIRECTION('',(4.561670599675E-7,-7.881982392188E-1,6.154214293411E-1));
#1985=AXIS2_PLACEMENT_3D('',#1982,#1983,#1984);
#1986=CYLINDRICAL_SURFACE('',#1985,1.0877E0);
#1987=ORIENTED_EDGE('',*,*,#1973,.F.);
#1988=ORIENTED_EDGE('',*,*,#1320,.T.);
#1989=ORIENTED_EDGE('',*,*,#1976,.F.);
#1990=ORIENTED_EDGE('',*,*,#1036,.T.);
#1991=EDGE_LOOP('',(#1987,#1988,#1989,#1990));
#1992=FACE_OUTER_BOUND('',#1991,.F.);
#1993=ADVANCED_FACE('',(#1992),#1986,.F.);
#1994=CARTESIAN_POINT('',(7.467896037635E1,9.229419297773E0,4.377828632749E2));
#1995=DIRECTION('',(-3.586619248267E-6,6.154214293359E-1,7.881982392148E-1));
#1996=DIRECTION('',(4.561670599675E-7,-7.881982392188E-1,6.154214293411E-1));
#1997=AXIS2_PLACEMENT_3D('',#1994,#1995,#1996);
#1998=CYLINDRICAL_SURFACE('',#1997,1.0877E0);
#2000=ORIENTED_EDGE('',*,*,#1999,.T.);
#2001=ORIENTED_EDGE('',*,*,#1044,.T.);
#2003=ORIENTED_EDGE('',*,*,#2002,.T.);
#2004=ORIENTED_EDGE('',*,*,#1324,.T.);
#2005=EDGE_LOOP('',(#2000,#2001,#2003,#2004));
#2006=FACE_OUTER_BOUND('',#2005,.F.);
#2007=ADVANCED_FACE('',(#2006),#1998,.F.);
#2008=CARTESIAN_POINT('',(7.467896037635E1,9.229419297773E0,4.377828632749E2));
#2009=DIRECTION('',(-3.586619248267E-6,6.154214293359E-1,7.881982392148E-1));
#2010=DIRECTION('',(4.561670599675E-7,-7.881982392188E-1,6.154214293411E-1));
#2011=AXIS2_PLACEMENT_3D('',#2008,#2009,#2010);
#2012=CYLINDRICAL_SURFACE('',#2011,1.0877E0);
#2013=ORIENTED_EDGE('',*,*,#1999,.F.);
#2014=ORIENTED_EDGE('',*,*,#1326,.T.);
#2015=ORIENTED_EDGE('',*,*,#2002,.F.);
#2016=ORIENTED_EDGE('',*,*,#1042,.T.);
#2017=EDGE_LOOP('',(#2013,#2014,#2015,#2016));
#2018=FACE_OUTER_BOUND('',#2017,.F.);
#2019=ADVANCED_FACE('',(#2018),#2012,.F.);
#2020=CARTESIAN_POINT('',(7.467897314903E1,-1.284013140035E1,4.550146632964E2));
#2021=DIRECTION('',(-3.586619248267E-6,6.154214293359E-1,7.881982392148E-1));
#2022=DIRECTION('',(4.561670599675E-7,-7.881982392188E-1,6.154214293411E-1));
#2023=AXIS2_PLACEMENT_3D('',#2020,#2021,#2022);
#2024=CYLINDRICAL_SURFACE('',#2023,1.0877E0);
#2026=ORIENTED_EDGE('',*,*,#2025,.T.);
#2027=ORIENTED_EDGE('',*,*,#1050,.T.);
#2029=ORIENTED_EDGE('',*,*,#2028,.T.);
#2030=ORIENTED_EDGE('',*,*,#1330,.T.);
#2031=EDGE_LOOP('',(#2026,#2027,#2029,#2030));
#2032=FACE_OUTER_BOUND('',#2031,.F.);
#2033=ADVANCED_FACE('',(#2032),#2024,.F.);
#2034=CARTESIAN_POINT('',(7.467897314903E1,-1.284013140035E1,4.550146632964E2));
#2035=DIRECTION('',(-3.586619248267E-6,6.154214293359E-1,7.881982392148E-1));
#2036=DIRECTION('',(4.561670599675E-7,-7.881982392188E-1,6.154214293411E-1));
#2037=AXIS2_PLACEMENT_3D('',#2034,#2035,#2036);
#2038=CYLINDRICAL_SURFACE('',#2037,1.0877E0);
#2039=ORIENTED_EDGE('',*,*,#2025,.F.);
#2040=ORIENTED_EDGE('',*,*,#1332,.T.);
#2041=ORIENTED_EDGE('',*,*,#2028,.F.);
#2042=ORIENTED_EDGE('',*,*,#1048,.T.);
#2043=EDGE_LOOP('',(#2039,#2040,#2041,#2042));
#2044=FACE_OUTER_BOUND('',#2043,.F.);
#2045=ADVANCED_FACE('',(#2044),#2038,.F.);
#2049=DIMENSIONAL_EXPONENTS(0.E0,0.E0,0.E0,0.E0,0.E0,0.E0,0.E0);
#2051=PLANE_ANGLE_MEASURE_WITH_UNIT(PLANE_ANGLE_MEASURE(1.745329251994E-2),
#2050);
#2052=(CONVERSION_BASED_UNIT('DEGREE',#2051)NAMED_UNIT(*)PLANE_ANGLE_UNIT());
#2054=UNCERTAINTY_MEASURE_WITH_UNIT(LENGTH_MEASURE(7.149061923176E-3),#2048,
'closure',
'Maximum model space distance between geometric entities at asserted connectivities');
#2055=(GEOMETRIC_REPRESENTATION_CONTEXT(3)GLOBAL_UNCERTAINTY_ASSIGNED_CONTEXT((
#2054))GLOBAL_UNIT_ASSIGNED_CONTEXT((#2048,#2052,#2053))REPRESENTATION_CONTEXT(
'ID1','3'));
#2057=APPLICATION_CONTEXT(
'CONFIGURATION CONTROLLED 3D DESIGNS OF MECHANICAL PARTS AND ASSEMBLIES');
#2058=APPLICATION_PROTOCOL_DEFINITION('international standard',
'config_control_design',1994,#2057);
#2059=DESIGN_CONTEXT('',#2057,'design');
#2060=MECHANICAL_CONTEXT('',#2057,'mechanical');
#2061=PRODUCT('3320001462SOARM0001','3320001462SOARM0001','NOT SPECIFIED',
(#2060));
#2062=PRODUCT_DEFINITION_FORMATION_WITH_SPECIFIED_SOURCE('1','LAST_VERSION',
#2061,.MADE.);
#2066=PRODUCT_CATEGORY('part','');
#2067=PRODUCT_RELATED_PRODUCT_CATEGORY('detail','',(#2061));
#2068=PRODUCT_CATEGORY_RELATIONSHIP('','',#2066,#2067);
#2069=SECURITY_CLASSIFICATION_LEVEL('unclassified');
#2070=SECURITY_CLASSIFICATION('','',#2069);
#2071=CC_DESIGN_SECURITY_CLASSIFICATION(#2070,(#2062));
#2072=APPROVAL_STATUS('approved');
#2073=APPROVAL(#2072,'');
#2074=CC_DESIGN_APPROVAL(#2073,(#2070,#2062,#2063));
#2075=CALENDAR_DATE(126,28,7);
#2076=COORDINATED_UNIVERSAL_TIME_OFFSET(8,0,.AHEAD.);
#2077=LOCAL_TIME(13,24,1.7E1,#2076);
#2078=DATE_AND_TIME(#2075,#2077);
#2079=APPROVAL_DATE_TIME(#2078,#2073);
#2080=DATE_TIME_ROLE('creation_date');
#2081=CC_DESIGN_DATE_AND_TIME_ASSIGNMENT(#2078,#2080,(#2063));
#2082=DATE_TIME_ROLE('classification_date');
#2083=CC_DESIGN_DATE_AND_TIME_ASSIGNMENT(#2078,#2082,(#2070));
#2084=PERSON('UNSPECIFIED','UNSPECIFIED',$,$,$,$);
#2085=ORGANIZATION('UNSPECIFIED','UNSPECIFIED','UNSPECIFIED');
#2086=PERSON_AND_ORGANIZATION(#2084,#2085);
#2087=APPROVAL_ROLE('approver');
#2088=APPROVAL_PERSON_ORGANIZATION(#2086,#2073,#2087);
#2089=PERSON_AND_ORGANIZATION_ROLE('creator');
#2090=CC_DESIGN_PERSON_AND_ORGANIZATION_ASSIGNMENT(#2086,#2089,(#2062,#2063));
#2091=PERSON_AND_ORGANIZATION_ROLE('design_supplier');
#2092=CC_DESIGN_PERSON_AND_ORGANIZATION_ASSIGNMENT(#2086,#2091,(#2062));
#2093=PERSON_AND_ORGANIZATION_ROLE('classification_officer');
#2094=CC_DESIGN_PERSON_AND_ORGANIZATION_ASSIGNMENT(#2086,#2093,(#2070));
#2095=PERSON_AND_ORGANIZATION_ROLE('design_owner');
#2096=CC_DESIGN_PERSON_AND_ORGANIZATION_ASSIGNMENT(#2086,#2095,(#2061));
#22=CIRCLE('',#21,1.0877E0);
#27=CIRCLE('',#26,1.0877E0);
#32=CIRCLE('',#31,1.0877E0);
#37=CIRCLE('',#36,1.0877E0);
#42=CIRCLE('',#41,1.0877E0);
#47=CIRCLE('',#46,1.0877E0);
#52=CIRCLE('',#51,1.0877E0);
#57=CIRCLE('',#56,1.0877E0);
#206=CIRCLE('',#205,1.0877E0);
#211=CIRCLE('',#210,1.0877E0);
#216=CIRCLE('',#215,1.0877E0);
#221=CIRCLE('',#220,1.0877E0);
#226=CIRCLE('',#225,1.0877E0);
#231=CIRCLE('',#230,1.0877E0);
#236=CIRCLE('',#235,1.0877E0);
#241=CIRCLE('',#240,1.0877E0);
#979=EDGE_CURVE('',#740,#741,#5,.T.);
#981=EDGE_CURVE('',#745,#740,#9,.T.);
#983=EDGE_CURVE('',#743,#745,#13,.T.);
#985=EDGE_CURVE('',#743,#741,#581,.T.);
#995=EDGE_CURVE('',#867,#844,#17,.T.);
#997=EDGE_CURVE('',#867,#933,#257,.T.);
#999=EDGE_CURVE('',#933,#931,#253,.T.);
#1001=EDGE_CURVE('',#931,#844,#81,.T.);
#1006=EDGE_CURVE('',#741,#747,#577,.T.);
#1008=EDGE_CURVE('',#747,#751,#589,.T.);
#1010=EDGE_CURVE('',#751,#755,#601,.T.);
#1012=EDGE_CURVE('',#755,#759,#613,.T.);
#1014=EDGE_CURVE('',#759,#763,#625,.T.);
#1016=EDGE_CURVE('',#763,#767,#637,.T.);
#1018=EDGE_CURVE('',#767,#771,#649,.T.);
#1020=EDGE_CURVE('',#771,#775,#661,.T.);
#1022=EDGE_CURVE('',#775,#779,#685,.T.);
#1024=EDGE_CURVE('',#779,#935,#697,.T.);
#1026=EDGE_CURVE('',#935,#740,#701,.T.);
#1030=EDGE_CURVE('',#947,#945,#22,.T.);
#1032=EDGE_CURVE('',#945,#947,#27,.T.);
#1036=EDGE_CURVE('',#955,#953,#32,.T.);
#1038=EDGE_CURVE('',#953,#955,#37,.T.);
#1042=EDGE_CURVE('',#963,#961,#42,.T.);
#1044=EDGE_CURVE('',#961,#963,#47,.T.);
#1048=EDGE_CURVE('',#971,#969,#52,.T.);
#1050=EDGE_CURVE('',#969,#971,#57,.T.);
#1061=EDGE_CURVE('',#844,#847,#69,.T.);
#1063=EDGE_CURVE('',#869,#847,#61,.T.);
#1065=EDGE_CURVE('',#869,#867,#281,.T.);
#1075=EDGE_CURVE('',#844,#845,#77,.T.);
#1077=EDGE_CURVE('',#847,#845,#65,.T.);
#1088=EDGE_CURVE('',#845,#921,#73,.T.);
#1092=EDGE_CURVE('',#931,#937,#249,.T.);
#1094=EDGE_CURVE('',#927,#937,#85,.T.);
#1096=EDGE_CURVE('',#929,#927,#89,.T.);
#1098=EDGE_CURVE('',#921,#929,#93,.T.);
#1108=EDGE_CURVE('',#915,#845,#97,.T.);
#1111=EDGE_CURVE('',#921,#853,#193,.T.);
#1113=EDGE_CURVE('',#853,#855,#145,.T.);
#1115=EDGE_CURVE('',#855,#915,#105,.T.);
#1126=EDGE_CURVE('',#915,#857,#113,.T.);
#1128=EDGE_CURVE('',#857,#859,#141,.T.);
#1130=EDGE_CURVE('',#859,#909,#449,.T.);
#1132=EDGE_CURVE('',#909,#887,#309,.T.);
#1134=EDGE_CURVE('',#887,#884,#293,.T.);
#1136=EDGE_CURVE('',#866,#884,#101,.T.);
#1138=EDGE_CURVE('',#866,#869,#285,.T.);
#1151=EDGE_CURVE('',#857,#855,#109,.T.);
#1162=EDGE_CURVE('',#850,#851,#117,.T.);
#1164=EDGE_CURVE('',#850,#863,#541,.T.);
#1166=EDGE_CURVE('',#792,#863,#121,.T.);
#1168=EDGE_CURVE('',#795,#792,#125,.T.);
#1170=EDGE_CURVE('',#789,#795,#129,.T.);
#1172=EDGE_CURVE('',#784,#789,#133,.T.);
#1174=EDGE_CURVE('',#859,#784,#137,.T.);
#1179=EDGE_CURVE('',#853,#851,#177,.T.);
#1189=EDGE_CURVE('',#871,#873,#149,.T.);
#1191=EDGE_CURVE('',#871,#903,#169,.T.);
#1193=EDGE_CURVE('',#907,#903,#153,.T.);
#1195=EDGE_CURVE('',#907,#905,#185,.T.);
#1197=EDGE_CURVE('',#901,#905,#157,.T.);
#1199=EDGE_CURVE('',#861,#901,#161,.T.);
#1201=EDGE_CURVE('',#861,#828,#561,.T.);
#1203=EDGE_CURVE('',#873,#828,#165,.T.);
#1214=EDGE_CURVE('',#851,#907,#189,.T.);
#1218=EDGE_CURVE('',#850,#871,#173,.T.);
#1229=EDGE_CURVE('',#905,#853,#181,.T.);
#1243=EDGE_CURVE('',#905,#929,#197,.T.);
#1257=EDGE_CURVE('',#927,#925,#201,.T.);
#1259=EDGE_CURVE('',#925,#923,#269,.T.);
#1261=EDGE_CURVE('',#923,#893,#389,.T.);
#1263=EDGE_CURVE('',#893,#895,#337,.T.);
#1265=EDGE_CURVE('',#895,#917,#569,.T.);
#1267=EDGE_CURVE('',#917,#900,#545,.T.);
#1269=EDGE_CURVE('',#900,#901,#573,.T.);
#1281=EDGE_CURVE('',#937,#939,#245,.T.);
#1283=EDGE_CURVE('',#939,#925,#273,.T.);
#1287=EDGE_CURVE('',#749,#743,#585,.T.);
#1290=EDGE_CURVE('',#745,#941,#705,.T.);
#1292=EDGE_CURVE('',#941,#781,#689,.T.);
#1294=EDGE_CURVE('',#781,#777,#677,.T.);
#1296=EDGE_CURVE('',#777,#773,#669,.T.);
#1298=EDGE_CURVE('',#773,#769,#657,.T.);
#1300=EDGE_CURVE('',#769,#765,#645,.T.);
#1302=EDGE_CURVE('',#765,#761,#633,.T.);
#1304=EDGE_CURVE('',#761,#757,#621,.T.);
#1306=EDGE_CURVE('',#757,#753,#609,.T.);
#1308=EDGE_CURVE('',#753,#749,#597,.T.);
#1312=EDGE_CURVE('',#949,#944,#206,.T.);
#1314=EDGE_CURVE('',#944,#949,#211,.T.);
#1318=EDGE_CURVE('',#957,#952,#216,.T.);
#1320=EDGE_CURVE('',#952,#957,#221,.T.);
#1324=EDGE_CURVE('',#965,#960,#226,.T.);
#1326=EDGE_CURVE('',#960,#965,#231,.T.);
#1330=EDGE_CURVE('',#973,#968,#236,.T.);
#1332=EDGE_CURVE('',#968,#973,#241,.T.);
#1345=EDGE_CURVE('',#933,#939,#277,.T.);
#1356=EDGE_CURVE('',#866,#867,#261,.T.);
#1358=EDGE_CURVE('',#919,#866,#265,.T.);
#1360=EDGE_CURVE('',#919,#923,#393,.T.);
#1385=EDGE_CURVE('',#884,#885,#289,.T.);
#1387=EDGE_CURVE('',#885,#913,#305,.T.);
#1389=EDGE_CURVE('',#913,#919,#385,.T.);
#1402=EDGE_CURVE('',#885,#887,#297,.T.);
#1412=EDGE_CURVE('',#881,#877,#353,.T.);
#1414=EDGE_CURVE('',#911,#877,#301,.T.);
#1416=EDGE_CURVE('',#911,#913,#369,.T.);
#1421=EDGE_CURVE('',#785,#909,#313,.T.);
#1423=EDGE_CURVE('',#787,#785,#317,.T.);
#1425=EDGE_CURVE('',#813,#787,#321,.T.);
#1427=EDGE_CURVE('',#809,#813,#325,.T.);
#1429=EDGE_CURVE('',#881,#809,#329,.T.);
#1439=EDGE_CURVE('',#829,#897,#553,.T.);
#1441=EDGE_CURVE('',#895,#897,#333,.T.);
#1444=EDGE_CURVE('',#893,#891,#377,.T.);
#1446=EDGE_CURVE('',#889,#891,#341,.T.);
#1448=EDGE_CURVE('',#889,#876,#365,.T.);
#1450=EDGE_CURVE('',#879,#876,#345,.T.);
#1452=EDGE_CURVE('',#829,#879,#349,.T.);
#1463=EDGE_CURVE('',#876,#877,#361,.T.);
#1466=EDGE_CURVE('',#879,#881,#357,.T.);
#1476=EDGE_CURVE('',#891,#911,#373,.T.);
#1493=EDGE_CURVE('',#913,#893,#381,.T.);
#1515=EDGE_CURVE('',#816,#817,#405,.T.);
#1517=EDGE_CURVE('',#817,#835,#525,.T.);
#1519=EDGE_CURVE('',#835,#833,#521,.T.);
#1521=EDGE_CURVE('',#833,#831,#517,.T.);
#1523=EDGE_CURVE('',#831,#793,#469,.T.);
#1525=EDGE_CURVE('',#792,#793,#397,.T.);
#1528=EDGE_CURVE('',#863,#873,#537,.T.);
#1531=EDGE_CURVE('',#828,#829,#557,.T.);
#1536=EDGE_CURVE('',#808,#809,#401,.T.);
#1538=EDGE_CURVE('',#808,#823,#421,.T.);
#1540=EDGE_CURVE('',#823,#816,#413,.T.);
#1551=EDGE_CURVE('',#821,#816,#409,.T.);
#1553=EDGE_CURVE('',#821,#819,#473,.T.);
#1555=EDGE_CURVE('',#819,#817,#529,.T.);
#1567=EDGE_CURVE('',#825,#823,#417,.T.);
#1569=EDGE_CURVE('',#825,#821,#477,.T.);
#1580=EDGE_CURVE('',#811,#808,#425,.T.);
#1582=EDGE_CURVE('',#805,#811,#429,.T.);
#1584=EDGE_CURVE('',#800,#805,#433,.T.);
#1586=EDGE_CURVE('',#800,#825,#481,.T.);
#1599=EDGE_CURVE('',#811,#813,#437,.T.);
#1612=EDGE_CURVE('',#787,#789,#445,.T.);
#1615=EDGE_CURVE('',#795,#797,#453,.T.);
#1617=EDGE_CURVE('',#797,#803,#461,.T.);
#1619=EDGE_CURVE('',#803,#805,#501,.T.);
#1630=EDGE_CURVE('',#784,#785,#441,.T.);
#1656=EDGE_CURVE('',#793,#797,#465,.T.);
#1668=EDGE_CURVE('',#839,#801,#485,.T.);
#1670=EDGE_CURVE('',#803,#801,#457,.T.);
#1675=EDGE_CURVE('',#831,#839,#513,.T.);
#1688=EDGE_CURVE('',#800,#801,#497,.T.);
#1691=EDGE_CURVE('',#839,#837,#509,.T.);
#1693=EDGE_CURVE('',#841,#837,#489,.T.);
#1695=EDGE_CURVE('',#819,#841,#493,.T.);
#1717=EDGE_CURVE('',#837,#833,#505,.T.);
#1731=EDGE_CURVE('',#835,#841,#533,.T.);
#1768=EDGE_CURVE('',#897,#917,#549,.T.);
#1773=EDGE_CURVE('',#900,#861,#565,.T.);
#1808=EDGE_CURVE('',#749,#747,#593,.T.);
#1821=EDGE_CURVE('',#753,#751,#605,.T.);
#1834=EDGE_CURVE('',#757,#755,#617,.T.);
#1847=EDGE_CURVE('',#761,#759,#629,.T.);
#1860=EDGE_CURVE('',#765,#763,#641,.T.);
#1873=EDGE_CURVE('',#769,#767,#653,.T.);
#1886=EDGE_CURVE('',#773,#771,#665,.T.);
#1899=EDGE_CURVE('',#775,#777,#673,.T.);
#1911=EDGE_CURVE('',#779,#781,#681,.T.);
#1924=EDGE_CURVE('',#935,#941,#693,.T.);
#1947=EDGE_CURVE('',#944,#945,#709,.T.);
#1950=EDGE_CURVE('',#947,#949,#713,.T.);
#1973=EDGE_CURVE('',#952,#953,#717,.T.);
#1976=EDGE_CURVE('',#955,#957,#721,.T.);
#1999=EDGE_CURVE('',#960,#961,#725,.T.);
#2002=EDGE_CURVE('',#963,#965,#729,.T.);
#2025=EDGE_CURVE('',#968,#969,#733,.T.);
#2028=EDGE_CURVE('',#971,#973,#737,.T.);
#2046=CLOSED_SHELL('',(#989,#1054,#1069,#1082,#1102,#1119,#1144,#1156,#1183,
#1207,#1222,#1235,#1248,#1273,#1336,#1349,#1367,#1378,#1394,#1406,#1433,#1456,
#1470,#1484,#1497,#1509,#1544,#1559,#1573,#1591,#1604,#1624,#1637,#1649,#1662,
#1679,#1699,#1711,#1724,#1737,#1749,#1761,#1777,#1788,#1799,#1812,#1825,#1838,
#1851,#1864,#1877,#1890,#1903,#1916,#1929,#1941,#1955,#1967,#1981,#1993,#2007,
#2019,#2033,#2045));
#2047=MANIFOLD_SOLID_BREP('',#2046);
#2048=(LENGTH_UNIT()NAMED_UNIT(*)SI_UNIT(.MILLI.,.METRE.));
#2050=(NAMED_UNIT(*)PLANE_ANGLE_UNIT()SI_UNIT($,.RADIAN.));
#2053=(NAMED_UNIT(*)SI_UNIT($,.STERADIAN.)SOLID_ANGLE_UNIT());
#2056=ADVANCED_BREP_SHAPE_REPRESENTATION('',(#2047),#2055);
#2063=PRODUCT_DEFINITION('design','',#2062,#2059);
#2064=PRODUCT_DEFINITION_SHAPE('','SHAPE FOR 3320001462SOARM0001.',#2063);
#2065=SHAPE_DEFINITION_REPRESENTATION(#2064,#2056);
ENDSEC;
END-ISO-10303-21;
