ISO-10303-21;
HEADER;
FILE_DESCRIPTION((''),'2;1');
FILE_NAME('3320001451SOARM0001','2026-07-28T11:13:05',('EDY'),(''),
'CREO PARAMETRIC BY PTC INC, 2021284','CREO PARAMETRIC BY PTC INC, 2021284','');
FILE_SCHEMA(('CONFIG_CONTROL_DESIGN'));
ENDSEC;
DATA;
#2=DIRECTION('',(-9.996116076304E-1,-2.536521597575E-3,2.775247644220E-2));
#3=VECTOR('',#2,2.001357361471E-1);
#4=CARTESIAN_POINT('',(8.010729129939E1,-2.911186913039E1,5.961182093567E2));
#5=LINE('',#4,#3);
#6=DIRECTION('',(9.999455414868E-1,2.816892803279E-3,-1.004883951731E-2));
#7=VECTOR('',#6,1.993960046781E-1);
#8=CARTESIAN_POINT('',(7.990778459074E1,-2.906967953522E1,5.961288331879E2));
#9=LINE('',#8,#7);
#10=DIRECTION('',(1.282063936259E-2,9.929432934994E-1,1.178950681792E-1));
#11=VECTOR('',#10,4.300068701233E-2);
#12=CARTESIAN_POINT('',(7.990723329444E1,-2.911237677900E1,5.961237636190E2));
#13=LINE('',#12,#11);
#14=CARTESIAN_POINT('',(8.010729129939E1,-2.911186913039E1,5.961182093567E2));
#15=CARTESIAN_POINT('',(8.004056024690E1,-2.911201625270E1,5.961187912600E2));
#16=CARTESIAN_POINT('',(7.997387484986E1,-2.911205190746E1,5.961130002291E2));
#17=CARTESIAN_POINT('',(7.990714379737E1,-2.911219902977E1,5.961135821324E2));
#19=DIRECTION('',(9.999610485523E-1,2.138479641468E-3,-8.563193504749E-3));
#20=VECTOR('',#19,3.967324978307E1);
#21=CARTESIAN_POINT('',(4.023552884188E1,-2.919721721597E1,5.964634933338E2));
#22=LINE('',#21,#20);
#23=DIRECTION('',(-9.999588083371E-1,-2.142960004390E-3,8.819827182028E-3));
#24=VECTOR('',#23,3.967324916259E1);
#25=CARTESIAN_POINT('',(7.990714379737E1,-2.911219902977E1,5.961135821324E2));
#26=LINE('',#25,#24);
#27=CARTESIAN_POINT('',(8.012300722444E1,-2.918206570997E1,6.001367686166E2));
#28=CARTESIAN_POINT('',(8.013004951248E1,-2.918205018328E1,6.001367071772E2));
#29=CARTESIAN_POINT('',(8.013709069791E1,-2.918203297107E1,6.001365491655E2));
#30=CARTESIAN_POINT('',(8.014413298596E1,-2.918201744438E1,6.001364877262E2));
#32=DIRECTION('',(9.999698837762E-1,6.441579063518E-3,-4.328694934331E-3));
#33=VECTOR('',#32,1.790899895399E-1);
#34=CARTESIAN_POINT('',(7.994392262841E1,-2.918321933230E1,6.001375438425E2));
#35=LINE('',#34,#33);
#36=DIRECTION('',(-4.057968023242E-5,9.945095280774E-1,1.046460554273E-1));
#37=VECTOR('',#36,2.130027442436E-1);
#38=CARTESIAN_POINT('',(4.023553748546E1,-2.940905047463E1,5.964412034368E2));
#39=LINE('',#38,#37);
#40=CARTESIAN_POINT('',(4.023570294614E1,-2.937228232764E1,5.964681250812E2));
#41=CARTESIAN_POINT('',(4.023564985590E1,-2.934770102795E1,5.964681256048E2));
#42=CARTESIAN_POINT('',(4.023558873848E1,-2.932312502520E1,5.964672423733E2));
#43=CARTESIAN_POINT('',(4.023553564824E1,-2.929854372551E1,5.964672428969E2));
#45=CARTESIAN_POINT('',(4.023579565008E1,-2.941148320293E1,5.964690080012E2));
#46=CARTESIAN_POINT('',(4.023576742114E1,-2.939841292530E1,5.964690082796E2));
#47=CARTESIAN_POINT('',(4.023573117508E1,-2.938535260526E1,5.964681248029E2));
#48=CARTESIAN_POINT('',(4.023570294614E1,-2.937228232764E1,5.964681250812E2));
#50=DIRECTION('',(6.712664103295E-5,-9.993160240276E-1,3.697944855879E-2));
#51=VECTOR('',#50,1.013958618711E-1);
#52=CARTESIAN_POINT('',(4.023552884188E1,-2.919721721597E1,5.964634933338E2));
#53=LINE('',#52,#51);
#54=DIRECTION('',(-2.223855277377E-3,9.999975269919E-1,2.185718253853E-5));
#55=VECTOR('',#54,1.399996537789E1);
#56=CARTESIAN_POINT('',(4.003550736885E1,-2.937272755244E1,5.964689874942E2));
#57=LINE('',#56,#55);
#58=DIRECTION('',(5.697452695251E-2,1.048816850282E-4,9.983756268451E-1));
#59=VECTOR('',#58,1.564490991963E-2);
#60=CARTESIAN_POINT('',(7.987645850460E1,-1.528411922884E1,5.961215028535E2));
#61=LINE('',#60,#59);
#62=DIRECTION('',(-2.272377772886E-3,9.999972767730E-1,-5.317385915534E-4));
#63=VECTOR('',#62,1.378559784769E1);
#64=CARTESIAN_POINT('',(7.990778459074E1,-2.906967953522E1,5.961288331879E2));
#65=LINE('',#64,#63);
#66=DIRECTION('',(-8.764589386970E-3,1.773241437048E-2,-9.998043525878E-1));
#67=VECTOR('',#66,2.781923729082E0);
#68=CARTESIAN_POINT('',(7.994392262841E1,-2.918321933230E1,6.001375438425E2));
#69=LINE('',#68,#67);
#70=DIRECTION('',(8.690409286311E-3,1.760247594330E-3,9.999606883847E-1));
#71=VECTOR('',#70,4.000240486936E0);
#72=CARTESIAN_POINT('',(7.987734986595E1,-1.528411758797E1,5.961371223502E2));
#73=LINE('',#72,#71);
#74=DIRECTION('',(-2.207718861073E-3,9.999973822096E-1,6.012914596615E-4));
#75=VECTOR('',#74,1.378559803505E1);
#76=CARTESIAN_POINT('',(7.990778459074E1,-2.906967953522E1,5.961288331879E2));
#77=LINE('',#76,#75);
#78=DIRECTION('',(-9.564677248996E-3,5.224258008185E-2,-9.985886188894E-1));
#79=VECTOR('',#78,1.229065882112E0);
#80=CARTESIAN_POINT('',(7.991954020922E1,-2.913388910799E1,5.973561643896E2));
#81=LINE('',#80,#79);
#82=DIRECTION('',(9.999593777465E-1,2.256285442193E-3,-8.726513206411E-3));
#83=VECTOR('',#82,3.967352053275E1);
#84=CARTESIAN_POINT('',(4.027201372346E1,-2.927273411912E1,6.004837553434E2));
#85=LINE('',#84,#83);
#86=DIRECTION('',(9.999594501533E-1,2.223961333960E-3,-8.726513917261E-3));
#87=VECTOR('',#86,2.107712890617E-2);
#88=CARTESIAN_POINT('',(4.025093744923E1,-2.927278099384E1,6.004839392733E2));
#89=LINE('',#88,#87);
#90=DIRECTION('',(-2.078380603834E-3,9.999978399528E-1,2.058764211108E-5));
#91=VECTOR('',#90,5.742979837648E-2);
#92=CARTESIAN_POINT('',(4.025105681021E1,-2.933021066816E1,6.004839380909E2));
#93=LINE('',#92,#91);
#94=DIRECTION('',(9.991328458504E-1,2.144256372492E-2,3.568995382226E-2));
#95=VECTOR('',#94,1.991032593750E-2);
#96=CARTESIAN_POINT('',(4.023116374960E1,-2.933063759660E1,6.004832274923E2));
#97=LINE('',#96,#95);
#98=DIRECTION('',(-2.223855277308E-3,9.999975269919E-1,2.185718016488E-5));
#99=VECTOR('',#98,4.174248025414E-2);
#100=CARTESIAN_POINT('',(4.023125657883E1,-2.937237997362E1,6.004832265799E2));
#101=LINE('',#100,#99);
#102=DIRECTION('',(-9.999595002310E-1,-2.265719116475E-3,8.710018060538E-3));
#103=VECTOR('',#102,3.988036477956E1);
#104=CARTESIAN_POINT('',(7.991211359302E1,-1.527707617428E1,6.001372055813E2));
#105=LINE('',#104,#103);
#106=DIRECTION('',(-2.287402898317E-3,9.999973835947E-1,-2.432452841779E-5));
#107=VECTOR('',#106,1.390617954223E1);
#108=CARTESIAN_POINT('',(7.994392262841E1,-2.918321933230E1,6.001375438425E2));
#109=LINE('',#108,#107);
#110=DIRECTION('',(-1.832345893770E-3,9.990037205797E-1,4.458933478432E-2));
#111=VECTOR('',#110,4.140361557676E-2);
#112=CARTESIAN_POINT('',(8.012308309018E1,-2.922342807598E1,6.001349224569E2));
#113=LINE('',#112,#111);
#114=DIRECTION('',(-1.358046179298E-3,9.961922361473E-1,8.717330067357E-2));
#115=VECTOR('',#114,4.233481683855E-2);
#116=CARTESIAN_POINT('',(8.014419047859E1,-2.922419106023E1,6.001327972605E2));
#117=LINE('',#116,#115);
#118=DIRECTION('',(9.943265897891E-1,-3.594265271544E-2,-1.001137281005E-1));
#119=VECTOR('',#118,2.122782255559E-2);
#120=CARTESIAN_POINT('',(8.012308309018E1,-2.922342807598E1,6.001349224569E2));
#121=LINE('',#120,#119);
#122=DIRECTION('',(8.791394365092E-3,-1.745474178663E-2,9.998090034473E-1));
#123=VECTOR('',#122,2.782821807273E0);
#124=CARTESIAN_POINT('',(8.011966810200E1,-2.913344400830E1,5.973541974283E2));
#125=LINE('',#124,#123);
#126=DIRECTION('',(9.505967241941E-3,-5.233676728820E-2,9.985842475108E-1));
#127=VECTOR('',#126,1.213488486346E0);
#128=CARTESIAN_POINT('',(8.010813272020E1,-2.906993394378E1,5.961424269413E2));
#129=LINE('',#128,#127);
#130=DIRECTION('',(4.220494073886E-3,9.693105458371E-1,2.458032814237E-1));
#131=VECTOR('',#130,4.350534062615E-2);
#132=CARTESIAN_POINT('',(8.010794910617E1,-2.911210412925E1,5.961317331858E2));
#133=LINE('',#132,#131);
#134=DIRECTION('',(-5.239425291443E-3,9.894211032651E-1,1.449773390441E-1));
#135=VECTOR('',#134,7.273798178128E-2);
#136=CARTESIAN_POINT('',(8.010833021139E1,-2.918407262343E1,5.961211878267E2));
#137=LINE('',#136,#135);
#138=DIRECTION('',(-1.358814352318E-3,9.961921502887E-1,8.717426986648E-2));
#139=VECTOR('',#138,1.420442945076E-1);
#140=CARTESIAN_POINT('',(8.010852322322E1,-2.932557603461E1,5.961088052191E2));
#141=LINE('',#140,#139);
#142=DIRECTION('',(-7.214802449192E-3,-3.890887035076E-1,-9.211720400818E-1));
#143=VECTOR('',#142,9.654545056758E-1);
#144=CARTESIAN_POINT('',(8.014419047859E1,-2.922419106023E1,6.001327972605E2));
#145=LINE('',#144,#143);
#146=DIRECTION('',(9.999492306893E-1,2.223963332425E-3,-9.828022744504E-3));
#147=VECTOR('',#146,2.001380536515E-1);
#148=CARTESIAN_POINT('',(7.991954020922E1,-2.913388910799E1,5.973561643896E2));
#149=LINE('',#148,#147);
#150=DIRECTION('',(6.153861165112E-2,-5.215123433210E-2,9.967413145013E-1));
#151=VECTOR('',#150,1.564844521126E-2);
#152=CARTESIAN_POINT('',(8.010716973661E1,-2.906911785805E1,5.961268294894E2));
#153=LINE('',#152,#151);
#154=DIRECTION('',(-2.787380225682E-3,9.802675256096E-1,1.976557834891E-1));
#155=VECTOR('',#154,4.361184189139E-2);
#156=CARTESIAN_POINT('',(8.010729129939E1,-2.911186913039E1,5.961182093567E2));
#157=LINE('',#156,#155);
#158=DIRECTION('',(4.857581782143E-2,-1.735351846578E-2,9.986687365287E-1));
#159=VECTOR('',#158,1.354185692208E-2);
#160=CARTESIAN_POINT('',(8.010729129939E1,-2.911186913039E1,5.961182093567E2));
#161=LINE('',#160,#159);
#162=DIRECTION('',(-1.581388836695E-3,9.931588719095E-1,1.167602430489E-1));
#163=VECTOR('',#162,2.138091940172E-1);
#164=CARTESIAN_POINT('',(8.010762941487E1,-2.932421562832E1,5.960932449432E2));
#165=LINE('',#164,#163);
#166=DIRECTION('',(-9.999596973193E-1,-2.127220859982E-3,8.722308672827E-3));
#167=VECTOR('',#166,3.985259349180E1);
#168=CARTESIAN_POINT('',(8.008678297553E1,-2.932670793473E1,5.961214013793E2));
#169=LINE('',#168,#167);
#170=CARTESIAN_POINT('',(8.008767737739E1,-2.932807351981E1,5.961370208462E2));
#171=CARTESIAN_POINT('',(8.008762894440E1,-2.932761726563E1,5.961318061458E2));
#172=CARTESIAN_POINT('',(8.008683140853E1,-2.932716418890E1,5.961266160797E2));
#173=CARTESIAN_POINT('',(8.008678297553E1,-2.932670793473E1,5.961214013793E2));
#175=DIRECTION('',(-9.127401366530E-3,8.715740134818E-2,-9.961527382558E-1));
#176=VECTOR('',#175,3.118632121568E0);
#177=CARTESIAN_POINT('',(8.011614238448E1,-2.959988539129E1,5.992436547737E2));
#178=LINE('',#177,#176);
#179=DIRECTION('',(-9.999492308116E-1,-2.223962688351E-3,9.828010439272E-3));
#180=VECTOR('',#179,2.108360097572E-2);
#181=CARTESIAN_POINT('',(8.013722491506E1,-2.959983850214E1,5.992434475639E2));
#182=LINE('',#181,#180);
#183=DIRECTION('',(9.121063078497E-3,-8.715741496964E-2,9.961527951194E-1));
#184=VECTOR('',#183,3.146748531086E0);
#185=CARTESIAN_POINT('',(8.010852322322E1,-2.932557603461E1,5.961088052191E2));
#186=LINE('',#185,#184);
#187=CARTESIAN_POINT('',(8.010762941487E1,-2.932421562832E1,5.960932449432E2));
#188=CARTESIAN_POINT('',(8.010767764938E1,-2.932467015018E1,5.960984398441E2));
#189=CARTESIAN_POINT('',(8.010847498870E1,-2.932512151275E1,5.961036103182E2));
#190=CARTESIAN_POINT('',(8.010852322322E1,-2.932557603461E1,5.961088052191E2));
#192=DIRECTION('',(9.999596598262E-1,2.127588996580E-3,-8.726516219585E-3));
#193=VECTOR('',#192,3.987370044141E1);
#194=CARTESIAN_POINT('',(4.023553748546E1,-2.940905047463E1,5.964412034368E2));
#195=LINE('',#194,#193);
#196=DIRECTION('',(-9.249240767540E-3,8.715713882557E-2,-9.961516374011E-1));
#197=VECTOR('',#196,2.791197977716E-2);
#198=CARTESIAN_POINT('',(4.023579565008E1,-2.941148320293E1,5.964690080012E2));
#199=LINE('',#198,#197);
#200=DIRECTION('',(5.605664863035E-2,9.982839434043E-1,1.693577531447E-2));
#201=VECTOR('',#200,1.237700577844E-1);
#202=CARTESIAN_POINT('',(8.007636027159E1,-2.968409414110E1,5.961193350571E2));
#203=LINE('',#202,#201);
#204=DIRECTION('',(-9.835753389189E-1,1.115553197801E-3,-1.804946210050E-1));
#205=VECTOR('',#204,1.140482987031E-2);
#206=CARTESIAN_POINT('',(8.008757778099E1,-2.968410686380E1,5.961213935676E2));
#207=LINE('',#206,#205);
#208=DIRECTION('',(9.999594869811E-1,2.223907405154E-3,-8.722306598956E-3));
#209=VECTOR('',#208,2.110948195336E-2);
#210=CARTESIAN_POINT('',(4.021459431939E1,-2.937232927317E1,5.964683092046E2));
#211=LINE('',#210,#209);
#212=DIRECTION('',(1.877192619872E-2,9.994907282831E-1,-2.580501623534E-2));
#213=VECTOR('',#212,1.178143720103E-1);
#214=CARTESIAN_POINT('',(4.021238271669E1,-2.949008364565E1,5.964713494064E2));
#215=LINE('',#214,#213);
#216=DIRECTION('',(1.531251027285E-2,9.997986851486E-1,1.296596329798E-2));
#217=VECTOR('',#216,1.631868479547E-1);
#218=CARTESIAN_POINT('',(4.020988391641E1,-2.965323764167E1,5.964692335317E2));
#219=LINE('',#218,#217);
#220=DIRECTION('',(1.490058632339E-2,9.998889719701E-1,-1.275138602610E-4));
#221=VECTOR('',#220,2.338545094184E-1);
#222=CARTESIAN_POINT('',(8.008329840623E1,-2.956053647974E1,5.961214311990E2));
#223=LINE('',#222,#221);
#224=DIRECTION('',(-3.461032151462E-2,9.994008370091E-1,3.043520260502E-4));
#225=VECTOR('',#224,1.236444672436E-1);
#226=CARTESIAN_POINT('',(8.008757778099E1,-2.968410686380E1,5.961213935676E2));
#227=LINE('',#226,#225);
#228=DIRECTION('',(-5.697452694962E-2,-1.048816857041E-4,-9.983756268453E-1));
#229=VECTOR('',#228,1.564490992042E-2);
#230=CARTESIAN_POINT('',(8.008846914233E1,-2.968410522293E1,5.961370130643E2));
#231=LINE('',#230,#229);
#232=DIRECTION('',(8.984246130263E-3,-1.876641831737E-6,9.999596408445E-1));
#233=VECTOR('',#232,2.907354562861E0);
#234=CARTESIAN_POINT('',(8.008846914233E1,-2.968410522293E1,5.961370130643E2));
#235=LINE('',#234,#233);
#236=DIRECTION('',(-9.999581054640E-1,-2.678020871758E-3,8.753029246533E-3));
#237=VECTOR('',#236,3.987369676999E1);
#238=CARTESIAN_POINT('',(8.012308309018E1,-2.922342807598E1,6.001349224569E2));
#239=LINE('',#238,#237);
#240=DIRECTION('',(9.999492308120E-1,2.223962688420E-3,-9.828010403632E-3));
#241=VECTOR('',#240,1.227565866600E-2);
#242=CARTESIAN_POINT('',(8.010231449587E1,-2.968413797960E1,5.990443709341E2));
#243=LINE('',#242,#241);
#244=DIRECTION('',(9.999492308118E-1,2.223962688182E-3,-9.828010423950E-3));
#245=VECTOR('',#244,1.237604250807E-2);
#246=CARTESIAN_POINT('',(8.008019418628E1,-3.010837253116E1,5.980402058455E2));
#247=LINE('',#246,#245);
#248=DIRECTION('',(8.188290396205E-3,3.890910529938E-1,9.211629087086E-1));
#249=VECTOR('',#248,1.000000000019E0);
#250=CARTESIAN_POINT('',(8.006597037090E1,-3.074052368907E1,5.965436183779E2));
#251=LINE('',#250,#249);
#252=DIRECTION('',(-9.999492308118E-1,-2.223962686527E-3,9.828010421109E-3));
#253=VECTOR('',#252,1.316327741226E-1);
#254=CARTESIAN_POINT('',(8.019759646213E1,-3.074023094269E1,5.965423246897E2));
#255=LINE('',#254,#253);
#256=DIRECTION('',(9.999492308118E-1,2.223962686539E-3,-9.828010421663E-3));
#257=VECTOR('',#256,4.E1);
#258=CARTESIAN_POINT('',(4.023238039124E1,-2.927282523818E1,6.006200967414E2));
#259=LINE('',#258,#257);
#260=DIRECTION('',(-2.223855277430E-3,9.999975269919E-1,2.185718250674E-5));
#261=VECTOR('',#260,3.560325835936E-1);
#262=CARTESIAN_POINT('',(8.008846914233E1,-2.968410522293E1,5.961370130643E2));
#263=LINE('',#262,#261);
#264=DIRECTION('',(-7.173587351260E-3,-3.890885958994E-1,-9.211724074165E-1));
#265=VECTOR('',#264,2.164681478620E-1);
#266=CARTESIAN_POINT('',(8.011614238448E1,-2.959988539129E1,5.992436547737E2));
#267=LINE('',#266,#265);
#268=DIRECTION('',(2.323130946521E-3,9.991598559139E-1,4.091681063805E-2));
#269=VECTOR('',#268,3.569595239050E-1);
#270=CARTESIAN_POINT('',(8.007553100787E1,-3.004075376757E1,5.961047294119E2));
#271=LINE('',#270,#269);
#272=DIRECTION('',(-8.938246083769E-3,-3.890926115262E-1,-9.211552786651E-1));
#273=VECTOR('',#272,1.090246936436E0);
#274=CARTESIAN_POINT('',(8.010231449587E1,-2.968413797960E1,5.990443709341E2));
#275=LINE('',#274,#273);
#276=DIRECTION('',(8.872780955870E-3,-1.498674755899E-5,9.999606359920E-1));
#277=VECTOR('',#276,2.925151022649E0);
#278=CARTESIAN_POINT('',(8.007636027159E1,-2.968409414110E1,5.961193350571E2));
#279=LINE('',#278,#277);
#280=DIRECTION('',(9.999592575220E-1,2.324791750103E-3,-8.722307000687E-3));
#281=VECTOR('',#280,3.987503909772E1);
#282=CARTESIAN_POINT('',(4.020988391641E1,-2.965323764167E1,5.964692335317E2));
#283=LINE('',#282,#281);
#284=CARTESIAN_POINT('',(4.020438131687E1,-2.974346299648E1,5.964712865405E2));
#285=CARTESIAN_POINT('',(4.020408790244E1,-2.987235540251E1,5.964667879410E2));
#286=CARTESIAN_POINT('',(4.020375385752E1,-2.999900602068E1,5.964572130610E2));
#287=CARTESIAN_POINT('',(4.020346044309E1,-3.012789842671E1,5.964527144615E2));
#289=CARTESIAN_POINT('',(4.020512661307E1,-3.013450803924E1,5.966419689476E2));
#290=CARTESIAN_POINT('',(4.020489223984E1,-3.000289576218E1,5.965863791709E2));
#291=CARTESIAN_POINT('',(4.020461569011E1,-2.987507527354E1,5.965268763172E2));
#292=CARTESIAN_POINT('',(4.020438131687E1,-2.974346299648E1,5.964712865405E2));
#294=DIRECTION('',(5.788497515882E-3,3.878527703656E-1,9.217031636141E-1));
#295=VECTOR('',#294,7.450457650055E-1);
#296=CARTESIAN_POINT('',(4.020438131687E1,-2.974346299648E1,5.964712865405E2));
#297=LINE('',#296,#295);
#298=DIRECTION('',(-6.085848754983E-2,-9.978881069096E-1,2.270617936700E-2));
#299=VECTOR('',#298,9.041630437646E-2);
#300=CARTESIAN_POINT('',(4.020988391641E1,-2.965323764167E1,5.964692335317E2));
#301=LINE('',#300,#299);
#302=DIRECTION('',(-1.531251027280E-2,-9.997986851486E-1,-1.296596329868E-2));
#303=VECTOR('',#302,1.631868479547E-1);
#304=CARTESIAN_POINT('',(4.021238271669E1,-2.949008364565E1,5.964713494064E2));
#305=LINE('',#304,#303);
#306=CARTESIAN_POINT('',(4.639899172905E1,-6.213653014504E1,6.101042818518E2));
#307=DIRECTION('',(8.188290396165E-3,3.890910529937E-1,9.211629087087E-1));
#308=DIRECTION('',(-5.872622860888E-3,9.211966166190E-1,-3.890530887045E-1));
#309=AXIS2_PLACEMENT_3D('',#306,#307,#308);
#311=CARTESIAN_POINT('',(4.639899172905E1,-6.213653014504E1,6.101042818518E2));
#312=DIRECTION('',(8.188290396165E-3,3.890910529937E-1,9.211629087087E-1));
#313=DIRECTION('',(5.872622860960E-3,-9.211966166190E-1,3.890530887045E-1));
#314=AXIS2_PLACEMENT_3D('',#311,#312,#313);
#316=CARTESIAN_POINT('',(4.623455828894E1,-3.634302487971E1,5.992107953681E2));
#317=DIRECTION('',(8.188290396165E-3,3.890910529937E-1,9.211629087087E-1));
#318=DIRECTION('',(-5.872622860986E-3,9.211966166190E-1,-3.890530887045E-1));
#319=AXIS2_PLACEMENT_3D('',#316,#317,#318);
#321=CARTESIAN_POINT('',(4.623455828894E1,-3.634302487971E1,5.992107953681E2));
#322=DIRECTION('',(8.188290396165E-3,3.890910529937E-1,9.211629087087E-1));
#323=DIRECTION('',(5.872622860973E-3,-9.211966166190E-1,3.890530887045E-1));
#324=AXIS2_PLACEMENT_3D('',#321,#322,#323);
#326=CARTESIAN_POINT('',(7.423313675167E1,-3.628075392449E1,5.989356110763E2));
#327=DIRECTION('',(8.188290396165E-3,3.890910529937E-1,9.211629087087E-1));
#328=DIRECTION('',(-5.872622860993E-3,9.211966166190E-1,-3.890530887045E-1));
#329=AXIS2_PLACEMENT_3D('',#326,#327,#328);
#331=CARTESIAN_POINT('',(7.423313675167E1,-3.628075392449E1,5.989356110763E2));
#332=DIRECTION('',(8.188290396165E-3,3.890910529937E-1,9.211629087087E-1));
#333=DIRECTION('',(5.872622861032E-3,-9.211966166190E-1,3.890530887045E-1));
#334=AXIS2_PLACEMENT_3D('',#331,#332,#333);
#336=CARTESIAN_POINT('',(7.439757019178E1,-6.207425918982E1,6.098290975600E2));
#337=DIRECTION('',(8.188290396165E-3,3.890910529937E-1,9.211629087087E-1));
#338=DIRECTION('',(-5.872622861097E-3,9.211966166190E-1,-3.890530887045E-1));
#339=AXIS2_PLACEMENT_3D('',#336,#337,#338);
#341=CARTESIAN_POINT('',(7.439757019178E1,-6.207425918982E1,6.098290975600E2));
#342=DIRECTION('',(8.188290396165E-3,3.890910529937E-1,9.211629087087E-1));
#343=DIRECTION('',(5.872622860980E-3,-9.211966166190E-1,3.890530887045E-1));
#344=AXIS2_PLACEMENT_3D('',#341,#342,#343);
#346=DIRECTION('',(-9.999492308118E-1,-2.223962686547E-3,9.828010421660E-3));
#347=VECTOR('',#346,3.986148375314E1);
#348=CARTESIAN_POINT('',(8.006458663104E1,-3.004585758674E1,5.962502098698E2));
#349=LINE('',#348,#347);
#350=DIRECTION('',(8.798155181789E-3,-3.490183903672E-2,9.993520171077E-1));
#351=VECTOR('',#350,1.936609691629E0);
#352=CARTESIAN_POINT('',(8.007553100787E1,-3.004075376757E1,5.961047294119E2));
#353=LINE('',#352,#351);
#354=DIRECTION('',(9.999595290507E-1,2.185518110152E-3,-8.727185756140E-3));
#355=VECTOR('',#354,3.987368429064E1);
#356=CARTESIAN_POINT('',(4.020346044309E1,-3.012789842671E1,5.964527144615E2));
#357=LINE('',#356,#355);
#358=DIRECTION('',(-8.798155181958E-3,3.490183903705E-2,-9.993520171077E-1));
#359=VECTOR('',#358,1.893771992807E-1);
#360=CARTESIAN_POINT('',(4.020512661307E1,-3.013450803924E1,5.966419689476E2));
#361=LINE('',#360,#359);
#362=DIRECTION('',(8.199788411071E-3,-3.490314057875E-2,9.993570604382E-1));
#363=VECTOR('',#362,1.102466184811E0);
#364=CARTESIAN_POINT('',(8.006458663104E1,-3.004585758674E1,5.962502098698E2));
#365=LINE('',#364,#363);
#366=DIRECTION('',(-1.834980146545E-3,9.211980869892E-1,-3.890896007032E-1));
#367=VECTOR('',#366,7.540898229636E-1);
#368=CARTESIAN_POINT('',(8.006597037090E1,-3.074052368907E1,5.965436183779E2));
#369=LINE('',#368,#367);
#370=DIRECTION('',(9.536323485002E-3,-3.490021617657E-2,9.993453024081E-1));
#371=VECTOR('',#370,6.886894932892E-1);
#372=CARTESIAN_POINT('',(8.007362662049E1,-3.008433711897E1,5.973519672355E2));
#373=LINE('',#372,#371);
#374=DIRECTION('',(-1.834980146821E-3,9.211980869763E-1,-3.890896007336E-1));
#375=VECTOR('',#374,2.899436297960E-1);
#376=CARTESIAN_POINT('',(8.007415866129E1,-3.035143263607E1,5.974647812867E2));
#377=LINE('',#376,#375);
#378=DIRECTION('',(-9.661750133600E-3,-3.890939076764E-1,-9.211474266335E-1));
#379=VECTOR('',#378,6.246823712975E-1);
#380=CARTESIAN_POINT('',(8.008019418628E1,-3.010837253116E1,5.980402058455E2));
#381=LINE('',#380,#379);
#382=CARTESIAN_POINT('',(4.019212248886E1,-2.974295124363E1,5.964766944202E2));
#383=CARTESIAN_POINT('',(4.019414145943E1,-2.964701383203E1,5.967038237372E2));
#384=CARTESIAN_POINT('',(4.020667504186E1,-2.955043234408E1,5.969308682621E2));
#385=CARTESIAN_POINT('',(4.020869401243E1,-2.945449493247E1,5.971579975792E2));
#387=DIRECTION('',(-9.142629409028E-1,3.816650813169E-2,4.033194671086E-1));
#388=VECTOR('',#387,1.340842712726E-2);
#389=CARTESIAN_POINT('',(4.020438131687E1,-2.974346299648E1,5.964712865405E2));
#390=LINE('',#389,#388);
#391=DIRECTION('',(2.968146747663E-2,-5.310112774371E-2,-9.981479252700E-1));
#392=VECTOR('',#391,2.766722636333E-1);
#393=CARTESIAN_POINT('',(4.020048197364E1,-2.943980332326E1,5.974341574251E2));
#394=LINE('',#393,#392);
#395=DIRECTION('',(8.188290396169E-3,3.890910529937E-1,9.211629087087E-1));
#396=VECTOR('',#395,1.E0);
#397=CARTESIAN_POINT('',(4.019707666641E1,-3.223005111353E1,5.975271793365E2));
#398=LINE('',#397,#396);
#399=DIRECTION('',(1.834980146547E-3,-9.211980869891E-1,3.890896007033E-1));
#400=VECTOR('',#399,2.699853489732E0);
#401=CARTESIAN_POINT('',(4.019212248886E1,-2.974295124363E1,5.964766944202E2));
#402=LINE('',#401,#400);
#403=CARTESIAN_POINT('',(4.021044683484E1,-2.944001021500E1,5.974296868440E2));
#404=CARTESIAN_POINT('',(4.020969820690E1,-2.944471576418E1,5.973398971793E2));
#405=CARTESIAN_POINT('',(4.020944264037E1,-2.944978938329E1,5.972477872439E2));
#406=CARTESIAN_POINT('',(4.020869401243E1,-2.945449493247E1,5.971579975792E2));
#408=DIRECTION('',(5.838473530176E-3,5.232685284331E-2,9.986129443875E-1));
#409=VECTOR('',#408,1.292630284094E0);
#410=CARTESIAN_POINT('',(4.021044683484E1,-2.944001021500E1,5.974296868440E2));
#411=LINE('',#410,#409);
#412=DIRECTION('',(9.999903546462E-1,2.223922110490E-3,-3.787450983128E-3));
#413=VECTOR('',#412,1.790886779175E-1);
#414=CARTESIAN_POINT('',(4.003550736885E1,-2.937272755244E1,5.964689874942E2));
#415=LINE('',#414,#413);
#416=DIRECTION('',(-9.092817689212E-3,1.635172333434E-6,-9.999586594774E-1));
#417=VECTOR('',#416,6.863646507590E-1);
#418=CARTESIAN_POINT('',(4.004174835748E1,-2.937272867476E1,5.971553237703E2));
#419=LINE('',#418,#417);
#420=DIRECTION('',(9.999888280465E-1,2.223927099116E-3,-4.171082656023E-3));
#421=VECTOR('',#420,1.286425851804E-2);
#422=CARTESIAN_POINT('',(4.002888424269E1,-2.937275728394E1,5.971553774282E2));
#423=LINE('',#422,#421);
#424=DIRECTION('',(-8.453832439329E-3,3.056309184512E-6,-9.999642657154E-1));
#425=VECTOR('',#424,2.741152231107E-1);
#426=CARTESIAN_POINT('',(4.003120156685E1,-2.937275812172E1,5.974294828560E2));
#427=LINE('',#426,#425);
#428=DIRECTION('',(-9.839344367376E-3,-2.515348854996E-8,-9.999515924796E-1));
#429=VECTOR('',#428,3.055375125891E0);
#430=CARTESIAN_POINT('',(4.006126445489E1,-2.937275804486E1,6.004847100787E2));
#431=LINE('',#430,#429);
#432=DIRECTION('',(-9.999594501533E-1,-2.223961337451E-3,8.726513916785E-3));
#433=VECTOR('',#432,1.699990173797E-1);
#434=CARTESIAN_POINT('',(4.023125657883E1,-2.937237997362E1,6.004832265799E2));
#435=LINE('',#434,#433);
#436=CARTESIAN_POINT('',(4.023037909394E1,-2.937238143473E1,6.004607949688E2));
#437=CARTESIAN_POINT('',(4.023045263636E1,-2.937238143473E1,6.004682775299E2));
#438=CARTESIAN_POINT('',(4.023118303641E1,-2.937237997362E1,6.004757440188E2));
#439=CARTESIAN_POINT('',(4.023125657883E1,-2.937237997362E1,6.004832265799E2));
#441=CARTESIAN_POINT('',(4.021029638983E1,-2.937235984426E1,5.974296883227E2));
#442=CARTESIAN_POINT('',(4.021453012461E1,-2.937235983343E1,5.978599537621E2));
#443=CARTESIAN_POINT('',(4.021376008776E1,-2.937237095117E1,5.982902587386E2));
#444=CARTESIAN_POINT('',(4.021799382254E1,-2.937237094034E1,5.987205241780E2));
#446=DIRECTION('',(8.453832439313E-3,-3.056309080831E-6,9.999642657154E-1));
#447=VECTOR('',#446,2.741152231104E-1);
#448=CARTESIAN_POINT('',(4.020797906567E1,-2.937235900648E1,5.971555828949E2));
#449=LINE('',#448,#447);
#450=DIRECTION('',(-9.999888280464E-1,-2.223927100759E-3,4.171082673672E-3));
#451=VECTOR('',#450,1.286425851812E-2);
#452=CARTESIAN_POINT('',(4.022084318047E1,-2.937233039730E1,5.971555292370E2));
#453=LINE('',#452,#451);
#454=DIRECTION('',(9.092579471168E-3,-1.635702179309E-6,9.999586616435E-1));
#455=VECTOR('',#454,6.872484421249E-1);
#456=CARTESIAN_POINT('',(4.021459431939E1,-2.937232927317E1,5.964683092046E2));
#457=LINE('',#456,#455);
#458=DIRECTION('',(-2.223855277376E-3,9.999975269919E-1,2.185718254665E-5));
#459=VECTOR('',#458,1.399996537789E1);
#460=CARTESIAN_POINT('',(4.004174835748E1,-2.937272867476E1,5.971553237703E2));
#461=LINE('',#460,#459);
#462=DIRECTION('',(9.092817689224E-3,-1.635172436957E-6,9.999586594774E-1));
#463=VECTOR('',#462,6.863646507589E-1);
#464=CARTESIAN_POINT('',(4.000437347196E1,-1.537279679658E1,5.964692934940E2));
#465=LINE('',#464,#463);
#466=DIRECTION('',(-6.934519953099E-3,-9.961757539121E-1,-8.709638196083E-2));
#467=VECTOR('',#466,1.812274375893E-1);
#468=CARTESIAN_POINT('',(4.000563019724E1,-1.519226241731E1,5.964850777481E2));
#469=LINE('',#468,#467);
#470=DIRECTION('',(-2.739823275298E-3,-9.961926911420E-1,-8.713561547216E-2));
#471=VECTOR('',#470,1.805562858561E-1);
#472=CARTESIAN_POINT('',(4.000612488955E1,-1.501239356500E1,5.965008106312E2));
#473=LINE('',#472,#471);
#474=DIRECTION('',(7.195491788992E-3,9.659147653181E-1,2.587602964876E-1));
#475=VECTOR('',#474,1.964578999030E-1);
#476=CARTESIAN_POINT('',(4.001299399219E1,-1.528509682280E1,5.973979164383E2));
#477=LINE('',#476,#475);
#478=DIRECTION('',(9.234375304771E-3,3.403463258295E-1,9.402548084467E-1));
#479=VECTOR('',#478,2.576819241063E-1);
#480=CARTESIAN_POINT('',(4.001061446060E1,-1.537279791890E1,5.971556297701E2));
#481=LINE('',#480,#479);
#482=DIRECTION('',(-9.999594868611E-1,-2.223961326940E-3,8.722306599154E-3));
#483=VECTOR('',#482,3.987370044141E1);
#484=CARTESIAN_POINT('',(7.987645850460E1,-1.528411922884E1,5.961215028535E2));
#485=LINE('',#484,#483);
#486=DIRECTION('',(6.934554545745E-3,9.961757698288E-1,8.709619715770E-2));
#487=VECTOR('',#486,1.793008800569E-1);
#488=CARTESIAN_POINT('',(7.987645850460E1,-1.528411922884E1,5.961215028535E2));
#489=LINE('',#488,#487);
#490=DIRECTION('',(8.799343614374E-3,4.162893298675E-2,9.990943916820E-1));
#491=VECTOR('',#490,4.003470460361E0);
#492=CARTESIAN_POINT('',(7.995556472330E1,2.483901832415E1,5.961364397795E2));
#493=LINE('',#492,#491);
#494=DIRECTION('',(1.970789476139E-3,9.999980578446E-1,-1.719881944043E-5));
#495=VECTOR('',#494,1.786138982531E-1);
#496=CARTESIAN_POINT('',(7.987734986595E1,-1.528411758797E1,5.961371223502E2));
#497=LINE('',#496,#495);
#498=DIRECTION('',(-1.953165641015E-3,-9.999980923089E-1,2.286129089018E-5));
#499=VECTOR('',#498,4.028283154913E1);
#500=CARTESIAN_POINT('',(7.999079263553E1,2.500567852766E1,6.001362846637E2));
#501=LINE('',#500,#499);
#502=DIRECTION('',(-2.063646042741E-3,-9.999978697572E-1,4.296675999736E-5));
#503=VECTOR('',#502,4.036943536067E1);
#504=CARTESIAN_POINT('',(4.011892441766E1,2.502017671609E1,6.004842411862E2));
#505=LINE('',#504,#503);
#506=DIRECTION('',(-9.999601194467E-1,-1.807922035623E-3,8.745909555831E-3));
#507=VECTOR('',#506,3.987808776110E1);
#508=CARTESIAN_POINT('',(7.991211359302E1,-1.527707617428E1,6.001372055813E2));
#509=LINE('',#508,#507);
#510=DIRECTION('',(9.999595002310E-1,2.265719116475E-3,-8.710018060535E-3));
#511=VECTOR('',#510,3.988036477956E1);
#512=CARTESIAN_POINT('',(4.003336395902E1,-1.536743387913E1,6.004845642788E2));
#513=LINE('',#512,#511);
#514=DIRECTION('',(1.089908581319E-2,1.765484272604E-3,9.999390446391E-1));
#515=VECTOR('',#514,3.054961639284E0);
#516=CARTESIAN_POINT('',(4.000006766996E1,-1.537282736586E1,5.974297888558E2));
#517=LINE('',#516,#515);
#518=DIRECTION('',(1.398393472335E-3,-9.402989156555E-1,3.403468726356E-1));
#519=VECTOR('',#518,9.329495341984E-2);
#520=CARTESIAN_POINT('',(3.999993720691E1,-1.528510222232E1,5.973980362101E2));
#521=LINE('',#520,#519);
#522=DIRECTION('',(-2.569893899782E-2,8.714363218241E-2,-9.958642236291E-1));
#523=VECTOR('',#522,3.639336584274E-2);
#524=CARTESIAN_POINT('',(4.000176626225E1,-1.509853671613E1,5.974851126682E2));
#525=LINE('',#524,#523);
#526=DIRECTION('',(-9.435139051355E-3,8.717135405548E-2,-9.961486501438E-1));
#527=VECTOR('',#526,3.011455209482E0);
#528=CARTESIAN_POINT('',(4.003017976090E1,-1.536104934442E1,6.004849697101E2));
#529=LINE('',#528,#527);
#530=DIRECTION('',(-4.455896718308E-1,8.934377230859E-1,5.673516832473E-2));
#531=VECTOR('',#530,7.146032169334E-3);
#532=CARTESIAN_POINT('',(4.003336395902E1,-1.536743387913E1,6.004845642788E2));
#533=LINE('',#532,#531);
#534=DIRECTION('',(-1.992131004383E-3,9.999980156509E-1,-1.041030332653E-5));
#535=VECTOR('',#534,1.400535195724E1);
#536=CARTESIAN_POINT('',(4.006126445489E1,-2.937275804486E1,6.004847100787E2));
#537=LINE('',#536,#535);
#538=DIRECTION('',(-2.223855277378E-3,9.999975269919E-1,2.185718264409E-5));
#539=VECTOR('',#538,1.399996537789E1);
#540=CARTESIAN_POINT('',(4.003120156685E1,-2.937275812172E1,5.974294828560E2));
#541=LINE('',#540,#539);
#542=DIRECTION('',(9.999888280465E-1,2.223927101458E-3,-4.171082647177E-3));
#543=VECTOR('',#542,1.286425851807E-2);
#544=CARTESIAN_POINT('',(3.999775034580E1,-1.537282652808E1,5.971556834280E2));
#545=LINE('',#544,#543);
#546=DIRECTION('',(-2.223855277379E-3,9.999975269919E-1,2.185718252229E-5));
#547=VECTOR('',#546,1.399996537789E1);
#548=CARTESIAN_POINT('',(4.002888424269E1,-2.937275728394E1,5.971553774282E2));
#549=LINE('',#548,#547);
#550=DIRECTION('',(8.484417961944E-3,3.403461114099E-1,9.402619523835E-1));
#551=VECTOR('',#550,2.577502807145E-1);
#552=CARTESIAN_POINT('',(3.999775034580E1,-1.537282652808E1,5.971556834280E2));
#553=LINE('',#552,#551);
#554=DIRECTION('',(9.999598662011E-1,2.211768133876E-3,-8.681824045497E-3));
#555=VECTOR('',#554,1.357715694266E-2);
#556=CARTESIAN_POINT('',(4.000083099136E1,-1.509536526605E1,5.974488698172E2));
#557=LINE('',#556,#555);
#558=DIRECTION('',(4.550129192815E-3,9.659237902515E-1,2.587866452321E-1));
#559=VECTOR('',#558,1.964305654245E-1);
#560=CARTESIAN_POINT('',(3.999993720691E1,-1.528510222232E1,5.973980362101E2));
#561=LINE('',#560,#559);
#562=DIRECTION('',(-9.999578438055E-1,-4.135238254342E-4,9.172764571079E-3));
#563=VECTOR('',#562,1.305733573182E-2);
#564=CARTESIAN_POINT('',(4.001299399219E1,-1.528509682280E1,5.973979164383E2));
#565=LINE('',#564,#563);
#566=DIRECTION('',(8.703995963624E-3,-8.716031820095E-2,9.961562725724E-1));
#567=VECTOR('',#566,9.515989986522E-1);
#568=CARTESIAN_POINT('',(4.000612488955E1,-1.501239356500E1,5.965008106312E2));
#569=LINE('',#568,#567);
#570=DIRECTION('',(-8.799343614383E-3,-4.162893298675E-2,-9.990943916820E-1));
#571=VECTOR('',#570,4.003470460361E0);
#572=CARTESIAN_POINT('',(4.011892441766E1,2.502017671609E1,6.004842411862E2));
#573=LINE('',#572,#571);
#574=DIRECTION('',(3.416695613904E-3,9.848061803782E-1,1.736234813609E-1));
#575=VECTOR('',#574,2.742894291709E-1);
#576=CARTESIAN_POINT('',(4.001528749723E1,-1.509850670456E1,5.974849946424E2));
#577=LINE('',#576,#575);
#578=DIRECTION('',(2.417833047432E-2,-8.714778974E-2,9.959019384854E-1));
#579=VECTOR('',#578,3.639183564014E-2);
#580=CARTESIAN_POINT('',(4.001440760340E1,-1.509533523652E1,5.974487519427E2));
#581=LINE('',#580,#579);
#582=DIRECTION('',(1.949422933554E-3,9.999980997285E-1,-1.701664460806E-5));
#583=VECTOR('',#582,4.004585502789E1);
#584=CARTESIAN_POINT('',(4.000563019724E1,-1.519226241731E1,5.964850777481E2));
#585=LINE('',#584,#583);
#586=DIRECTION('',(-9.999595559946E-1,-2.175830554708E-3,8.726519148174E-3));
#587=VECTOR('',#586,3.987368433060E1);
#588=CARTESIAN_POINT('',(7.987770187634E1,-1.510550403661E1,5.961371192783E2));
#589=LINE('',#588,#587);
#590=DIRECTION('',(-1.949270999346E-3,-9.999981000248E-1,1.701103031080E-5));
#591=VECTOR('',#590,3.994459825451E1);
#592=CARTESIAN_POINT('',(7.995556472330E1,2.483901832415E1,5.961364397795E2));
#593=LINE('',#592,#591);
#594=DIRECTION('',(-1.029286643156E-7,9.999999999756E-1,-6.986245923086E-6));
#595=VECTOR('',#594,4.329086634457E0);
#596=CARTESIAN_POINT('',(7.571275114110E1,2.051292762193E1,5.961734662527E2));
#597=LINE('',#596,#595);
#598=DIRECTION('',(-9.999617228966E-1,7.558249542939E-4,8.716735071448E-3));
#599=VECTOR('',#598,4.630412919808E0);
#600=CARTESIAN_POINT('',(4.471393218644E1,2.485001673095E1,5.964440342193E2));
#601=LINE('',#600,#599);
#602=DIRECTION('',(-9.999618579454E-1,6.090283591310E-5,8.733781838470E-3));
#603=VECTOR('',#602,2.999999906271E0);
#604=CARTESIAN_POINT('',(4.771381766655E1,2.484983402245E1,5.964178328746E2));
#605=LINE('',#604,#603);
#606=DIRECTION('',(8.718980492674E-3,4.157562995763E-2,9.990973157670E-1));
#607=VECTOR('',#606,1.701481093864E1);
#608=CARTESIAN_POINT('',(4.756546586189E1,2.414243253907E1,5.794183809376E2));
#609=LINE('',#608,#607);
#610=DIRECTION('',(-4.094189466638E-7,9.991389179912E-1,-4.149002958815E-2));
#611=VECTOR('',#610,1.009082269428E-1);
#612=CARTESIAN_POINT('',(4.771381766655E1,2.484983402245E1,5.964178328746E2));
#613=LINE('',#612,#611);
#614=DIRECTION('',(8.718970788648E-3,4.162896229570E-2,9.990950950968E-1));
#615=VECTOR('',#614,1.701474942227E1);
#616=CARTESIAN_POINT('',(5.256527580743E1,2.414061766155E1,5.793748238771E2));
#617=LINE('',#616,#615);
#618=DIRECTION('',(9.999619890516E-1,-3.629755039178E-4,-8.711412093937E-3));
#619=VECTOR('',#618,5.000000000283E0);
#620=CARTESIAN_POINT('',(4.756546586189E1,2.414243253907E1,5.794183809376E2));
#621=LINE('',#620,#619);
#622=DIRECTION('',(9.999618652495E-1,-1.819997496597E-4,-8.731261236007E-3));
#623=VECTOR('',#622,4.999999917819E0);
#624=CARTESIAN_POINT('',(4.771381766655E1,2.484983402245E1,5.964178328746E2));
#625=LINE('',#624,#623);
#626=DIRECTION('',(-8.718963057879E-3,-4.169296084390E-2,-9.990924265048E-1));
#627=VECTOR('',#626,1.701484027632E1);
#628=CARTESIAN_POINT('',(4.471393218644E1,2.485001673095E1,5.964440342193E2));
#629=LINE('',#628,#627);
#630=DIRECTION('',(1.522525213105E-7,9.999999999453E-1,1.046005068064E-5));
#631=VECTOR('',#630,4.337089109263E0);
#632=CARTESIAN_POINT('',(4.471393152611E1,2.051292762193E1,5.964439888532E2));
#633=LINE('',#632,#631);
#634=DIRECTION('',(8.726535498368E-3,-1.265184035967E-11,9.999619230642E-1));
#635=VECTOR('',#634,1.700000000002E1);
#636=CARTESIAN_POINT('',(4.706548523029E1,2.051292762214E1,5.794228198223E2));
#637=LINE('',#636,#635);
#638=DIRECTION('',(9.999619230642E-1,-1.705302565824E-14,-8.726535498681E-3));
#639=VECTOR('',#638,2.5E0);
#640=CARTESIAN_POINT('',(4.456558042263E1,2.051292762214E1,5.794446361611E2));
#641=LINE('',#640,#639);
#642=DIRECTION('',(-8.726535498366E-3,1.265372120809E-11,-9.999619230642E-1));
#643=VECTOR('',#642,1.700000000002E1);
#644=CARTESIAN_POINT('',(4.471393152611E1,2.051292762193E1,5.964439888532E2));
#645=LINE('',#644,#643);
#646=DIRECTION('',(-9.999619230642E-1,0.E0,8.726535498408E-3));
#647=VECTOR('',#646,2.5E0);
#648=CARTESIAN_POINT('',(4.721383633377E1,2.051292762193E1,5.964221725144E2));
#649=LINE('',#648,#647);
#650=DIRECTION('',(0.E0,1.E0,0.E0));
#651=VECTOR('',#650,2.5E0);
#652=CARTESIAN_POINT('',(4.721383633377E1,1.801292762193E1,5.964221725144E2));
#653=LINE('',#652,#651);
#654=DIRECTION('',(-9.999619230642E-1,0.E0,8.726535498375E-3));
#655=VECTOR('',#654,2.6E1);
#656=CARTESIAN_POINT('',(7.321284633344E1,1.801292762193E1,5.961952825915E2));
#657=LINE('',#656,#655);
#658=DIRECTION('',(8.726535498366E-3,-1.265184035965E-11,9.999619230642E-1));
#659=VECTOR('',#658,1.700000000004E1);
#660=CARTESIAN_POINT('',(7.306449522996E1,1.801292762214E1,5.791959298993E2));
#661=LINE('',#660,#659);
#662=DIRECTION('',(9.999619230642E-1,0.E0,-8.726535498773E-3));
#663=VECTOR('',#662,2.6E1);
#664=CARTESIAN_POINT('',(4.706548523029E1,1.801292762214E1,5.794228198223E2));
#665=LINE('',#664,#663);
#666=DIRECTION('',(-8.726535498368E-3,1.265184035966E-11,-9.999619230642E-1));
#667=VECTOR('',#666,1.700000000003E1);
#668=CARTESIAN_POINT('',(4.721383633377E1,1.801292762193E1,5.964221725144E2));
#669=LINE('',#668,#667);
#670=DIRECTION('',(3.979039320256E-14,-1.E0,3.319655661471E-12));
#671=VECTOR('',#670,2.5E0);
#672=CARTESIAN_POINT('',(7.321284633344E1,2.051292762193E1,5.961952825915E2));
#673=LINE('',#672,#671);
#674=DIRECTION('',(-8.726535498363E-3,1.264954154494E-11,-9.999619230642E-1));
#675=VECTOR('',#674,1.700000000001E1);
#676=CARTESIAN_POINT('',(7.321284633344E1,2.051292762193E1,5.961952825915E2));
#677=LINE('',#676,#675);
#678=DIRECTION('',(-9.999619230642E-1,0.E0,8.726535498362E-3));
#679=VECTOR('',#678,2.5E0);
#680=CARTESIAN_POINT('',(7.571275114110E1,2.051292762193E1,5.961734662527E2));
#681=LINE('',#680,#679);
#682=DIRECTION('',(8.726535498369E-3,-1.265163137651E-11,9.999619230642E-1));
#683=VECTOR('',#682,1.700000000002E1);
#684=CARTESIAN_POINT('',(7.556440003762E1,2.051292762214E1,5.791741135606E2));
#685=LINE('',#684,#683);
#686=DIRECTION('',(9.999619230641E-1,0.E0,-8.726535501455E-3));
#687=VECTOR('',#686,2.5E0);
#688=CARTESIAN_POINT('',(7.306449522996E1,2.051292762214E1,5.791959298994E2));
#689=LINE('',#688,#687);
#690=DIRECTION('',(8.718991124325E-3,4.154362972116E-2,9.990986467929E-1));
#691=VECTOR('',#690,1.701465866516E1);
#692=CARTESIAN_POINT('',(7.556440003762E1,2.413516357686E1,5.791741135606E2));
#693=LINE('',#692,#691);
#694=DIRECTION('',(-9.999619230642E-1,-1.007786495379E-11,8.726535496235E-3));
#695=VECTOR('',#694,2.999999855647E0);
#696=CARTESIAN_POINT('',(7.556440003762E1,2.413516357686E1,5.791741135606E2));
#697=LINE('',#696,#695);
#698=DIRECTION('',(-8.718975221179E-3,-4.159340717761E-2,-9.990965758877E-1));
#699=VECTOR('',#698,1.701469897796E1);
#700=CARTESIAN_POINT('',(7.271286515156E1,2.484286287942E1,5.961996206545E2));
#701=LINE('',#700,#699);
#702=DIRECTION('',(1.113272351191E-6,9.991330726883E-1,-4.163055439514E-2));
#703=VECTOR('',#702,9.878903191212E-2);
#704=CARTESIAN_POINT('',(7.271286515156E1,2.484286287942E1,5.961996206545E2));
#705=LINE('',#704,#703);
#706=DIRECTION('',(-9.999618683914E-1,2.828743880762E-4,8.728215464012E-3));
#707=VECTOR('',#706,2.999999938769E0);
#708=CARTESIAN_POINT('',(7.571275069551E1,2.484201425628E1,5.961734360086E2));
#709=LINE('',#708,#707);
#710=DIRECTION('',(-9.999617359738E-1,7.060921062557E-4,8.719404917063E-3));
#711=VECTOR('',#710,4.242976381146E0);
#712=CARTESIAN_POINT('',(7.995556472330E1,2.483901832415E1,5.961364397795E2));
#713=LINE('',#712,#711);
#714=DIRECTION('',(0.E0,-9.991330730922E-1,4.163054471537E-2));
#715=VECTOR('',#714,9.999999999956E-2);
#716=CARTESIAN_POINT('',(7.995556472330E1,2.493893163146E1,5.961322767251E2));
#717=LINE('',#716,#715);
#718=DIRECTION('',(0.E0,-9.991330730924E-1,4.163054471179E-2));
#719=VECTOR('',#718,9.999999999996E-2);
#720=CARTESIAN_POINT('',(7.999079263553E1,2.510559183496E1,6.001321216093E2));
#721=LINE('',#720,#719);
#722=DIRECTION('',(9.999618569622E-1,-3.636056217286E-4,-8.726534921509E-3));
#723=VECTOR('',#722,3.987338911006E1);
#724=CARTESIAN_POINT('',(4.011892441766E1,2.502017671609E1,6.004842411862E2));
#725=LINE('',#724,#723);
#726=DIRECTION('',(-7.105427357600E-14,-9.991330730924E-1,4.163054471064E-2));
#727=VECTOR('',#726,1.E-1);
#728=CARTESIAN_POINT('',(4.011892441766E1,2.512009002340E1,6.004800781318E2));
#729=LINE('',#728,#727);
#730=DIRECTION('',(-7.105427357628E-14,-9.991330730923E-1,4.163054471421E-2));
#731=VECTOR('',#730,9.999999999962E-2);
#732=CARTESIAN_POINT('',(4.008369650543E1,2.495342981989E1,5.964802332476E2));
#733=LINE('',#732,#731);
#734=DIRECTION('',(-9.999618569622E-1,3.636056217750E-4,8.726534921513E-3));
#735=VECTOR('',#734,7.630412166911E0);
#736=CARTESIAN_POINT('',(4.771381762524E1,2.495065535913E1,5.964136461893E2));
#737=LINE('',#736,#735);
#738=DIRECTION('',(8.718970805297E-3,4.162896229578E-2,9.990950950967E-1));
#739=VECTOR('',#738,1.701482510489E1);
#740=CARTESIAN_POINT('',(4.756546586189E1,2.424234584637E1,5.794142178831E2));
#741=LINE('',#740,#739);
#742=DIRECTION('',(-9.999619890516E-1,3.629755039266E-4,8.711412094084E-3));
#743=VECTOR('',#742,5.000000275718E0);
#744=CARTESIAN_POINT('',(5.256527608286E1,2.424053096875E1,5.793706608202E2));
#745=LINE('',#744,#743);
#746=DIRECTION('',(-9.999618569622E-1,3.636056217311E-4,8.726534921506E-3));
#747=VECTOR('',#746,1.500000097639E1);
#748=CARTESIAN_POINT('',(6.756470491364E1,2.423507688407E1,5.792397627879E2));
#749=LINE('',#748,#747);
#750=DIRECTION('',(-9.999619890516E-1,3.629755039840E-4,8.711412095666E-3));
#751=VECTOR('',#750,4.999999739459E0);
#752=CARTESIAN_POINT('',(7.256451459837E1,2.423326200665E1,5.791962057297E2));
#753=LINE('',#752,#751);
#754=DIRECTION('',(-8.718970782858E-3,-4.162896229581E-2,-9.990950950969E-1));
#755=VECTOR('',#754,1.701469896719E1);
#756=CARTESIAN_POINT('',(7.271286526154E1,2.494156626843E1,5.961955080123E2));
#757=LINE('',#756,#755);
#758=DIRECTION('',(-9.999618265349E-1,3.637506168557E-4,8.730014804498E-3));
#759=VECTOR('',#758,7.242975951243E0);
#760=CARTESIAN_POINT('',(7.995556472330E1,2.493893163146E1,5.961322767251E2));
#761=LINE('',#760,#759);
#762=DIRECTION('',(-8.799343614374E-3,-4.162893298685E-2,-9.990943916820E-1));
#763=VECTOR('',#762,4.003470460361E0);
#764=CARTESIAN_POINT('',(7.999079263553E1,2.510559183496E1,6.001321216093E2));
#765=LINE('',#764,#763);
#766=DIRECTION('',(9.999618569622E-1,-3.636056217300E-4,-8.726534921512E-3));
#767=VECTOR('',#766,3.987338911006E1);
#768=CARTESIAN_POINT('',(4.011892441766E1,2.512009002340E1,6.004800781318E2));
#769=LINE('',#768,#767);
#770=DIRECTION('',(8.799343614384E-3,4.162893298685E-2,9.990943916820E-1));
#771=VECTOR('',#770,4.003470460361E0);
#772=CARTESIAN_POINT('',(4.008369650543E1,2.495342981989E1,5.964802332476E2));
#773=LINE('',#772,#771);
#774=DIRECTION('',(-2.754237087337E-6,-9.991330720884E-1,4.163056871522E-2));
#775=VECTOR('',#774,9.999999999822E-2);
#776=CARTESIAN_POINT('',(5.256527608286E1,2.424053096875E1,5.793706608202E2));
#777=LINE('',#776,#775);
#778=DIRECTION('',(0.E0,9.991330730925E-1,-4.163054470927E-2));
#779=VECTOR('',#778,9.999999999783E-2);
#780=CARTESIAN_POINT('',(4.756546586189E1,2.414243253907E1,5.794183809376E2));
#781=LINE('',#780,#779);
#782=DIRECTION('',(-9.999618569622E-1,3.636056217209E-4,8.726534921282E-3));
#783=VECTOR('',#782,1.500000099177E1);
#784=CARTESIAN_POINT('',(6.756470465360E1,2.413516357686E1,5.792439258446E2));
#785=LINE('',#784,#783);
#786=DIRECTION('',(-2.600430519853E-6,-9.991330721434E-1,4.163056740671E-2));
#787=VECTOR('',#786,9.999999999817E-2);
#788=CARTESIAN_POINT('',(6.756470491364E1,2.423507688407E1,5.792397627879E2));
#789=LINE('',#788,#787);
#790=DIRECTION('',(9.999619230642E-1,1.332267629503E-14,-8.726535498258E-3));
#791=VECTOR('',#790,8.000000000283E0);
#792=CARTESIAN_POINT('',(4.456558042263E1,2.414061766155E1,5.794446361611E2));
#793=LINE('',#792,#791);
#794=DIRECTION('',(6.267726100450E-14,1.E0,6.487096513966E-12));
#795=VECTOR('',#794,3.627690039405E0);
#796=CARTESIAN_POINT('',(4.456558042263E1,2.051292762214E1,5.794446361611E2));
#797=LINE('',#796,#795);
#798=DIRECTION('',(5.115907697473E-14,1.E0,4.501998773776E-12));
#799=VECTOR('',#798,2.5E0);
#800=CARTESIAN_POINT('',(4.706548523029E1,1.801292762214E1,5.794228198223E2));
#801=LINE('',#800,#799);
#802=DIRECTION('',(-8.526512829121E-14,-1.E0,-8.822098607197E-12));
#803=VECTOR('',#802,2.5E0);
#804=CARTESIAN_POINT('',(7.306449522996E1,2.051292762214E1,5.791959298994E2));
#805=LINE('',#804,#803);
#806=DIRECTION('',(-1.020039078663E-13,-1.E0,-1.073394968932E-11));
#807=VECTOR('',#806,3.622235954719E0);
#808=CARTESIAN_POINT('',(7.556440003762E1,2.413516357686E1,5.791741135606E2));
#809=LINE('',#808,#807);
#810=DIRECTION('',(-9.999619230642E-1,6.012612457002E-12,8.726535499091E-3));
#811=VECTOR('',#810,5.000000143865E0);
#812=CARTESIAN_POINT('',(7.256451441278E1,2.413516357683E1,5.792002931659E2));
#813=LINE('',#812,#811);
#814=DIRECTION('',(-1.890232290048E-6,-9.991330724033E-1,4.163056120764E-2));
#815=VECTOR('',#814,9.818354784439E-2);
#816=CARTESIAN_POINT('',(7.256451459837E1,2.423326200665E1,5.791962057297E2));
#817=LINE('',#816,#815);
#818=CARTESIAN_POINT('',(4.003561619213E1,-1.534917264788E1,6.004859757301E2));
#819=CARTESIAN_POINT('',(4.002736029646E1,-1.517557983593E1,5.995015359059E2));
#820=CARTESIAN_POINT('',(4.002448055639E1,-1.500197759145E1,5.985170575521E2));
#821=CARTESIAN_POINT('',(4.001622466072E1,-1.482838477950E1,5.975326177279E2));
#823=CARTESIAN_POINT('',(4.000335838839E1,-1.482841093358E1,5.975327302255E2));
#824=CARTESIAN_POINT('',(4.001231873557E1,-1.500200209428E1,5.985171626468E2));
#825=CARTESIAN_POINT('',(4.002665584494E1,-1.517558148718E1,5.995015433088E2));
#826=CARTESIAN_POINT('',(4.003561619213E1,-1.534917264788E1,6.004859757301E2));
#828=DIRECTION('',(4.149792969733E-1,9.065842960883E-1,7.679255933765E-2));
#829=VECTOR('',#828,1.310048783330E-2);
#830=CARTESIAN_POINT('',(4.003017976090E1,-1.536104934442E1,6.004849697101E2));
#831=LINE('',#830,#829);
#832=DIRECTION('',(-9.999594421146E-1,-2.219497862108E-3,8.728571193203E-3));
#833=VECTOR('',#832,1.352178339467E-2);
#834=CARTESIAN_POINT('',(4.001528749723E1,-1.509850670456E1,5.974849946424E2));
#835=LINE('',#834,#833);
#836=DIRECTION('',(9.999597110633E-1,2.032680745491E-3,-8.743252206077E-3));
#837=VECTOR('',#836,1.286679071675E-2);
#838=CARTESIAN_POINT('',(4.000335838839E1,-1.482841093358E1,5.975327302255E2));
#839=LINE('',#838,#837);
#840=DIRECTION('',(5.804423959861E-3,9.847992085396E-1,1.735996184394E-1));
#841=VECTOR('',#840,2.742952880234E-1);
#842=CARTESIAN_POINT('',(4.000176626225E1,-1.509853671613E1,5.974851126682E2));
#843=LINE('',#842,#841);
#844=DIRECTION('',(8.453832439302E-3,-3.056308938241E-6,9.999642657154E-1));
#845=VECTOR('',#844,2.741152231124E-1);
#846=CARTESIAN_POINT('',(3.999775034580E1,-1.537282652808E1,5.971556834280E2));
#847=LINE('',#846,#845);
#848=DIRECTION('',(-8.188290395934E-3,-3.890910529944E-1,-9.211629087084E-1));
#849=VECTOR('',#848,1.485831092078E-1);
#850=CARTESIAN_POINT('',(4.023238039124E1,-2.927282523818E1,6.006200967414E2));
#851=LINE('',#850,#849);
#852=DIRECTION('',(-5.872622860992E-3,9.211966166190E-1,-3.890530887045E-1));
#853=VECTOR('',#852,4.E1);
#854=CARTESIAN_POINT('',(4.046728530568E1,-6.612068990294E1,6.161822202895E2));
#855=LINE('',#854,#853);
#856=DIRECTION('',(5.872622860992E-3,-9.211966166190E-1,3.890530887045E-1));
#857=VECTOR('',#856,3.847927176208E1);
#858=CARTESIAN_POINT('',(4.020855789307E1,-3.223007915773E1,5.975270891246E2));
#859=LINE('',#858,#857);
#860=DIRECTION('',(-1.007563437898E-2,2.079132570152E-1,-9.780953732378E-1));
#861=VECTOR('',#860,1.455353930651E0);
#862=CARTESIAN_POINT('',(4.023140979757E1,-3.214357548056E1,5.998717269793E2));
#863=LINE('',#862,#861);
#864=DIRECTION('',(3.638062827621E-4,-9.781452021866E-1,-2.079226564957E-1));
#865=VECTOR('',#864,2.833111116463E0);
#866=CARTESIAN_POINT('',(4.023037909394E1,-2.937238143473E1,6.004607949688E2));
#867=LINE('',#866,#865);
#868=CARTESIAN_POINT('',(7.443032335337E1,-6.051789497784E1,6.135137491949E2));
#869=DIRECTION('',(-8.188290396165E-3,-3.890910529937E-1,-9.211629087087E-1));
#870=DIRECTION('',(-5.872622861032E-3,9.211966166190E-1,-3.890530887045E-1));
#871=AXIS2_PLACEMENT_3D('',#868,#869,#870);
#873=CARTESIAN_POINT('',(7.443032335337E1,-6.051789497784E1,6.135137491949E2));
#874=DIRECTION('',(-8.188290396165E-3,-3.890910529937E-1,-9.211629087087E-1));
#875=DIRECTION('',(5.872622860954E-3,-9.211966166190E-1,3.890530887045E-1));
#876=AXIS2_PLACEMENT_3D('',#873,#874,#875);
#878=CARTESIAN_POINT('',(7.426588991326E1,-3.472438971251E1,6.026202627111E2));
#879=DIRECTION('',(-8.188290396165E-3,-3.890910529937E-1,-9.211629087087E-1));
#880=DIRECTION('',(-5.872622861045E-3,9.211966166190E-1,-3.890530887045E-1));
#881=AXIS2_PLACEMENT_3D('',#878,#879,#880);
#883=CARTESIAN_POINT('',(7.426588991326E1,-3.472438971251E1,6.026202627111E2));
#884=DIRECTION('',(-8.188290396165E-3,-3.890910529937E-1,-9.211629087087E-1));
#885=DIRECTION('',(5.872622861019E-3,-9.211966166190E-1,3.890530887045E-1));
#886=AXIS2_PLACEMENT_3D('',#883,#884,#885);
#888=CARTESIAN_POINT('',(4.626731145053E1,-3.478666066774E1,6.028954470029E2));
#889=DIRECTION('',(-8.188290396165E-3,-3.890910529937E-1,-9.211629087087E-1));
#890=DIRECTION('',(-5.872622860947E-3,9.211966166190E-1,-3.890530887045E-1));
#891=AXIS2_PLACEMENT_3D('',#888,#889,#890);
#893=CARTESIAN_POINT('',(4.626731145053E1,-3.478666066774E1,6.028954470029E2));
#894=DIRECTION('',(-8.188290396165E-3,-3.890910529937E-1,-9.211629087087E-1));
#895=DIRECTION('',(5.872622861091E-3,-9.211966166190E-1,3.890530887045E-1));
#896=AXIS2_PLACEMENT_3D('',#893,#894,#895);
#898=CARTESIAN_POINT('',(4.643174489064E1,-6.058016593307E1,6.137889334867E2));
#899=DIRECTION('',(-8.188290396165E-3,-3.890910529937E-1,-9.211629087087E-1));
#900=DIRECTION('',(-5.872622860941E-3,9.211966166190E-1,-3.890530887045E-1));
#901=AXIS2_PLACEMENT_3D('',#898,#899,#900);
#903=CARTESIAN_POINT('',(4.643174489064E1,-6.058016593307E1,6.137889334867E2));
#904=DIRECTION('',(-8.188290396165E-3,-3.890910529937E-1,-9.211629087087E-1));
#905=DIRECTION('',(5.872622860993E-3,-9.211966166190E-1,3.890530887045E-1));
#906=AXIS2_PLACEMENT_3D('',#903,#904,#905);
#908=DIRECTION('',(8.188290396160E-3,3.890910529937E-1,9.211629087087E-1));
#909=VECTOR('',#908,4.E0);
#910=CARTESIAN_POINT('',(8.019759646213E1,-3.074023094269E1,5.965423246897E2));
#911=LINE('',#910,#909);
#912=DIRECTION('',(-5.872622860992E-3,9.211966166190E-1,-3.890530887045E-1));
#913=VECTOR('',#912,4.E1);
#914=CARTESIAN_POINT('',(8.043250137657E1,-6.758809560745E1,6.121044482378E2));
#915=LINE('',#914,#913);
#916=DIRECTION('',(-8.188290396159E-3,-3.890910529937E-1,-9.211629087087E-1));
#917=VECTOR('',#916,4.E0);
#918=CARTESIAN_POINT('',(8.046525453815E1,-6.603173139548E1,6.157890998727E2));
#919=LINE('',#918,#917);
#920=DIRECTION('',(5.872622860992E-3,-9.211966166190E-1,3.890530887045E-1));
#921=VECTOR('',#920,4.E1);
#922=CARTESIAN_POINT('',(8.023034962371E1,-2.918386673072E1,6.002269763245E2));
#923=LINE('',#922,#921);
#924=DIRECTION('',(9.999492308118E-1,2.223962686546E-3,-9.828010421657E-3));
#925=VECTOR('',#924,4.E1);
#926=CARTESIAN_POINT('',(4.043453214410E1,-6.767705411491E1,6.124975686547E2));
#927=LINE('',#926,#925);
#928=DIRECTION('',(-8.188290396160E-3,-3.890910529937E-1,-9.211629087087E-1));
#929=VECTOR('',#928,4.E0);
#930=CARTESIAN_POINT('',(4.046728530568E1,-6.612068990294E1,6.161822202895E2));
#931=LINE('',#930,#929);
#932=DIRECTION('',(-9.999492308118E-1,-2.223962686544E-3,9.828010421663E-3));
#933=VECTOR('',#932,4.E1);
#934=CARTESIAN_POINT('',(8.046525453815E1,-6.603173139548E1,6.157890998727E2));
#935=LINE('',#934,#933);
#936=DIRECTION('',(8.188290396167E-3,3.890910529937E-1,9.211629087087E-1));
#937=VECTOR('',#936,4.E0);
#938=CARTESIAN_POINT('',(7.440395784367E1,-6.307624474972E1,6.102522706046E2));
#939=LINE('',#938,#937);
#940=DIRECTION('',(-8.188290396170E-3,-3.890910529937E-1,-9.211629087087E-1));
#941=VECTOR('',#940,4.E0);
#942=CARTESIAN_POINT('',(7.442393570148E1,-5.951590941795E1,6.130905761503E2));
#943=LINE('',#942,#941);
#944=DIRECTION('',(8.188290396163E-3,3.890910529937E-1,9.211629087087E-1));
#945=VECTOR('',#944,4.E0);
#946=CARTESIAN_POINT('',(7.423952440356E1,-3.728273948439E1,5.993587841209E2));
#947=LINE('',#946,#945);
#948=DIRECTION('',(-8.188290396158E-3,-3.890910529937E-1,-9.211629087087E-1));
#949=VECTOR('',#948,4.000000000001E0);
#950=CARTESIAN_POINT('',(7.425950226137E1,-3.372240415262E1,6.021970896666E2));
#951=LINE('',#950,#949);
#952=DIRECTION('',(8.188290396177E-3,3.890910529937E-1,9.211629087087E-1));
#953=VECTOR('',#952,4.E0);
#954=CARTESIAN_POINT('',(4.624094594083E1,-3.734501043961E1,5.996339684127E2));
#955=LINE('',#954,#953);
#956=DIRECTION('',(-8.188290396168E-3,-3.890910529937E-1,-9.211629087087E-1));
#957=VECTOR('',#956,4.E0);
#958=CARTESIAN_POINT('',(4.626092379864E1,-3.378467510784E1,6.024722739584E2));
#959=LINE('',#958,#957);
#960=DIRECTION('',(8.188290396168E-3,3.890910529937E-1,9.211629087087E-1));
#961=VECTOR('',#960,4.E0);
#962=CARTESIAN_POINT('',(4.640537938094E1,-6.313851570494E1,6.105274548964E2));
#963=LINE('',#962,#961);
#964=DIRECTION('',(-8.188290396162E-3,-3.890910529937E-1,-9.211629087087E-1));
#965=VECTOR('',#964,4.E0);
#966=CARTESIAN_POINT('',(4.642535723875E1,-5.957818037317E1,6.133657604421E2));
#967=LINE('',#966,#965);
#968=DIRECTION('',(9.999492308118E-1,2.223962686550E-3,-9.828010421671E-3));
#969=VECTOR('',#968,4.E0);
#970=CARTESIAN_POINT('',(4.442010076888E1,-5.874222106539E1,6.130304835197E2));
#971=LINE('',#970,#969);
#972=DIRECTION('',(8.188290396170E-3,3.890910529937E-1,9.211629087087E-1));
#973=VECTOR('',#972,4.E0);
#974=CARTESIAN_POINT('',(4.438734760729E1,-6.029858527737E1,6.093458318849E2));
#975=LINE('',#974,#973);
#976=DIRECTION('',(-9.999492308118E-1,-2.223962686568E-3,9.828010421643E-3));
#977=VECTOR('',#976,4.E0);
#978=CARTESIAN_POINT('',(4.838714453054E1,-6.028968942662E1,6.093065198432E2));
#979=LINE('',#978,#977);
#980=DIRECTION('',(-8.188290396168E-3,-3.890910529937E-1,-9.211629087087E-1));
#981=VECTOR('',#980,4.E0);
#982=CARTESIAN_POINT('',(4.841989769213E1,-5.873332521465E1,6.129911714780E2));
#983=LINE('',#982,#981);
#984=DIRECTION('',(5.872622860995E-3,-9.211966166189E-1,3.890530887045E-1));
#985=VECTOR('',#984,2.4E1);
#986=CARTESIAN_POINT('',(4.427915782021E1,-3.663350226654E1,6.036932093908E2));
#987=LINE('',#986,#985);
#988=DIRECTION('',(8.188290396167E-3,3.890910529937E-1,9.211629087087E-1));
#989=VECTOR('',#988,4.E0);
#990=CARTESIAN_POINT('',(4.424640465863E1,-3.818986647851E1,6.000085577560E2));
#991=LINE('',#990,#989);
#992=DIRECTION('',(-5.872622860995E-3,9.211966166190E-1,-3.890530887045E-1));
#993=VECTOR('',#992,2.4E1);
#994=CARTESIAN_POINT('',(4.438734760729E1,-6.029858527737E1,6.093458318849E2));
#995=LINE('',#994,#993);
#996=DIRECTION('',(-9.999492308118E-1,-2.223962686520E-3,9.828010421699E-3));
#997=VECTOR('',#996,4.E0);
#998=CARTESIAN_POINT('',(4.827895474346E1,-3.662460641579E1,6.036538973491E2));
#999=LINE('',#998,#997);
#1000=DIRECTION('',(8.188290396167E-3,3.890910529937E-1,9.211629087087E-1));
#1001=VECTOR('',#1000,4.E0);
#1002=CARTESIAN_POINT('',(4.824620158188E1,-3.818097062777E1,5.999692457143E2));
#1003=LINE('',#1002,#1001);
#1004=DIRECTION('',(9.999492308118E-1,2.223962686523E-3,-9.828010421671E-3));
#1005=VECTOR('',#1004,4.E0);
#1006=CARTESIAN_POINT('',(4.424640465863E1,-3.818986647851E1,6.000085577560E2));
#1007=LINE('',#1006,#1005);
#1008=DIRECTION('',(5.872593060178E-3,-9.211966166852E-1,3.890530889974E-1));
#1009=VECTOR('',#1008,4.000000059605E0);
#1010=CARTESIAN_POINT('',(4.825546437087E1,-3.293981989414E1,6.020976849699E2));
#1011=LINE('',#1010,#1009);
#1012=DIRECTION('',(8.188290396171E-3,3.890910529937E-1,9.211629087087E-1));
#1013=VECTOR('',#1012,4.E0);
#1014=CARTESIAN_POINT('',(4.822271120929E1,-3.449618410612E1,5.984130333351E2));
#1015=LINE('',#1014,#1013);
#1016=DIRECTION('',(-5.872593060182E-3,9.211966166852E-1,-3.890530889974E-1));
#1017=VECTOR('',#1016,4.000000059605E0);
#1018=CARTESIAN_POINT('',(4.824620158188E1,-3.818097062777E1,5.999692457143E2));
#1019=LINE('',#1018,#1017);
#1020=DIRECTION('',(-9.999492308118E-1,-2.223962686543E-3,9.828010421648E-3));
#1021=VECTOR('',#1020,2.400000023842E1);
#1022=CARTESIAN_POINT('',(7.225424614876E1,-3.288644478913E1,6.018618127175E2));
#1023=LINE('',#1022,#1021);
#1024=DIRECTION('',(8.188290396163E-3,3.890910529937E-1,9.211629087087E-1));
#1025=VECTOR('',#1024,4.E0);
#1026=CARTESIAN_POINT('',(7.222149298718E1,-3.444280900111E1,5.981771610826E2));
#1027=LINE('',#1026,#1025);
#1028=DIRECTION('',(9.999492308118E-1,2.223962686542E-3,-9.828010421653E-3));
#1029=VECTOR('',#1028,2.400000023842E1);
#1030=CARTESIAN_POINT('',(4.822271120929E1,-3.449618410612E1,5.984130333351E2));
#1031=LINE('',#1030,#1029);
#1032=DIRECTION('',(-5.872622860984E-3,9.211966166190E-1,-3.890530887045E-1));
#1033=VECTOR('',#1032,4.E0);
#1034=CARTESIAN_POINT('',(7.227773664021E1,-3.657123125561E1,6.034180250723E2));
#1035=LINE('',#1034,#1033);
#1036=DIRECTION('',(8.188290396160E-3,3.890910529937E-1,9.211629087087E-1));
#1037=VECTOR('',#1036,4.E0);
#1038=CARTESIAN_POINT('',(7.224498347862E1,-3.812759546759E1,5.997333734375E2));
#1039=LINE('',#1038,#1037);
#1040=DIRECTION('',(5.872622860988E-3,-9.211966166190E-1,3.890530887045E-1));
#1041=VECTOR('',#1040,4.E0);
#1042=CARTESIAN_POINT('',(7.222149298718E1,-3.444280900111E1,5.981771610826E2));
#1043=LINE('',#1042,#1041);
#1044=DIRECTION('',(-9.999492308118E-1,-2.223962686539E-3,9.828010421700E-3));
#1045=VECTOR('',#1044,4.E0);
#1046=CARTESIAN_POINT('',(7.627753356345E1,-3.656233540486E1,6.033787130306E2));
#1047=LINE('',#1046,#1045);
#1048=DIRECTION('',(8.188290396167E-3,3.890910529937E-1,9.211629087087E-1));
#1049=VECTOR('',#1048,4.E0);
#1050=CARTESIAN_POINT('',(7.624478040187E1,-3.811869961684E1,5.996940613958E2));
#1051=LINE('',#1050,#1049);
#1052=DIRECTION('',(9.999492308118E-1,2.223962686550E-3,-9.828010421671E-3));
#1053=VECTOR('',#1052,4.E0);
#1054=CARTESIAN_POINT('',(7.224498347862E1,-3.812759546759E1,5.997333734375E2));
#1055=LINE('',#1054,#1053);
#1056=DIRECTION('',(-5.872622860994E-3,9.211966166189E-1,-3.890530887045E-1));
#1057=VECTOR('',#1056,2.4E1);
#1058=CARTESIAN_POINT('',(7.641847651212E1,-5.867105420372E1,6.127159871595E2));
#1059=LINE('',#1058,#1057);
#1060=DIRECTION('',(8.188290396170E-3,3.890910529937E-1,9.211629087087E-1));
#1061=VECTOR('',#1060,4.E0);
#1062=CARTESIAN_POINT('',(7.638572335053E1,-6.022741841569E1,6.090313355247E2));
#1063=LINE('',#1062,#1061);
#1064=DIRECTION('',(5.872622860994E-3,-9.211966166190E-1,3.890530887045E-1));
#1065=VECTOR('',#1064,2.4E1);
#1066=CARTESIAN_POINT('',(7.624478040187E1,-3.811869961684E1,5.996940613958E2));
#1067=LINE('',#1066,#1065);
#1068=DIRECTION('',(9.999492308118E-1,2.223962686500E-3,-9.828010421700E-3));
#1069=VECTOR('',#1068,4.E0);
#1070=CARTESIAN_POINT('',(7.241867958887E1,-5.867995005447E1,6.127552992012E2));
#1071=LINE('',#1070,#1069);
#1072=DIRECTION('',(8.188290396173E-3,3.890910529937E-1,9.211629087087E-1));
#1073=VECTOR('',#1072,4.E0);
#1074=CARTESIAN_POINT('',(7.238592642728E1,-6.023631426644E1,6.090706475664E2));
#1075=LINE('',#1074,#1073);
#1076=DIRECTION('',(-9.999492308118E-1,-2.223962686536E-3,9.828010421643E-3));
#1077=VECTOR('',#1076,4.E0);
#1078=CARTESIAN_POINT('',(7.638572335053E1,-6.022741841569E1,6.090313355247E2));
#1079=LINE('',#1078,#1077);
#1080=DIRECTION('',(-5.872622860978E-3,9.211966166189E-1,-3.890530887045E-1));
#1081=VECTOR('',#1080,4.000000059605E0);
#1082=CARTESIAN_POINT('',(7.244217008066E1,-6.236473657585E1,6.143115115792E2));
#1083=LINE('',#1082,#1081);
#1084=DIRECTION('',(5.872622860978E-3,-9.211966166189E-1,3.890530887046E-1));
#1085=VECTOR('',#1084,4.000000059605E0);
#1086=CARTESIAN_POINT('',(7.238592642728E1,-6.023631426644E1,6.090706475664E2));
#1087=LINE('',#1086,#1085);
#1088=DIRECTION('',(8.188290396165E-3,3.890910529937E-1,9.211629087087E-1));
#1089=VECTOR('',#1088,4.E0);
#1090=CARTESIAN_POINT('',(4.841063502199E1,-6.397447589310E1,6.108627321980E2));
#1091=LINE('',#1090,#1089);
#1092=DIRECTION('',(-9.999492308118E-1,-2.223962686534E-3,9.828010421661E-3));
#1093=VECTOR('',#1092,2.400000035763E1);
#1094=CARTESIAN_POINT('',(7.240941691908E1,-6.392110078782E1,6.106268599444E2));
#1095=LINE('',#1094,#1093);
#1096=DIRECTION('',(-8.188290396176E-3,-3.890910529937E-1,-9.211629087087E-1));
#1097=VECTOR('',#1096,4.E0);
#1098=CARTESIAN_POINT('',(7.244217008066E1,-6.236473657585E1,6.143115115792E2));
#1099=LINE('',#1098,#1097);
#1100=DIRECTION('',(9.999492308118E-1,2.223962686539E-3,-9.828010421646E-3));
#1101=VECTOR('',#1100,2.400000035763E1);
#1102=CARTESIAN_POINT('',(4.844338818357E1,-6.241811168112E1,6.145473838329E2));
#1103=LINE('',#1102,#1101);
#1104=DIRECTION('',(-5.872622860988E-3,9.211966166190E-1,-3.890530887045E-1));
#1105=VECTOR('',#1104,4.E0);
#1106=CARTESIAN_POINT('',(4.841063502199E1,-6.397447589310E1,6.108627321980E2));
#1107=LINE('',#1106,#1105);
#1108=DIRECTION('',(5.872622860985E-3,-9.211966166189E-1,3.890530887045E-1));
#1109=VECTOR('',#1108,4.E0);
#1110=CARTESIAN_POINT('',(4.841989769213E1,-5.873332521465E1,6.129911714780E2));
#1111=LINE('',#1110,#1109);
#1112=DIRECTION('',(8.188290396166E-3,3.890910529938E-1,9.211629087086E-1));
#1113=VECTOR('',#1112,9.999999999996E-1);
#1114=CARTESIAN_POINT('',(4.020855789307E1,-3.223007915773E1,5.975270891246E2));
#1115=LINE('',#1114,#1113);
#1116=DIRECTION('',(9.999661496326E-1,-2.442530752796E-3,-7.857075308288E-3));
#1117=VECTOR('',#1116,1.148161532187E-2);
#1118=CARTESIAN_POINT('',(4.019707666641E1,-3.223005111353E1,5.975271793365E2));
#1119=LINE('',#1118,#1117);
#1120=DIRECTION('',(9.999661496322E-1,-2.442530761463E-3,-7.857075357808E-3));
#1121=VECTOR('',#1120,1.148161532185E-2);
#1122=CARTESIAN_POINT('',(4.020526495680E1,-3.184096006053E1,5.984483422452E2));
#1123=LINE('',#1122,#1121);
#1124=DIRECTION('',(-7.116684269916E-3,6.030168040256E-6,-9.999746760637E-1));
#1125=VECTOR('',#1124,1.740314862333E0);
#1126=CARTESIAN_POINT('',(4.023037909394E1,-2.937238143473E1,6.004607949688E2));
#1127=LINE('',#1126,#1125);
#1128=DIRECTION('',(4.254519288721E-3,9.781450311658E-1,2.078802469481E-1));
#1129=VECTOR('',#1128,2.833083934594E0);
#1130=CARTESIAN_POINT('',(4.021832568370E1,-3.214354840823E1,5.998718527808E2));
#1131=LINE('',#1130,#1129);
#1132=DIRECTION('',(8.974139845032E-3,-2.079111040442E-1,9.781065574002E-1));
#1133=VECTOR('',#1132,1.455373675640E0);
#1134=CARTESIAN_POINT('',(4.020526495680E1,-3.184096006053E1,5.984483422452E2));
#1135=LINE('',#1134,#1133);
#1136=DIRECTION('',(1.834980146539E-3,-9.211980869894E-1,3.890896007027E-1));
#1137=VECTOR('',#1136,2.606558536312E0);
#1138=CARTESIAN_POINT('',(4.020048197364E1,-2.943980332326E1,5.974341574251E2));
#1139=LINE('',#1138,#1137);
#1140=DIRECTION('',(-1.359349638467E-2,-5.234409334587E-2,-9.985365855830E-1));
#1141=VECTOR('',#1140,1.288251999499E0);
#1142=CARTESIAN_POINT('',(4.021799382254E1,-2.937237094034E1,5.987205241780E2));
#1143=LINE('',#1142,#1141);
#1144=DIRECTION('',(9.999516404414E-1,-2.068999260040E-3,-9.614365325021E-3));
#1145=VECTOR('',#1144,1.308474664280E-2);
#1146=CARTESIAN_POINT('',(4.021832568370E1,-3.214354840823E1,5.998718527808E2));
#1147=LINE('',#1146,#1145);
#1148=DIRECTION('',(-2.223855277770E-3,9.999975269919E-1,2.185713490571E-5));
#1149=VECTOR('',#1148,6.765053804292E-2);
#1150=CARTESIAN_POINT('',(4.021044683484E1,-2.944001021500E1,5.974296868440E2));
#1151=LINE('',#1150,#1149);
#1152=CARTESIAN_POINT('',(4.020869401243E1,-2.945449493247E1,5.971579975792E2));
#1153=CARTESIAN_POINT('',(4.020863237286E1,-2.942677756267E1,5.971579981850E2));
#1154=CARTESIAN_POINT('',(4.020804070524E1,-2.940007637628E1,5.971555822891E2));
#1155=CARTESIAN_POINT('',(4.020797906567E1,-2.937235900648E1,5.971555828949E2));
#1157=DIRECTION('',(1.462089466531E-1,9.888076374248E-1,-2.970521989347E-2));
#1158=VECTOR('',#1157,8.309455960832E-2);
#1159=CARTESIAN_POINT('',(4.020869401243E1,-2.945449493247E1,5.971579975792E2));
#1160=LINE('',#1159,#1158);
#1161=DIRECTION('',(-5.364765908032E-3,5.175939889007E-2,9.986451741801E-1));
#1162=VECTOR('',#1161,6.875797235492E-1);
#1163=CARTESIAN_POINT('',(4.021238271669E1,-2.949008364565E1,5.964713494064E2));
#1164=LINE('',#1163,#1162);
#1165=CARTESIAN_POINT('',(8.010729129939E1,-2.911186913039E1,5.961182093567E2));
#1166=CARTESIAN_POINT('',(7.990723329444E1,-2.911237677900E1,5.961237636190E2));
#1167=VERTEX_POINT('',#1165);
#1168=VERTEX_POINT('',#1166);
#1169=CARTESIAN_POINT('',(7.990778459074E1,-2.906967953522E1,5.961288331879E2));
#1170=CARTESIAN_POINT('',(8.010716973661E1,-2.906911785805E1,5.961268294894E2));
#1171=VERTEX_POINT('',#1169);
#1172=VERTEX_POINT('',#1170);
#1173=CARTESIAN_POINT('',(4.021459431939E1,-2.937232927317E1,5.964683092046E2));
#1174=CARTESIAN_POINT('',(4.022084318047E1,-2.937233039730E1,5.971555292370E2));
#1175=VERTEX_POINT('',#1173);
#1176=VERTEX_POINT('',#1174);
#1177=CARTESIAN_POINT('',(4.020797906567E1,-2.937235900648E1,5.971555828949E2));
#1178=VERTEX_POINT('',#1177);
#1179=CARTESIAN_POINT('',(4.021029638983E1,-2.937235984426E1,5.974296883227E2));
#1180=VERTEX_POINT('',#1179);
#1181=VERTEX_POINT('',#444);
#1182=CARTESIAN_POINT('',(4.023037909394E1,-2.937238143473E1,6.004607949688E2));
#1183=VERTEX_POINT('',#1182);
#1184=VERTEX_POINT('',#439);
#1185=CARTESIAN_POINT('',(4.006126445489E1,-2.937275804486E1,6.004847100787E2));
#1186=VERTEX_POINT('',#1185);
#1187=CARTESIAN_POINT('',(4.003120156685E1,-2.937275812172E1,5.974294828560E2));
#1188=VERTEX_POINT('',#1187);
#1189=CARTESIAN_POINT('',(4.002888424269E1,-2.937275728394E1,5.971553774282E2));
#1190=VERTEX_POINT('',#1189);
#1191=CARTESIAN_POINT('',(4.004174835748E1,-2.937272867476E1,5.971553237703E2));
#1192=VERTEX_POINT('',#1191);
#1193=CARTESIAN_POINT('',(4.003550736885E1,-2.937272755244E1,5.964689874942E2));
#1194=VERTEX_POINT('',#1193);
#1195=CARTESIAN_POINT('',(8.010813272020E1,-2.906993394378E1,5.961424269413E2));
#1196=VERTEX_POINT('',#1195);
#1197=CARTESIAN_POINT('',(4.706548523029E1,2.051292762214E1,5.794228198223E2));
#1198=CARTESIAN_POINT('',(4.721383633377E1,2.051292762193E1,5.964221725144E2));
#1199=VERTEX_POINT('',#1197);
#1200=VERTEX_POINT('',#1198);
#1201=CARTESIAN_POINT('',(4.471393152611E1,2.051292762193E1,5.964439888532E2));
#1202=VERTEX_POINT('',#1201);
#1203=CARTESIAN_POINT('',(4.456558042263E1,2.051292762214E1,5.794446361611E2));
#1204=VERTEX_POINT('',#1203);
#1205=CARTESIAN_POINT('',(4.471393218644E1,2.485001673095E1,5.964440342193E2));
#1206=CARTESIAN_POINT('',(4.456558042263E1,2.414061766155E1,5.794446361611E2));
#1207=VERTEX_POINT('',#1205);
#1208=VERTEX_POINT('',#1206);
#1209=CARTESIAN_POINT('',(4.721383633377E1,1.801292762193E1,5.964221725144E2));
#1210=VERTEX_POINT('',#1209);
#1211=CARTESIAN_POINT('',(7.321284633344E1,1.801292762193E1,5.961952825915E2));
#1212=VERTEX_POINT('',#1211);
#1213=CARTESIAN_POINT('',(7.321284633344E1,2.051292762193E1,5.961952825915E2));
#1214=VERTEX_POINT('',#1213);
#1215=CARTESIAN_POINT('',(7.571275114110E1,2.051292762193E1,5.961734662527E2));
#1216=VERTEX_POINT('',#1215);
#1217=CARTESIAN_POINT('',(7.571275069551E1,2.484201425628E1,5.961734360086E2));
#1218=VERTEX_POINT('',#1217);
#1219=CARTESIAN_POINT('',(7.995556472330E1,2.483901832415E1,5.961364397795E2));
#1220=VERTEX_POINT('',#1219);
#1221=CARTESIAN_POINT('',(7.987770187634E1,-1.510550403661E1,5.961371192783E2));
#1222=VERTEX_POINT('',#1221);
#1223=CARTESIAN_POINT('',(4.000563019724E1,-1.519226241731E1,5.964850777481E2));
#1224=VERTEX_POINT('',#1223);
#1225=CARTESIAN_POINT('',(4.008369650543E1,2.485351651258E1,5.964843963020E2));
#1226=VERTEX_POINT('',#1225);
#1227=CARTESIAN_POINT('',(4.706548523029E1,1.801292762214E1,5.794228198223E2));
#1228=VERTEX_POINT('',#1227);
#1229=CARTESIAN_POINT('',(7.306449522996E1,2.051292762214E1,5.791959298994E2));
#1230=VERTEX_POINT('',#1229);
#1231=CARTESIAN_POINT('',(7.306449522996E1,1.801292762214E1,5.791959298993E2));
#1232=VERTEX_POINT('',#1231);
#1233=CARTESIAN_POINT('',(7.271286515156E1,2.484286287942E1,5.961996206545E2));
#1234=CARTESIAN_POINT('',(7.256451441278E1,2.413516357683E1,5.792002931659E2));
#1235=VERTEX_POINT('',#1233);
#1236=VERTEX_POINT('',#1234);
#1237=CARTESIAN_POINT('',(7.556440003762E1,2.413516357686E1,5.791741135606E2));
#1238=VERTEX_POINT('',#1237);
#1239=CARTESIAN_POINT('',(7.556440003762E1,2.051292762214E1,5.791741135606E2));
#1240=VERTEX_POINT('',#1239);
#1241=CARTESIAN_POINT('',(6.756470491364E1,2.423507688407E1,5.792397627879E2));
#1242=CARTESIAN_POINT('',(6.756470465360E1,2.413516357686E1,5.792439258446E2));
#1243=VERTEX_POINT('',#1241);
#1244=VERTEX_POINT('',#1242);
#1245=CARTESIAN_POINT('',(7.256451459837E1,2.423326200665E1,5.791962057297E2));
#1246=VERTEX_POINT('',#1245);
#1247=CARTESIAN_POINT('',(7.271286526154E1,2.494156626843E1,5.961955080123E2));
#1248=VERTEX_POINT('',#1247);
#1249=CARTESIAN_POINT('',(7.995556472330E1,2.493893163146E1,5.961322767251E2));
#1250=VERTEX_POINT('',#1249);
#1251=CARTESIAN_POINT('',(5.256527608286E1,2.424053096875E1,5.793706608202E2));
#1252=CARTESIAN_POINT('',(5.256527580743E1,2.414061766155E1,5.793748238771E2));
#1253=VERTEX_POINT('',#1251);
#1254=VERTEX_POINT('',#1252);
#1255=CARTESIAN_POINT('',(4.756546586189E1,2.414243253907E1,5.794183809376E2));
#1256=VERTEX_POINT('',#1255);
#1257=CARTESIAN_POINT('',(4.756546586189E1,2.424234584637E1,5.794142178831E2));
#1258=VERTEX_POINT('',#1257);
#1259=CARTESIAN_POINT('',(5.271362691062E1,2.484892402372E1,5.963741765692E2));
#1260=VERTEX_POINT('',#1259);
#1261=CARTESIAN_POINT('',(4.771381766655E1,2.484983402245E1,5.964178328746E2));
#1262=VERTEX_POINT('',#1261);
#1263=CARTESIAN_POINT('',(4.771381762524E1,2.495065535913E1,5.964136461893E2));
#1264=VERTEX_POINT('',#1263);
#1265=CARTESIAN_POINT('',(7.994392262841E1,-2.918321933230E1,6.001375438425E2));
#1266=CARTESIAN_POINT('',(7.991211359302E1,-1.527707617428E1,6.001372055813E2));
#1267=VERTEX_POINT('',#1265);
#1268=VERTEX_POINT('',#1266);
#1269=CARTESIAN_POINT('',(4.023116374960E1,-2.933063759660E1,6.004832274923E2));
#1270=VERTEX_POINT('',#1269);
#1271=CARTESIAN_POINT('',(4.025105681021E1,-2.933021066816E1,6.004839380909E2));
#1272=VERTEX_POINT('',#1271);
#1273=CARTESIAN_POINT('',(7.991954020922E1,-2.913388910799E1,5.973561643896E2));
#1274=VERTEX_POINT('',#1273);
#1275=CARTESIAN_POINT('',(7.987734986595E1,-1.528411758797E1,5.961371223502E2));
#1276=VERTEX_POINT('',#1275);
#1277=CARTESIAN_POINT('',(7.987645850460E1,-1.528411922884E1,5.961215028535E2));
#1278=VERTEX_POINT('',#1277);
#1279=CARTESIAN_POINT('',(4.023552884188E1,-2.919721721597E1,5.964634933338E2));
#1280=CARTESIAN_POINT('',(4.023553564824E1,-2.929854372551E1,5.964672428969E2));
#1281=VERTEX_POINT('',#1279);
#1282=VERTEX_POINT('',#1280);
#1283=CARTESIAN_POINT('',(4.000437347196E1,-1.537279679658E1,5.964692934940E2));
#1284=VERTEX_POINT('',#1283);
#1285=CARTESIAN_POINT('',(4.011892441766E1,2.502017671609E1,6.004842411862E2));
#1286=VERTEX_POINT('',#1285);
#1287=CARTESIAN_POINT('',(4.011892441766E1,2.512009002340E1,6.004800781318E2));
#1288=VERTEX_POINT('',#1287);
#1289=CARTESIAN_POINT('',(4.008369650543E1,2.495342981989E1,5.964802332476E2));
#1290=VERTEX_POINT('',#1289);
#1291=CARTESIAN_POINT('',(7.999079263553E1,2.500567852766E1,6.001362846637E2));
#1292=VERTEX_POINT('',#1291);
#1293=CARTESIAN_POINT('',(7.999079263553E1,2.510559183496E1,6.001321216093E2));
#1294=VERTEX_POINT('',#1293);
#1295=CARTESIAN_POINT('',(4.001061446060E1,-1.537279791890E1,5.971556297701E2));
#1296=VERTEX_POINT('',#1295);
#1297=CARTESIAN_POINT('',(3.999775034580E1,-1.537282652808E1,5.971556834280E2));
#1298=VERTEX_POINT('',#1297);
#1299=CARTESIAN_POINT('',(4.000006766996E1,-1.537282736586E1,5.974297888558E2));
#1300=VERTEX_POINT('',#1299);
#1301=CARTESIAN_POINT('',(4.003336395902E1,-1.536743387913E1,6.004845642788E2));
#1302=VERTEX_POINT('',#1301);
#1303=CARTESIAN_POINT('',(4.001299399219E1,-1.528509682280E1,5.973979164383E2));
#1304=VERTEX_POINT('',#1303);
#1305=CARTESIAN_POINT('',(4.001440760340E1,-1.509533523652E1,5.974487519427E2));
#1306=VERTEX_POINT('',#1305);
#1307=CARTESIAN_POINT('',(3.999993720691E1,-1.528510222232E1,5.973980362101E2));
#1308=VERTEX_POINT('',#1307);
#1309=VERTEX_POINT('',#823);
#1310=VERTEX_POINT('',#826);
#1311=CARTESIAN_POINT('',(4.000176626225E1,-1.509853671613E1,5.974851126682E2));
#1312=VERTEX_POINT('',#1311);
#1313=CARTESIAN_POINT('',(4.001528749723E1,-1.509850670456E1,5.974849946424E2));
#1314=CARTESIAN_POINT('',(4.001622466072E1,-1.482838477950E1,5.975326177279E2));
#1315=VERTEX_POINT('',#1313);
#1316=VERTEX_POINT('',#1314);
#1317=CARTESIAN_POINT('',(4.000083099136E1,-1.509536526605E1,5.974488698172E2));
#1318=VERTEX_POINT('',#1317);
#1319=CARTESIAN_POINT('',(8.011966810200E1,-2.913344400830E1,5.973541974283E2));
#1320=VERTEX_POINT('',#1319);
#1321=CARTESIAN_POINT('',(8.010794910617E1,-2.911210412925E1,5.961317331858E2));
#1322=VERTEX_POINT('',#1321);
#1323=CARTESIAN_POINT('',(7.641847651212E1,-5.867105420372E1,6.127159871595E2));
#1324=CARTESIAN_POINT('',(7.627753356345E1,-3.656233540486E1,6.033787130306E2));
#1325=VERTEX_POINT('',#1323);
#1326=VERTEX_POINT('',#1324);
#1327=CARTESIAN_POINT('',(7.624478040187E1,-3.811869961684E1,5.996940613958E2));
#1328=VERTEX_POINT('',#1327);
#1329=CARTESIAN_POINT('',(7.638572335053E1,-6.022741841569E1,6.090313355247E2));
#1330=VERTEX_POINT('',#1329);
#1331=CARTESIAN_POINT('',(7.227773664021E1,-3.657123125561E1,6.034180250723E2));
#1332=VERTEX_POINT('',#1331);
#1333=CARTESIAN_POINT('',(7.224498347862E1,-3.812759546759E1,5.997333734375E2));
#1334=VERTEX_POINT('',#1333);
#1335=CARTESIAN_POINT('',(7.225424614876E1,-3.288644478913E1,6.018618127175E2));
#1336=VERTEX_POINT('',#1335);
#1337=CARTESIAN_POINT('',(7.222149298718E1,-3.444280900111E1,5.981771610826E2));
#1338=VERTEX_POINT('',#1337);
#1339=CARTESIAN_POINT('',(4.825546437087E1,-3.293981989414E1,6.020976849699E2));
#1340=VERTEX_POINT('',#1339);
#1341=CARTESIAN_POINT('',(4.822271120929E1,-3.449618410612E1,5.984130333351E2));
#1342=VERTEX_POINT('',#1341);
#1343=CARTESIAN_POINT('',(4.827895474346E1,-3.662460641579E1,6.036538973491E2));
#1344=VERTEX_POINT('',#1343);
#1345=CARTESIAN_POINT('',(4.824620158188E1,-3.818097062777E1,5.999692457143E2));
#1346=VERTEX_POINT('',#1345);
#1347=CARTESIAN_POINT('',(4.427915782021E1,-3.663350226654E1,6.036932093908E2));
#1348=VERTEX_POINT('',#1347);
#1349=CARTESIAN_POINT('',(4.424640465863E1,-3.818986647851E1,6.000085577560E2));
#1350=VERTEX_POINT('',#1349);
#1351=CARTESIAN_POINT('',(4.442010076888E1,-5.874222106539E1,6.130304835197E2));
#1352=VERTEX_POINT('',#1351);
#1353=CARTESIAN_POINT('',(4.438734760729E1,-6.029858527737E1,6.093458318849E2));
#1354=VERTEX_POINT('',#1353);
#1355=CARTESIAN_POINT('',(4.841989769213E1,-5.873332521465E1,6.129911714780E2));
#1356=VERTEX_POINT('',#1355);
#1357=CARTESIAN_POINT('',(4.838714453054E1,-6.028968942662E1,6.093065198432E2));
#1358=VERTEX_POINT('',#1357);
#1359=CARTESIAN_POINT('',(7.241867958887E1,-5.867995005447E1,6.127552992012E2));
#1360=VERTEX_POINT('',#1359);
#1361=CARTESIAN_POINT('',(7.238592642728E1,-6.023631426644E1,6.090706475664E2));
#1362=VERTEX_POINT('',#1361);
#1363=CARTESIAN_POINT('',(4.844338818357E1,-6.241811168112E1,6.145473838329E2));
#1364=VERTEX_POINT('',#1363);
#1365=CARTESIAN_POINT('',(4.841063502199E1,-6.397447589310E1,6.108627321980E2));
#1366=VERTEX_POINT('',#1365);
#1367=CARTESIAN_POINT('',(4.023238039124E1,-2.927282523818E1,6.006200967414E2));
#1368=CARTESIAN_POINT('',(8.023034962371E1,-2.918386673072E1,6.002269763245E2));
#1369=VERTEX_POINT('',#1367);
#1370=VERTEX_POINT('',#1368);
#1371=CARTESIAN_POINT('',(4.046728530568E1,-6.612068990294E1,6.161822202895E2));
#1372=VERTEX_POINT('',#1371);
#1373=CARTESIAN_POINT('',(8.046525453815E1,-6.603173139548E1,6.157890998727E2));
#1374=VERTEX_POINT('',#1373);
#1375=CARTESIAN_POINT('',(7.244217008066E1,-6.236473657585E1,6.143115115792E2));
#1376=VERTEX_POINT('',#1375);
#1377=CARTESIAN_POINT('',(4.023553748546E1,-2.940905047463E1,5.964412034368E2));
#1378=VERTEX_POINT('',#1377);
#1379=CARTESIAN_POINT('',(4.023579565008E1,-2.941148320293E1,5.964690080012E2));
#1380=VERTEX_POINT('',#1379);
#1381=VERTEX_POINT('',#48);
#1382=CARTESIAN_POINT('',(8.010762941487E1,-2.932421562832E1,5.960932449432E2));
#1383=VERTEX_POINT('',#1382);
#1384=CARTESIAN_POINT('',(8.010231449587E1,-2.968413797960E1,5.990443709341E2));
#1385=CARTESIAN_POINT('',(8.011458953131E1,-2.968411067899E1,5.990442502888E2));
#1386=VERTEX_POINT('',#1384);
#1387=VERTEX_POINT('',#1385);
#1388=CARTESIAN_POINT('',(8.007636027159E1,-2.968409414110E1,5.961193350571E2));
#1389=VERTEX_POINT('',#1388);
#1390=CARTESIAN_POINT('',(8.008757778099E1,-2.968410686380E1,5.961213935676E2));
#1391=VERTEX_POINT('',#1390);
#1392=CARTESIAN_POINT('',(8.008846914233E1,-2.968410522293E1,5.961370130643E2));
#1393=VERTEX_POINT('',#1392);
#1394=CARTESIAN_POINT('',(8.012308309018E1,-2.922342807598E1,6.001349224569E2));
#1395=VERTEX_POINT('',#1394);
#1396=CARTESIAN_POINT('',(4.020048197364E1,-2.943980332326E1,5.974341574251E2));
#1397=VERTEX_POINT('',#1396);
#1398=CARTESIAN_POINT('',(4.020526495680E1,-3.184096006053E1,5.984483422452E2));
#1399=VERTEX_POINT('',#1398);
#1400=CARTESIAN_POINT('',(4.021832568370E1,-3.214354840823E1,5.998718527808E2));
#1401=VERTEX_POINT('',#1400);
#1402=CARTESIAN_POINT('',(4.020988391641E1,-2.965323764167E1,5.964692335317E2));
#1403=CARTESIAN_POINT('',(8.008329840623E1,-2.956053647974E1,5.961214311990E2));
#1404=VERTEX_POINT('',#1402);
#1405=VERTEX_POINT('',#1403);
#1406=CARTESIAN_POINT('',(4.020346044309E1,-3.012789842671E1,5.964527144615E2));
#1407=CARTESIAN_POINT('',(8.007553100787E1,-3.004075376757E1,5.961047294119E2));
#1408=VERTEX_POINT('',#1406);
#1409=VERTEX_POINT('',#1407);
#1410=CARTESIAN_POINT('',(8.009256960046E1,-3.010834500731E1,5.980400842136E2));
#1411=VERTEX_POINT('',#1410);
#1412=CARTESIAN_POINT('',(8.006458663104E1,-3.004585758674E1,5.962502098698E2));
#1413=CARTESIAN_POINT('',(4.020512661307E1,-3.013450803924E1,5.966419689476E2));
#1414=VERTEX_POINT('',#1412);
#1415=VERTEX_POINT('',#1413);
#1416=CARTESIAN_POINT('',(8.008019418628E1,-3.010837253116E1,5.980402058455E2));
#1417=VERTEX_POINT('',#1416);
#1418=CARTESIAN_POINT('',(8.007362662049E1,-3.008433711897E1,5.973519672355E2));
#1419=VERTEX_POINT('',#1418);
#1420=VERTEX_POINT('',#292);
#1421=CARTESIAN_POINT('',(4.020869401243E1,-2.945449493247E1,5.971579975792E2));
#1422=VERTEX_POINT('',#1421);
#1423=CARTESIAN_POINT('',(4.021674618347E1,-3.184098810473E1,5.984482520333E2));
#1424=VERTEX_POINT('',#1423);
#1425=CARTESIAN_POINT('',(4.023140979757E1,-3.214357548056E1,5.998717269793E2));
#1426=VERTEX_POINT('',#1425);
#1427=CARTESIAN_POINT('',(4.020855789307E1,-3.223007915773E1,5.975270891246E2));
#1428=VERTEX_POINT('',#1427);
#1429=CARTESIAN_POINT('',(4.043453214410E1,-6.767705411491E1,6.124975686547E2));
#1430=VERTEX_POINT('',#1429);
#1431=CARTESIAN_POINT('',(8.043250137657E1,-6.758809560745E1,6.121044482378E2));
#1432=VERTEX_POINT('',#1431);
#1433=CARTESIAN_POINT('',(8.019759646213E1,-3.074023094269E1,5.965423246897E2));
#1434=VERTEX_POINT('',#1433);
#1435=CARTESIAN_POINT('',(7.240941691908E1,-6.392110078782E1,6.106268599444E2));
#1436=VERTEX_POINT('',#1435);
#1437=CARTESIAN_POINT('',(4.019707666641E1,-3.223005111353E1,5.975271793365E2));
#1438=VERTEX_POINT('',#1437);
#1439=VERTEX_POINT('',#382);
#1440=CARTESIAN_POINT('',(8.007415866129E1,-3.035143263607E1,5.974647812867E2));
#1441=VERTEX_POINT('',#1440);
#1442=CARTESIAN_POINT('',(8.006597037090E1,-3.074052368907E1,5.965436183779E2));
#1443=VERTEX_POINT('',#1442);
#1444=CARTESIAN_POINT('',(4.021238271669E1,-2.949008364565E1,5.964713494064E2));
#1445=VERTEX_POINT('',#1444);
#1446=CARTESIAN_POINT('',(4.021044683484E1,-2.944001021500E1,5.974296868440E2));
#1447=VERTEX_POINT('',#1446);
#1448=CARTESIAN_POINT('',(8.011614238448E1,-2.959988539129E1,5.992436547737E2));
#1449=CARTESIAN_POINT('',(8.008767737739E1,-2.932807351981E1,5.961370208462E2));
#1450=VERTEX_POINT('',#1448);
#1451=VERTEX_POINT('',#1449);
#1452=CARTESIAN_POINT('',(8.013722491506E1,-2.959983850214E1,5.992434475639E2));
#1453=VERTEX_POINT('',#1452);
#1454=CARTESIAN_POINT('',(8.014419047859E1,-2.922419106023E1,6.001327972605E2));
#1455=VERTEX_POINT('',#1454);
#1456=VERTEX_POINT('',#173);
#1457=VERTEX_POINT('',#190);
#1458=CARTESIAN_POINT('',(8.014413298596E1,-2.918201744438E1,6.001364877262E2));
#1459=VERTEX_POINT('',#1458);
#1460=CARTESIAN_POINT('',(4.025093744923E1,-2.927278099384E1,6.004839392733E2));
#1461=VERTEX_POINT('',#1460);
#1462=CARTESIAN_POINT('',(8.012300722444E1,-2.918206570997E1,6.001367686166E2));
#1463=VERTEX_POINT('',#1462);
#1464=CARTESIAN_POINT('',(4.640537938094E1,-6.313851570494E1,6.105274548964E2));
#1465=CARTESIAN_POINT('',(4.643813254252E1,-6.158215149296E1,6.142121065313E2));
#1466=VERTEX_POINT('',#1464);
#1467=VERTEX_POINT('',#1465);
#1468=CARTESIAN_POINT('',(4.642535723875E1,-5.957818037317E1,6.133657604421E2));
#1469=VERTEX_POINT('',#1468);
#1470=CARTESIAN_POINT('',(4.639260407716E1,-6.113454458515E1,6.096811088073E2));
#1471=VERTEX_POINT('',#1470);
#1472=CARTESIAN_POINT('',(4.624094594083E1,-3.734501043961E1,5.996339684127E2));
#1473=CARTESIAN_POINT('',(4.627369910241E1,-3.578864622763E1,6.033186200475E2));
#1474=VERTEX_POINT('',#1472);
#1475=VERTEX_POINT('',#1473);
#1476=CARTESIAN_POINT('',(4.626092379864E1,-3.378467510784E1,6.024722739584E2));
#1477=VERTEX_POINT('',#1476);
#1478=CARTESIAN_POINT('',(4.622817063706E1,-3.534103931982E1,5.987876223235E2));
#1479=VERTEX_POINT('',#1478);
#1480=CARTESIAN_POINT('',(7.423952440356E1,-3.728273948439E1,5.993587841209E2));
#1481=CARTESIAN_POINT('',(7.427227756514E1,-3.572637527241E1,6.030434357557E2));
#1482=VERTEX_POINT('',#1480);
#1483=VERTEX_POINT('',#1481);
#1484=CARTESIAN_POINT('',(7.425950226137E1,-3.372240415262E1,6.021970896666E2));
#1485=VERTEX_POINT('',#1484);
#1486=CARTESIAN_POINT('',(7.422674909979E1,-3.527876836459E1,5.985124380317E2));
#1487=VERTEX_POINT('',#1486);
#1488=CARTESIAN_POINT('',(7.440395784367E1,-6.307624474972E1,6.102522706046E2));
#1489=CARTESIAN_POINT('',(7.443671100525E1,-6.151988053774E1,6.139369222394E2));
#1490=VERTEX_POINT('',#1488);
#1491=VERTEX_POINT('',#1489);
#1492=CARTESIAN_POINT('',(7.442393570148E1,-5.951590941795E1,6.130905761503E2));
#1493=VERTEX_POINT('',#1492);
#1494=CARTESIAN_POINT('',(7.439118253990E1,-6.107227362992E1,6.094059245154E2));
#1495=VERTEX_POINT('',#1494);
#1496=CARTESIAN_POINT('',(4.000612488955E1,-1.501239356500E1,5.965008106312E2));
#1497=VERTEX_POINT('',#1496);
#1498=CARTESIAN_POINT('',(4.003017976090E1,-1.536104934442E1,6.004849697101E2));
#1499=VERTEX_POINT('',#1498);
#1500=VERTEX_POINT('',#17);
#1501=CARTESIAN_POINT('',(4.027201372346E1,-2.927273411912E1,6.004837553434E2));
#1502=VERTEX_POINT('',#1501);
#1503=CARTESIAN_POINT('',(8.010833021139E1,-2.918407262343E1,5.961211878267E2));
#1504=VERTEX_POINT('',#1503);
#1505=CARTESIAN_POINT('',(4.021118995380E1,-1.517474358131E1,5.972076523709E2));
#1506=DIRECTION('',(-8.825252187904E-3,5.233825397001E-2,-9.985904175863E-1));
#1507=DIRECTION('',(9.999596006635E-1,2.166090922700E-3,-8.723823184478E-3));
#1508=AXIS2_PLACEMENT_3D('',#1505,#1506,#1507);
#1509=PLANE('',#1508);
#1511=ORIENTED_EDGE('',*,*,#1510,.F.);
#1513=ORIENTED_EDGE('',*,*,#1512,.T.);
#1515=ORIENTED_EDGE('',*,*,#1514,.F.);
#1517=ORIENTED_EDGE('',*,*,#1516,.F.);
#1518=EDGE_LOOP('',(#1511,#1513,#1515,#1517));
#1519=FACE_OUTER_BOUND('',#1518,.F.);
#1520=ADVANCED_FACE('',(#1519),#1509,.T.);
#1521=CARTESIAN_POINT('',(6.025227864954E1,-2.918548170776E1,5.979987128384E2));
#1522=DIRECTION('',(-2.051993716921E-3,9.998452225250E-1,1.747341740419E-2));
#1523=DIRECTION('',(3.731296669232E-5,-1.747337762517E-2,9.998473281867E-1));
#1524=AXIS2_PLACEMENT_3D('',#1521,#1522,#1523);
#1525=PLANE('',#1524);
#1527=ORIENTED_EDGE('',*,*,#1526,.F.);
#1528=ORIENTED_EDGE('',*,*,#1510,.T.);
#1530=ORIENTED_EDGE('',*,*,#1529,.F.);
#1532=ORIENTED_EDGE('',*,*,#1531,.F.);
#1533=EDGE_LOOP('',(#1527,#1528,#1530,#1532));
#1534=FACE_OUTER_BOUND('',#1533,.F.);
#1535=ADVANCED_FACE('',(#1534),#1525,.T.);
#1536=CARTESIAN_POINT('',(6.025227864954E1,-2.918548170776E1,5.979987128384E2));
#1537=DIRECTION('',(-2.051993716921E-3,9.998452225250E-1,1.747341740419E-2));
#1538=DIRECTION('',(3.731296669232E-5,-1.747337762517E-2,9.998473281867E-1));
#1539=AXIS2_PLACEMENT_3D('',#1536,#1537,#1538);
#1540=PLANE('',#1539);
#1542=ORIENTED_EDGE('',*,*,#1541,.T.);
#1544=ORIENTED_EDGE('',*,*,#1543,.T.);
#1546=ORIENTED_EDGE('',*,*,#1545,.T.);
#1548=ORIENTED_EDGE('',*,*,#1547,.F.);
#1550=ORIENTED_EDGE('',*,*,#1549,.F.);
#1551=EDGE_LOOP('',(#1542,#1544,#1546,#1548,#1550));
#1552=FACE_OUTER_BOUND('',#1551,.F.);
#1553=ADVANCED_FACE('',(#1552),#1540,.T.);
#1554=CARTESIAN_POINT('',(4.021583459822E1,-1.496429879654E1,5.977052132690E2));
#1555=DIRECTION('',(-8.878756661895E-3,8.715793307833E-2,-9.961549389436E-1));
#1556=DIRECTION('',(9.999596598262E-1,2.127588996581E-3,-8.726516219600E-3));
#1557=AXIS2_PLACEMENT_3D('',#1554,#1555,#1556);
#1558=PLANE('',#1557);
#1559=ORIENTED_EDGE('',*,*,#1526,.T.);
#1560=ORIENTED_EDGE('',*,*,#1531,.T.);
#1562=ORIENTED_EDGE('',*,*,#1561,.F.);
#1564=ORIENTED_EDGE('',*,*,#1563,.T.);
#1566=ORIENTED_EDGE('',*,*,#1565,.T.);
#1567=EDGE_LOOP('',(#1559,#1560,#1562,#1564,#1566));
#1568=FACE_OUTER_BOUND('',#1567,.F.);
#1569=ADVANCED_FACE('',(#1568),#1558,.T.);
#1570=CARTESIAN_POINT('',(4.022218295013E1,-1.502412037569E1,5.983889365398E2));
#1571=DIRECTION('',(-9.999563016176E-1,-2.159880835093E-3,9.095590686458E-3));
#1572=DIRECTION('',(-9.249240766095E-3,8.715713882524E-2,-9.961516374012E-1));
#1573=AXIS2_PLACEMENT_3D('',#1570,#1571,#1572);
#1574=PLANE('',#1573);
#1576=ORIENTED_EDGE('',*,*,#1575,.T.);
#1578=ORIENTED_EDGE('',*,*,#1577,.F.);
#1580=ORIENTED_EDGE('',*,*,#1579,.F.);
#1582=ORIENTED_EDGE('',*,*,#1581,.T.);
#1583=ORIENTED_EDGE('',*,*,#1561,.T.);
#1584=EDGE_LOOP('',(#1576,#1578,#1580,#1582,#1583));
#1585=FACE_OUTER_BOUND('',#1584,.F.);
#1586=ADVANCED_FACE('',(#1585),#1574,.T.);
#1587=CARTESIAN_POINT('',(4.000437347196E1,-1.537279679658E1,5.964692934940E2));
#1588=DIRECTION('',(-8.722333638359E-3,2.459149452716E-6,-9.999619597214E-1));
#1589=DIRECTION('',(9.999594868611E-1,2.223961326941E-3,-8.722306599165E-3));
#1590=AXIS2_PLACEMENT_3D('',#1587,#1588,#1589);
#1591=PLANE('',#1590);
#1592=ORIENTED_EDGE('',*,*,#1575,.F.);
#1593=ORIENTED_EDGE('',*,*,#1529,.T.);
#1594=ORIENTED_EDGE('',*,*,#1516,.T.);
#1596=ORIENTED_EDGE('',*,*,#1595,.T.);
#1598=ORIENTED_EDGE('',*,*,#1597,.T.);
#1600=ORIENTED_EDGE('',*,*,#1599,.F.);
#1602=ORIENTED_EDGE('',*,*,#1601,.T.);
#1604=ORIENTED_EDGE('',*,*,#1603,.T.);
#1605=ORIENTED_EDGE('',*,*,#1577,.T.);
#1606=EDGE_LOOP('',(#1592,#1593,#1594,#1596,#1598,#1600,#1602,#1604,#1605));
#1607=FACE_OUTER_BOUND('',#1606,.F.);
#1608=ADVANCED_FACE('',(#1607),#1591,.T.);
#1609=CARTESIAN_POINT('',(7.987645850460E1,-1.528411922884E1,5.961215028535E2));
#1610=DIRECTION('',(9.999561866073E-1,2.223962085413E-3,-9.092791566214E-3));
#1611=DIRECTION('',(9.092817689212E-3,-1.635172365780E-6,9.999586594774E-1));
#1612=AXIS2_PLACEMENT_3D('',#1609,#1610,#1611);
#1613=PLANE('',#1612);
#1615=ORIENTED_EDGE('',*,*,#1614,.T.);
#1617=ORIENTED_EDGE('',*,*,#1616,.F.);
#1618=ORIENTED_EDGE('',*,*,#1595,.F.);
#1619=EDGE_LOOP('',(#1615,#1617,#1618));
#1620=FACE_OUTER_BOUND('',#1619,.F.);
#1621=ADVANCED_FACE('',(#1620),#1613,.T.);
#1622=CARTESIAN_POINT('',(7.987809913672E1,-1.528411592155E1,5.961371158115E2));
#1623=DIRECTION('',(9.999594502421E-1,2.223961337243E-3,-8.726503739686E-3));
#1624=DIRECTION('',(8.726530768501E-3,-2.449814815704E-6,9.999619231024E-1));
#1625=AXIS2_PLACEMENT_3D('',#1622,#1623,#1624);
#1626=PLANE('',#1625);
#1627=ORIENTED_EDGE('',*,*,#1541,.F.);
#1629=ORIENTED_EDGE('',*,*,#1628,.T.);
#1631=ORIENTED_EDGE('',*,*,#1630,.F.);
#1632=ORIENTED_EDGE('',*,*,#1614,.F.);
#1634=ORIENTED_EDGE('',*,*,#1633,.F.);
#1635=EDGE_LOOP('',(#1627,#1629,#1631,#1632,#1634));
#1636=FACE_OUTER_BOUND('',#1635,.F.);
#1637=ADVANCED_FACE('',(#1636),#1626,.T.);
#1638=CARTESIAN_POINT('',(7.991300525980E1,-1.528412572081E1,6.001369635039E2));
#1639=DIRECTION('',(8.726540946398E-3,-2.449792183060E-6,9.999619230136E-1));
#1640=DIRECTION('',(-9.999594501533E-1,-2.223961337268E-3,8.726513917609E-3));
#1641=AXIS2_PLACEMENT_3D('',#1638,#1639,#1640);
#1642=PLANE('',#1641);
#1644=ORIENTED_EDGE('',*,*,#1643,.F.);
#1646=ORIENTED_EDGE('',*,*,#1645,.F.);
#1648=ORIENTED_EDGE('',*,*,#1647,.F.);
#1650=ORIENTED_EDGE('',*,*,#1649,.F.);
#1652=ORIENTED_EDGE('',*,*,#1651,.F.);
#1654=ORIENTED_EDGE('',*,*,#1653,.T.);
#1656=ORIENTED_EDGE('',*,*,#1655,.T.);
#1658=ORIENTED_EDGE('',*,*,#1657,.F.);
#1659=ORIENTED_EDGE('',*,*,#1628,.F.);
#1660=EDGE_LOOP('',(#1644,#1646,#1648,#1650,#1652,#1654,#1656,#1658,#1659));
#1661=FACE_OUTER_BOUND('',#1660,.F.);
#1662=ADVANCED_FACE('',(#1661),#1642,.T.);
#1663=CARTESIAN_POINT('',(8.011300525980E1,-2.468412572081E1,6.001369635039E2));
#1664=DIRECTION('',(8.726540946398E-3,-2.449792183088E-6,9.999619230136E-1));
#1665=DIRECTION('',(-9.999594501533E-1,-2.223961337268E-3,8.726513917609E-3));
#1666=AXIS2_PLACEMENT_3D('',#1663,#1664,#1665);
#1667=PLANE('',#1666);
#1668=ORIENTED_EDGE('',*,*,#1645,.T.);
#1669=ORIENTED_EDGE('',*,*,#1643,.T.);
#1670=ORIENTED_EDGE('',*,*,#1549,.T.);
#1672=ORIENTED_EDGE('',*,*,#1671,.F.);
#1674=ORIENTED_EDGE('',*,*,#1673,.T.);
#1675=ORIENTED_EDGE('',*,*,#1647,.T.);
#1676=EDGE_LOOP('',(#1668,#1669,#1670,#1672,#1674,#1675));
#1677=FACE_OUTER_BOUND('',#1676,.F.);
#1678=ADVANCED_FACE('',(#1677),#1667,.T.);
#1679=CARTESIAN_POINT('',(8.012510141954E1,-1.522945443471E1,6.013574278452E2));
#1680=DIRECTION('',(8.882963970661E-3,-8.715792412577E-2,9.961549022181E-1));
#1681=DIRECTION('',(-9.999596224602E-1,-2.127955711699E-3,8.730707520086E-3));
#1682=AXIS2_PLACEMENT_3D('',#1679,#1680,#1681);
#1683=PLANE('',#1682);
#1684=ORIENTED_EDGE('',*,*,#1547,.T.);
#1686=ORIENTED_EDGE('',*,*,#1685,.F.);
#1688=ORIENTED_EDGE('',*,*,#1687,.F.);
#1689=ORIENTED_EDGE('',*,*,#1671,.T.);
#1690=EDGE_LOOP('',(#1684,#1686,#1688,#1689));
#1691=FACE_OUTER_BOUND('',#1690,.F.);
#1692=ADVANCED_FACE('',(#1691),#1683,.T.);
#1693=CARTESIAN_POINT('',(8.008956960437E1,-1.488082273812E1,5.973728082360E2));
#1694=DIRECTION('',(9.999596225506E-1,2.127954824578E-3,-8.730697380912E-3));
#1695=DIRECTION('',(8.882953792761E-3,-8.715792414743E-2,9.961549023070E-1));
#1696=AXIS2_PLACEMENT_3D('',#1693,#1694,#1695);
#1697=PLANE('',#1696);
#1698=ORIENTED_EDGE('',*,*,#1545,.F.);
#1700=ORIENTED_EDGE('',*,*,#1699,.F.);
#1702=ORIENTED_EDGE('',*,*,#1701,.F.);
#1704=ORIENTED_EDGE('',*,*,#1703,.F.);
#1706=ORIENTED_EDGE('',*,*,#1705,.F.);
#1708=ORIENTED_EDGE('',*,*,#1707,.T.);
#1710=ORIENTED_EDGE('',*,*,#1709,.F.);
#1711=ORIENTED_EDGE('',*,*,#1685,.T.);
#1712=EDGE_LOOP('',(#1698,#1700,#1702,#1704,#1706,#1708,#1710,#1711));
#1713=FACE_OUTER_BOUND('',#1712,.F.);
#1714=ADVANCED_FACE('',(#1713),#1697,.T.);
#1715=CARTESIAN_POINT('',(6.036217982974E1,-2.926861270496E1,5.992884443642E2));
#1716=DIRECTION('',(-1.706447965610E-3,9.986270651357E-1,5.235525583793E-2));
#1717=DIRECTION('',(1.029136418513E-4,-5.235515641299E-2,9.986285230283E-1));
#1718=AXIS2_PLACEMENT_3D('',#1715,#1716,#1717);
#1719=PLANE('',#1718);
#1720=ORIENTED_EDGE('',*,*,#1543,.F.);
#1721=ORIENTED_EDGE('',*,*,#1633,.T.);
#1722=ORIENTED_EDGE('',*,*,#1514,.T.);
#1724=ORIENTED_EDGE('',*,*,#1723,.T.);
#1725=ORIENTED_EDGE('',*,*,#1699,.T.);
#1726=EDGE_LOOP('',(#1720,#1721,#1722,#1724,#1725));
#1727=FACE_OUTER_BOUND('',#1726,.F.);
#1728=ADVANCED_FACE('',(#1727),#1719,.T.);
#1729=CARTESIAN_POINT('',(8.008327952417E1,-1.508837352073E1,5.968598012585E2));
#1730=DIRECTION('',(9.999562622784E-1,2.185482079311E-3,-9.093799995529E-3));
#1731=DIRECTION('',(9.195736273857E-3,-5.233744784182E-2,9.985871168745E-1));
#1732=AXIS2_PLACEMENT_3D('',#1729,#1730,#1731);
#1733=PLANE('',#1732);
#1735=ORIENTED_EDGE('',*,*,#1734,.T.);
#1736=ORIENTED_EDGE('',*,*,#1701,.T.);
#1737=ORIENTED_EDGE('',*,*,#1723,.F.);
#1738=ORIENTED_EDGE('',*,*,#1512,.F.);
#1739=EDGE_LOOP('',(#1735,#1736,#1737,#1738));
#1740=FACE_OUTER_BOUND('',#1739,.F.);
#1741=ADVANCED_FACE('',(#1740),#1733,.T.);
#1742=CARTESIAN_POINT('',(8.008792652762E1,-1.487946395023E1,5.973572547754E2));
#1743=DIRECTION('',(9.999563016176E-1,2.159880835093E-3,-9.095590686458E-3));
#1744=DIRECTION('',(9.249240766095E-3,-8.715713882524E-2,9.961516374012E-1));
#1745=AXIS2_PLACEMENT_3D('',#1742,#1743,#1744);
#1746=PLANE('',#1745);
#1747=ORIENTED_EDGE('',*,*,#1734,.F.);
#1748=ORIENTED_EDGE('',*,*,#1565,.F.);
#1750=ORIENTED_EDGE('',*,*,#1749,.T.);
#1751=ORIENTED_EDGE('',*,*,#1705,.T.);
#1752=ORIENTED_EDGE('',*,*,#1703,.T.);
#1753=EDGE_LOOP('',(#1747,#1748,#1750,#1751,#1752));
#1754=FACE_OUTER_BOUND('',#1753,.F.);
#1755=ADVANCED_FACE('',(#1754),#1746,.T.);
#1756=CARTESIAN_POINT('',(6.034606693840E1,-2.948999001121E1,5.976796328866E2));
#1757=DIRECTION('',(-1.358823170312E-3,9.961922344942E-1,8.717330745713E-2));
#1758=DIRECTION('',(1.564155644689E-4,-8.717317513710E-2,9.961931605219E-1));
#1759=AXIS2_PLACEMENT_3D('',#1756,#1757,#1758);
#1760=PLANE('',#1759);
#1762=ORIENTED_EDGE('',*,*,#1761,.F.);
#1764=ORIENTED_EDGE('',*,*,#1763,.F.);
#1766=ORIENTED_EDGE('',*,*,#1765,.F.);
#1768=ORIENTED_EDGE('',*,*,#1767,.F.);
#1769=ORIENTED_EDGE('',*,*,#1707,.F.);
#1770=ORIENTED_EDGE('',*,*,#1749,.F.);
#1771=ORIENTED_EDGE('',*,*,#1563,.F.);
#1772=ORIENTED_EDGE('',*,*,#1581,.F.);
#1773=EDGE_LOOP('',(#1762,#1764,#1766,#1768,#1769,#1770,#1771,#1772));
#1774=FACE_OUTER_BOUND('',#1773,.F.);
#1775=ADVANCED_FACE('',(#1774),#1760,.F.);
#1776=CARTESIAN_POINT('',(4.020437347196E1,-2.477279679658E1,5.964692934940E2));
#1777=DIRECTION('',(-8.722333638359E-3,2.459149452749E-6,-9.999619597214E-1));
#1778=DIRECTION('',(9.999594868611E-1,2.223961326941E-3,-8.722306599165E-3));
#1779=AXIS2_PLACEMENT_3D('',#1776,#1777,#1778);
#1780=PLANE('',#1779);
#1782=ORIENTED_EDGE('',*,*,#1781,.T.);
#1784=ORIENTED_EDGE('',*,*,#1783,.F.);
#1786=ORIENTED_EDGE('',*,*,#1785,.F.);
#1787=EDGE_LOOP('',(#1782,#1784,#1786));
#1788=FACE_OUTER_BOUND('',#1787,.F.);
#1789=ADVANCED_FACE('',(#1788),#1780,.T.);
#1790=CARTESIAN_POINT('',(4.020437347196E1,-2.477279679658E1,5.964692934940E2));
#1791=DIRECTION('',(-8.722333638359E-3,2.459149452749E-6,-9.999619597214E-1));
#1792=DIRECTION('',(9.999594868611E-1,2.223961326941E-3,-8.722306599165E-3));
#1793=AXIS2_PLACEMENT_3D('',#1790,#1791,#1792);
#1794=PLANE('',#1793);
#1795=ORIENTED_EDGE('',*,*,#1603,.F.);
#1797=ORIENTED_EDGE('',*,*,#1796,.F.);
#1799=ORIENTED_EDGE('',*,*,#1798,.F.);
#1801=ORIENTED_EDGE('',*,*,#1800,.T.);
#1803=ORIENTED_EDGE('',*,*,#1802,.T.);
#1804=ORIENTED_EDGE('',*,*,#1761,.T.);
#1805=ORIENTED_EDGE('',*,*,#1579,.T.);
#1806=EDGE_LOOP('',(#1795,#1797,#1799,#1801,#1803,#1804,#1805));
#1807=FACE_OUTER_BOUND('',#1806,.F.);
#1808=ADVANCED_FACE('',(#1807),#1794,.T.);
#1809=CARTESIAN_POINT('',(8.007645850461E1,-2.468411922884E1,5.961215028535E2));
#1810=DIRECTION('',(9.999561866073E-1,2.223962085413E-3,-9.092791566214E-3));
#1811=DIRECTION('',(9.092817689212E-3,-1.635172365831E-6,9.999586594774E-1));
#1812=AXIS2_PLACEMENT_3D('',#1809,#1810,#1811);
#1813=PLANE('',#1812);
#1814=ORIENTED_EDGE('',*,*,#1763,.T.);
#1815=ORIENTED_EDGE('',*,*,#1802,.F.);
#1816=ORIENTED_EDGE('',*,*,#1781,.F.);
#1818=ORIENTED_EDGE('',*,*,#1817,.F.);
#1820=ORIENTED_EDGE('',*,*,#1819,.T.);
#1821=EDGE_LOOP('',(#1814,#1815,#1816,#1818,#1820));
#1822=FACE_OUTER_BOUND('',#1821,.F.);
#1823=ADVANCED_FACE('',(#1822),#1813,.T.);
#1824=CARTESIAN_POINT('',(6.034830391052E1,-2.972805299727E1,5.983511606640E2));
#1825=DIRECTION('',(2.223855277377E-3,-9.999975269919E-1,-2.185718251723E-5));
#1826=DIRECTION('',(0.E0,2.185723656514E-5,-9.999999997611E-1));
#1827=AXIS2_PLACEMENT_3D('',#1824,#1825,#1826);
#1828=PLANE('',#1827);
#1830=ORIENTED_EDGE('',*,*,#1829,.T.);
#1832=ORIENTED_EDGE('',*,*,#1831,.F.);
#1833=ORIENTED_EDGE('',*,*,#1817,.T.);
#1834=ORIENTED_EDGE('',*,*,#1785,.T.);
#1836=ORIENTED_EDGE('',*,*,#1835,.T.);
#1837=EDGE_LOOP('',(#1830,#1832,#1833,#1834,#1836));
#1838=FACE_OUTER_BOUND('',#1837,.F.);
#1839=ADVANCED_FACE('',(#1838),#1828,.T.);
#1840=CARTESIAN_POINT('',(8.020578475253E1,-3.035113988970E1,5.974634875984E2));
#1841=DIRECTION('',(-5.872622860992E-3,9.211966166190E-1,-3.890530887045E-1));
#1842=DIRECTION('',(-9.999492308118E-1,-2.223962686543E-3,9.828010421659E-3));
#1843=AXIS2_PLACEMENT_3D('',#1840,#1841,#1842);
#1844=PLANE('',#1843);
#1845=ORIENTED_EDGE('',*,*,#1649,.T.);
#1846=ORIENTED_EDGE('',*,*,#1673,.F.);
#1847=ORIENTED_EDGE('',*,*,#1687,.T.);
#1848=ORIENTED_EDGE('',*,*,#1709,.T.);
#1849=ORIENTED_EDGE('',*,*,#1767,.T.);
#1851=ORIENTED_EDGE('',*,*,#1850,.T.);
#1852=ORIENTED_EDGE('',*,*,#1829,.F.);
#1854=ORIENTED_EDGE('',*,*,#1853,.T.);
#1856=ORIENTED_EDGE('',*,*,#1855,.F.);
#1858=ORIENTED_EDGE('',*,*,#1857,.T.);
#1860=ORIENTED_EDGE('',*,*,#1859,.F.);
#1862=ORIENTED_EDGE('',*,*,#1861,.F.);
#1864=ORIENTED_EDGE('',*,*,#1863,.T.);
#1866=ORIENTED_EDGE('',*,*,#1865,.F.);
#1868=ORIENTED_EDGE('',*,*,#1867,.T.);
#1869=EDGE_LOOP('',(#1845,#1846,#1847,#1848,#1849,#1851,#1852,#1854,#1856,#1858,
#1860,#1862,#1864,#1866,#1868));
#1870=FACE_OUTER_BOUND('',#1869,.F.);
#1871=ADVANCED_FACE('',(#1870),#1844,.T.);
#1872=CARTESIAN_POINT('',(8.007809913672E1,-2.468411592155E1,5.961371158115E2));
#1873=DIRECTION('',(9.999594502421E-1,2.223961337243E-3,-8.726503739686E-3));
#1874=DIRECTION('',(8.726530768501E-3,-2.449814815654E-6,9.999619231024E-1));
#1875=AXIS2_PLACEMENT_3D('',#1872,#1873,#1874);
#1876=PLANE('',#1875);
#1877=ORIENTED_EDGE('',*,*,#1765,.T.);
#1878=ORIENTED_EDGE('',*,*,#1819,.F.);
#1879=ORIENTED_EDGE('',*,*,#1831,.T.);
#1880=ORIENTED_EDGE('',*,*,#1850,.F.);
#1881=EDGE_LOOP('',(#1877,#1878,#1879,#1880));
#1882=FACE_OUTER_BOUND('',#1881,.F.);
#1883=ADVANCED_FACE('',(#1882),#1876,.T.);
#1884=CARTESIAN_POINT('',(8.010192547342E1,-3.014545928468E1,5.991027854632E2));
#1885=DIRECTION('',(9.999587074321E-1,-1.966678526980E-3,-8.872181602615E-3));
#1886=DIRECTION('',(2.275038053241E-3,9.993888956274E-1,3.488064647526E-2));
#1887=AXIS2_PLACEMENT_3D('',#1884,#1885,#1886);
#1888=PLANE('',#1887);
#1890=ORIENTED_EDGE('',*,*,#1889,.F.);
#1892=ORIENTED_EDGE('',*,*,#1891,.T.);
#1893=ORIENTED_EDGE('',*,*,#1853,.F.);
#1894=ORIENTED_EDGE('',*,*,#1835,.F.);
#1895=EDGE_LOOP('',(#1890,#1892,#1893,#1894));
#1896=FACE_OUTER_BOUND('',#1895,.F.);
#1897=ADVANCED_FACE('',(#1896),#1888,.T.);
#1898=CARTESIAN_POINT('',(6.015675463240E1,-1.895787799386E1,5.966671279970E2));
#1899=DIRECTION('',(8.798160755212E-3,-3.489939071455E-2,9.993521025620E-1));
#1900=DIRECTION('',(9.999612361448E-1,-3.708854838028E-5,-8.804818691796E-3));
#1901=AXIS2_PLACEMENT_3D('',#1898,#1899,#1900);
#1902=PLANE('',#1901);
#1904=ORIENTED_EDGE('',*,*,#1903,.T.);
#1906=ORIENTED_EDGE('',*,*,#1905,.T.);
#1908=ORIENTED_EDGE('',*,*,#1907,.T.);
#1909=ORIENTED_EDGE('',*,*,#1889,.T.);
#1910=ORIENTED_EDGE('',*,*,#1783,.T.);
#1911=ORIENTED_EDGE('',*,*,#1800,.F.);
#1912=EDGE_LOOP('',(#1904,#1906,#1908,#1909,#1910,#1911));
#1913=FACE_OUTER_BOUND('',#1912,.F.);
#1914=ADVANCED_FACE('',(#1913),#1902,.F.);
#1915=CARTESIAN_POINT('',(4.034823973311E1,2.177201146309E1,6.012658343113E2));
#1916=DIRECTION('',(-9.999587074321E-1,1.966678526979E-3,8.872181602615E-3));
#1917=DIRECTION('',(-2.275038053241E-3,-9.993888956274E-1,-3.488064647526E-2));
#1918=AXIS2_PLACEMENT_3D('',#1915,#1916,#1917);
#1919=PLANE('',#1918);
#1920=ORIENTED_EDGE('',*,*,#1905,.F.);
#1922=ORIENTED_EDGE('',*,*,#1921,.F.);
#1924=ORIENTED_EDGE('',*,*,#1923,.T.);
#1925=EDGE_LOOP('',(#1920,#1922,#1924));
#1926=FACE_OUTER_BOUND('',#1925,.F.);
#1927=ADVANCED_FACE('',(#1926),#1919,.T.);
#1928=CARTESIAN_POINT('',(4.034823973311E1,2.177201146309E1,6.012658343113E2));
#1929=DIRECTION('',(-9.999587074321E-1,1.966678526979E-3,8.872181602615E-3));
#1930=DIRECTION('',(-2.275038053241E-3,-9.993888956274E-1,-3.488064647526E-2));
#1931=AXIS2_PLACEMENT_3D('',#1928,#1929,#1930);
#1932=PLANE('',#1931);
#1934=ORIENTED_EDGE('',*,*,#1933,.T.);
#1936=ORIENTED_EDGE('',*,*,#1935,.F.);
#1937=ORIENTED_EDGE('',*,*,#1903,.F.);
#1939=ORIENTED_EDGE('',*,*,#1938,.F.);
#1940=EDGE_LOOP('',(#1934,#1936,#1937,#1939));
#1941=FACE_OUTER_BOUND('',#1940,.F.);
#1942=ADVANCED_FACE('',(#1941),#1932,.T.);
#1943=CARTESIAN_POINT('',(6.031606430311E1,-4.920864252880E1,6.045199466722E2));
#1944=DIRECTION('',(8.188290396165E-3,3.890910529937E-1,9.211629087087E-1));
#1945=DIRECTION('',(-9.999492308118E-1,-2.223962686543E-3,9.828010421659E-3));
#1946=AXIS2_PLACEMENT_3D('',#1943,#1944,#1945);
#1947=PLANE('',#1946);
#1949=ORIENTED_EDGE('',*,*,#1948,.T.);
#1950=ORIENTED_EDGE('',*,*,#1921,.T.);
#1952=ORIENTED_EDGE('',*,*,#1951,.T.);
#1954=ORIENTED_EDGE('',*,*,#1953,.T.);
#1956=ORIENTED_EDGE('',*,*,#1955,.T.);
#1958=ORIENTED_EDGE('',*,*,#1957,.T.);
#1960=ORIENTED_EDGE('',*,*,#1959,.T.);
#1962=ORIENTED_EDGE('',*,*,#1961,.T.);
#1963=ORIENTED_EDGE('',*,*,#1861,.T.);
#1965=ORIENTED_EDGE('',*,*,#1964,.T.);
#1966=EDGE_LOOP('',(#1949,#1950,#1952,#1954,#1956,#1958,#1960,#1962,#1963,
#1965));
#1967=FACE_OUTER_BOUND('',#1966,.F.);
#1969=ORIENTED_EDGE('',*,*,#1968,.T.);
#1971=ORIENTED_EDGE('',*,*,#1970,.T.);
#1973=ORIENTED_EDGE('',*,*,#1972,.T.);
#1975=ORIENTED_EDGE('',*,*,#1974,.T.);
#1977=ORIENTED_EDGE('',*,*,#1976,.T.);
#1979=ORIENTED_EDGE('',*,*,#1978,.T.);
#1981=ORIENTED_EDGE('',*,*,#1980,.T.);
#1983=ORIENTED_EDGE('',*,*,#1982,.T.);
#1985=ORIENTED_EDGE('',*,*,#1984,.T.);
#1987=ORIENTED_EDGE('',*,*,#1986,.T.);
#1989=ORIENTED_EDGE('',*,*,#1988,.T.);
#1991=ORIENTED_EDGE('',*,*,#1990,.T.);
#1992=EDGE_LOOP('',(#1969,#1971,#1973,#1975,#1977,#1979,#1981,#1983,#1985,#1987,
#1989,#1991));
#1993=FACE_BOUND('',#1992,.F.);
#1995=ORIENTED_EDGE('',*,*,#1994,.F.);
#1997=ORIENTED_EDGE('',*,*,#1996,.F.);
#1998=EDGE_LOOP('',(#1995,#1997));
#1999=FACE_BOUND('',#1998,.F.);
#2001=ORIENTED_EDGE('',*,*,#2000,.F.);
#2003=ORIENTED_EDGE('',*,*,#2002,.F.);
#2004=EDGE_LOOP('',(#2001,#2003));
#2005=FACE_BOUND('',#2004,.F.);
#2007=ORIENTED_EDGE('',*,*,#2006,.F.);
#2009=ORIENTED_EDGE('',*,*,#2008,.F.);
#2010=EDGE_LOOP('',(#2007,#2009));
#2011=FACE_BOUND('',#2010,.F.);
#2013=ORIENTED_EDGE('',*,*,#2012,.F.);
#2015=ORIENTED_EDGE('',*,*,#2014,.F.);
#2016=EDGE_LOOP('',(#2013,#2015));
#2017=FACE_BOUND('',#2016,.F.);
#2018=ADVANCED_FACE('',(#1967,#1993,#1999,#2005,#2011,#2017),#1947,.F.);
#2019=CARTESIAN_POINT('',(6.023176209513E1,-2.798687483541E1,5.362553640677E2));
#2020=DIRECTION('',(-1.879507099301E-3,9.993883555175E-1,3.491965505366E-2));
#2021=DIRECTION('',(7.162099749560E-5,-3.491958211161E-2,9.993901228527E-1));
#2022=AXIS2_PLACEMENT_3D('',#2019,#2020,#2021);
#2023=PLANE('',#2022);
#2024=ORIENTED_EDGE('',*,*,#1948,.F.);
#2026=ORIENTED_EDGE('',*,*,#2025,.T.);
#2028=ORIENTED_EDGE('',*,*,#2027,.T.);
#2029=ORIENTED_EDGE('',*,*,#1855,.T.);
#2030=ORIENTED_EDGE('',*,*,#1891,.F.);
#2031=ORIENTED_EDGE('',*,*,#1907,.F.);
#2032=ORIENTED_EDGE('',*,*,#1923,.F.);
#2033=EDGE_LOOP('',(#2024,#2026,#2028,#2029,#2030,#2031,#2032));
#2034=FACE_OUTER_BOUND('',#2033,.F.);
#2035=ADVANCED_FACE('',(#2034),#2023,.F.);
#2036=CARTESIAN_POINT('',(8.007213578172E1,-2.933590514286E1,5.970358494506E2));
#2037=DIRECTION('',(9.999647917543E-1,-1.495662991466E-3,-8.257011806105E-3));
#2038=DIRECTION('',(1.834980146552E-3,-9.211980869891E-1,3.890896007032E-1));
#2039=AXIS2_PLACEMENT_3D('',#2036,#2037,#2038);
#2040=PLANE('',#2039);
#2041=ORIENTED_EDGE('',*,*,#2025,.F.);
#2042=ORIENTED_EDGE('',*,*,#1964,.F.);
#2043=ORIENTED_EDGE('',*,*,#1859,.T.);
#2045=ORIENTED_EDGE('',*,*,#2044,.T.);
#2046=EDGE_LOOP('',(#2041,#2042,#2043,#2045));
#2047=FACE_OUTER_BOUND('',#2046,.F.);
#2048=ADVANCED_FACE('',(#2047),#2040,.T.);
#2049=CARTESIAN_POINT('',(8.012996392276E1,-2.244459094698E1,6.015673207421E2));
#2050=DIRECTION('',(9.999516404413E-1,-2.068999261713E-3,-9.614365335987E-3));
#2051=DIRECTION('',(-8.974139845043E-3,2.079111040441E-1,-9.781065574002E-1));
#2052=AXIS2_PLACEMENT_3D('',#2049,#2050,#2051);
#2053=PLANE('',#2052);
#2054=ORIENTED_EDGE('',*,*,#2027,.F.);
#2055=ORIENTED_EDGE('',*,*,#2044,.F.);
#2056=ORIENTED_EDGE('',*,*,#1857,.F.);
#2057=EDGE_LOOP('',(#2054,#2055,#2056));
#2058=FACE_OUTER_BOUND('',#2057,.F.);
#2059=ADVANCED_FACE('',(#2058),#2053,.T.);
#2060=CARTESIAN_POINT('',(4.020031077925E1,-2.935386019064E1,5.973978573289E2));
#2061=DIRECTION('',(-3.947324904293E-3,9.211991911143E-1,-3.890712902753E-1));
#2062=DIRECTION('',(9.999586844098E-1,4.503005808717E-4,-9.078915293076E-3));
#2063=AXIS2_PLACEMENT_3D('',#2060,#2061,#2062);
#2064=PLANE('',#2063);
#2065=ORIENTED_EDGE('',*,*,#1935,.T.);
#2067=ORIENTED_EDGE('',*,*,#2066,.F.);
#2068=ORIENTED_EDGE('',*,*,#1951,.F.);
#2069=EDGE_LOOP('',(#2065,#2067,#2068));
#2070=FACE_OUTER_BOUND('',#2069,.F.);
#2071=ADVANCED_FACE('',(#2070),#2064,.T.);
#2072=CARTESIAN_POINT('',(4.020526495680E1,-3.184096006053E1,5.984483422452E2));
#2073=DIRECTION('',(-9.999647917543E-1,1.495662991466E-3,8.257011806105E-3));
#2074=DIRECTION('',(-1.834980146552E-3,9.211980869891E-1,-3.890896007032E-1));
#2075=AXIS2_PLACEMENT_3D('',#2072,#2073,#2074);
#2076=PLANE('',#2075);
#2078=ORIENTED_EDGE('',*,*,#2077,.F.);
#2080=ORIENTED_EDGE('',*,*,#2079,.T.);
#2082=ORIENTED_EDGE('',*,*,#2081,.F.);
#2083=ORIENTED_EDGE('',*,*,#1953,.F.);
#2084=ORIENTED_EDGE('',*,*,#2066,.T.);
#2085=EDGE_LOOP('',(#2078,#2080,#2082,#2083,#2084));
#2086=FACE_OUTER_BOUND('',#2085,.F.);
#2087=ADVANCED_FACE('',(#2086),#2076,.T.);
#2088=CARTESIAN_POINT('',(6.032157937088E1,-2.942088574403E1,5.967432407416E2));
#2089=DIRECTION('',(-2.735167156407E-3,9.986270651357E-1,-5.231160138192E-2));
#2090=DIRECTION('',(-1.298503008879E-4,5.231144193987E-2,9.986308107509E-1));
#2091=AXIS2_PLACEMENT_3D('',#2088,#2089,#2090);
#2092=PLANE('',#2091);
#2094=ORIENTED_EDGE('',*,*,#2093,.T.);
#2096=ORIENTED_EDGE('',*,*,#2095,.T.);
#2097=ORIENTED_EDGE('',*,*,#2077,.T.);
#2099=ORIENTED_EDGE('',*,*,#2098,.F.);
#2100=EDGE_LOOP('',(#2094,#2096,#2097,#2099));
#2101=FACE_OUTER_BOUND('',#2100,.F.);
#2102=ADVANCED_FACE('',(#2101),#2092,.T.);
#2103=CARTESIAN_POINT('',(4.023008327987E1,-2.477282728913E1,6.004802113030E2));
#2104=DIRECTION('',(-9.999491195907E-1,-2.223962686403E-3,9.839320090528E-3));
#2105=DIRECTION('',(-9.839344367369E-3,-2.515349777860E-8,-9.999515924796E-1));
#2106=AXIS2_PLACEMENT_3D('',#2103,#2104,#2105);
#2107=PLANE('',#2106);
#2109=ORIENTED_EDGE('',*,*,#2108,.T.);
#2110=ORIENTED_EDGE('',*,*,#2093,.F.);
#2112=ORIENTED_EDGE('',*,*,#2111,.T.);
#2113=EDGE_LOOP('',(#2109,#2110,#2112));
#2114=FACE_OUTER_BOUND('',#2113,.F.);
#2115=ADVANCED_FACE('',(#2114),#2107,.T.);
#2116=CARTESIAN_POINT('',(6.016229667403E1,-2.932802996664E1,5.992868872410E2));
#2117=DIRECTION('',(-2.223855277377E-3,9.999975269919E-1,2.185718251371E-5));
#2118=DIRECTION('',(0.E0,-2.185723656162E-5,9.999999997611E-1));
#2119=AXIS2_PLACEMENT_3D('',#2116,#2117,#2118);
#2120=PLANE('',#2119);
#2121=ORIENTED_EDGE('',*,*,#1601,.F.);
#2123=ORIENTED_EDGE('',*,*,#2122,.F.);
#2125=ORIENTED_EDGE('',*,*,#2124,.F.);
#2127=ORIENTED_EDGE('',*,*,#2126,.F.);
#2129=ORIENTED_EDGE('',*,*,#2128,.F.);
#2130=ORIENTED_EDGE('',*,*,#1653,.F.);
#2132=ORIENTED_EDGE('',*,*,#2131,.F.);
#2134=ORIENTED_EDGE('',*,*,#2133,.T.);
#2135=ORIENTED_EDGE('',*,*,#2108,.F.);
#2137=ORIENTED_EDGE('',*,*,#2136,.F.);
#2139=ORIENTED_EDGE('',*,*,#2138,.F.);
#2141=ORIENTED_EDGE('',*,*,#2140,.F.);
#2142=EDGE_LOOP('',(#2121,#2123,#2125,#2127,#2129,#2130,#2132,#2134,#2135,#2137,
#2139,#2141));
#2143=FACE_OUTER_BOUND('',#2142,.F.);
#2144=ADVANCED_FACE('',(#2143),#2120,.F.);
#2145=CARTESIAN_POINT('',(4.001061446060E1,-1.537279791890E1,5.971556297701E2));
#2146=DIRECTION('',(-9.999561866073E-1,-2.223962085413E-3,9.092791566214E-3));
#2147=DIRECTION('',(-9.092817689212E-3,1.635172365780E-6,-9.999586594774E-1));
#2148=AXIS2_PLACEMENT_3D('',#2145,#2146,#2147);
#2149=PLANE('',#2148);
#2150=ORIENTED_EDGE('',*,*,#2122,.T.);
#2151=ORIENTED_EDGE('',*,*,#1599,.T.);
#2153=ORIENTED_EDGE('',*,*,#2152,.T.);
#2155=ORIENTED_EDGE('',*,*,#2154,.F.);
#2156=EDGE_LOOP('',(#2150,#2151,#2153,#2155));
#2157=FACE_OUTER_BOUND('',#2156,.F.);
#2158=ADVANCED_FACE('',(#2157),#2149,.T.);
#2159=CARTESIAN_POINT('',(4.017471708592E1,3.556820379753E1,6.039362775724E2));
#2160=DIRECTION('',(-9.999566375463E-1,2.010961976934E-3,9.092802591807E-3));
#2161=DIRECTION('',(-2.795717668619E-3,-9.961926910496E-1,-8.713384108381E-2));
#2162=AXIS2_PLACEMENT_3D('',#2159,#2160,#2161);
#2163=PLANE('',#2162);
#2164=ORIENTED_EDGE('',*,*,#2152,.F.);
#2166=ORIENTED_EDGE('',*,*,#2165,.F.);
#2168=ORIENTED_EDGE('',*,*,#2167,.F.);
#2170=ORIENTED_EDGE('',*,*,#2169,.T.);
#2172=ORIENTED_EDGE('',*,*,#2171,.F.);
#2174=ORIENTED_EDGE('',*,*,#2173,.F.);
#2175=EDGE_LOOP('',(#2164,#2166,#2168,#2170,#2172,#2174));
#2176=FACE_OUTER_BOUND('',#2175,.F.);
#2177=ADVANCED_FACE('',(#2176),#2163,.T.);
#2178=CARTESIAN_POINT('',(5.996168201671E1,-4.875329730296E0,5.972097723826E2));
#2179=DIRECTION('',(8.882960641790E-3,-8.715548365553E-2,9.961551157721E-1));
#2180=DIRECTION('',(9.999601715735E-1,-8.754303960043E-5,-8.924550567119E-3));
#2181=AXIS2_PLACEMENT_3D('',#2178,#2179,#2180);
#2182=PLANE('',#2181);
#2183=ORIENTED_EDGE('',*,*,#2165,.T.);
#2184=ORIENTED_EDGE('',*,*,#1597,.F.);
#2186=ORIENTED_EDGE('',*,*,#2185,.T.);
#2188=ORIENTED_EDGE('',*,*,#2187,.T.);
#2189=EDGE_LOOP('',(#2183,#2184,#2186,#2188));
#2190=FACE_OUTER_BOUND('',#2189,.F.);
#2191=ADVANCED_FACE('',(#2190),#2182,.F.);
#2192=CARTESIAN_POINT('',(7.990131225021E1,-1.618524314703E1,5.990540193742E2));
#2193=DIRECTION('',(9.999566375463E-1,-2.010961976934E-3,-9.092802591807E-3));
#2194=DIRECTION('',(2.795717668619E-3,9.961926910496E-1,8.713384108381E-2));
#2195=AXIS2_PLACEMENT_3D('',#2192,#2193,#2194);
#2196=PLANE('',#2195);
#2197=ORIENTED_EDGE('',*,*,#1616,.T.);
#2199=ORIENTED_EDGE('',*,*,#2198,.T.);
#2200=ORIENTED_EDGE('',*,*,#2185,.F.);
#2201=EDGE_LOOP('',(#2197,#2199,#2200));
#2202=FACE_OUTER_BOUND('',#2201,.F.);
#2203=ADVANCED_FACE('',(#2202),#2196,.T.);
#2204=CARTESIAN_POINT('',(7.990234798224E1,-1.628414942232E1,5.991370184301E2));
#2205=DIRECTION('',(9.999600592043E-1,-1.930766212522E-3,-8.726519232717E-3));
#2206=DIRECTION('',(1.930692694861E-3,9.999981360692E-1,-1.684889989267E-5));
#2207=AXIS2_PLACEMENT_3D('',#2204,#2205,#2206);
#2208=PLANE('',#2207);
#2209=ORIENTED_EDGE('',*,*,#1630,.T.);
#2211=ORIENTED_EDGE('',*,*,#2210,.F.);
#2213=ORIENTED_EDGE('',*,*,#2212,.F.);
#2215=ORIENTED_EDGE('',*,*,#2214,.T.);
#2216=ORIENTED_EDGE('',*,*,#2198,.F.);
#2217=EDGE_LOOP('',(#2209,#2211,#2213,#2215,#2216));
#2218=FACE_OUTER_BOUND('',#2217,.F.);
#2219=ADVANCED_FACE('',(#2218),#2208,.T.);
#2220=CARTESIAN_POINT('',(5.998846604045E1,-5.195250208026E0,6.003108423234E2));
#2221=DIRECTION('',(8.726535498375E-3,0.E0,9.999619230642E-1));
#2222=DIRECTION('',(9.999619230642E-1,0.E0,-8.726535498375E-3));
#2223=AXIS2_PLACEMENT_3D('',#2220,#2221,#2222);
#2224=PLANE('',#2223);
#2225=ORIENTED_EDGE('',*,*,#2210,.T.);
#2227=ORIENTED_EDGE('',*,*,#2226,.T.);
#2229=ORIENTED_EDGE('',*,*,#2228,.F.);
#2231=ORIENTED_EDGE('',*,*,#2230,.T.);
#2232=EDGE_LOOP('',(#2225,#2227,#2229,#2231));
#2233=FACE_OUTER_BOUND('',#2232,.F.);
#2234=ADVANCED_FACE('',(#2233),#2224,.T.);
#2235=CARTESIAN_POINT('',(5.999908895322E1,-4.344738175160E0,6.022457593272E2));
#2236=DIRECTION('',(8.963398103657E-3,-1.736476800989E-1,9.847670489465E-1));
#2237=DIRECTION('',(9.999583133799E-1,-1.574941770272E-4,-9.129441280527E-3));
#2238=AXIS2_PLACEMENT_3D('',#2235,#2236,#2237);
#2239=PLANE('',#2238);
#2241=ORIENTED_EDGE('',*,*,#2240,.T.);
#2243=ORIENTED_EDGE('',*,*,#2242,.T.);
#2244=ORIENTED_EDGE('',*,*,#2226,.F.);
#2246=ORIENTED_EDGE('',*,*,#2245,.F.);
#2247=EDGE_LOOP('',(#2241,#2243,#2244,#2246));
#2248=FACE_OUTER_BOUND('',#2247,.F.);
#2249=ADVANCED_FACE('',(#2248),#2239,.T.);
#2250=CARTESIAN_POINT('',(4.003536292800E1,-7.764756020589E0,5.994128588951E2));
#2251=DIRECTION('',(-9.999494412260E-1,2.074297926320E-3,9.839323147241E-3));
#2252=DIRECTION('',(8.967235706320E-3,-2.588183314898E-1,9.658843926519E-1));
#2253=AXIS2_PLACEMENT_3D('',#2250,#2251,#2252);
#2254=PLANE('',#2253);
#2256=ORIENTED_EDGE('',*,*,#2255,.F.);
#2258=ORIENTED_EDGE('',*,*,#2257,.F.);
#2260=ORIENTED_EDGE('',*,*,#2259,.T.);
#2262=ORIENTED_EDGE('',*,*,#2261,.F.);
#2264=ORIENTED_EDGE('',*,*,#2263,.F.);
#2265=ORIENTED_EDGE('',*,*,#2240,.F.);
#2266=EDGE_LOOP('',(#2256,#2258,#2260,#2262,#2264,#2265));
#2267=FACE_OUTER_BOUND('',#2266,.F.);
#2268=ADVANCED_FACE('',(#2267),#2254,.T.);
#2269=CARTESIAN_POINT('',(4.003008327987E1,-1.537282728913E1,6.004802113030E2));
#2270=DIRECTION('',(-9.999491195907E-1,-2.223962686403E-3,9.839320090528E-3));
#2271=DIRECTION('',(-9.839344367369E-3,-2.515349780174E-8,-9.999515924796E-1));
#2272=AXIS2_PLACEMENT_3D('',#2269,#2270,#2271);
#2273=PLANE('',#2272);
#2274=ORIENTED_EDGE('',*,*,#2128,.T.);
#2276=ORIENTED_EDGE('',*,*,#2275,.T.);
#2277=ORIENTED_EDGE('',*,*,#2255,.T.);
#2278=ORIENTED_EDGE('',*,*,#1655,.F.);
#2279=EDGE_LOOP('',(#2274,#2276,#2277,#2278));
#2280=FACE_OUTER_BOUND('',#2279,.F.);
#2281=ADVANCED_FACE('',(#2280),#2273,.T.);
#2282=CARTESIAN_POINT('',(4.000006766996E1,-1.537282736586E1,5.974297888558E2));
#2283=DIRECTION('',(-9.999617928625E-1,-2.223960586458E-3,8.453804735976E-3));
#2284=DIRECTION('',(-8.453832439161E-3,3.056309137322E-6,-9.999642657154E-1));
#2285=AXIS2_PLACEMENT_3D('',#2282,#2283,#2284);
#2286=PLANE('',#2285);
#2287=ORIENTED_EDGE('',*,*,#2126,.T.);
#2289=ORIENTED_EDGE('',*,*,#2288,.T.);
#2291=ORIENTED_EDGE('',*,*,#2290,.T.);
#2292=ORIENTED_EDGE('',*,*,#2275,.F.);
#2293=EDGE_LOOP('',(#2287,#2289,#2291,#2292));
#2294=FACE_OUTER_BOUND('',#2293,.F.);
#2295=ADVANCED_FACE('',(#2294),#2286,.T.);
#2296=CARTESIAN_POINT('',(3.999775034580E1,-1.537282652808E1,5.971556834280E2));
#2297=DIRECTION('',(-4.171120983771E-3,1.258105407703E-5,-9.999913007579E-1));
#2298=DIRECTION('',(9.999888280463E-1,2.223927100474E-3,-4.171082690112E-3));
#2299=AXIS2_PLACEMENT_3D('',#2296,#2297,#2298);
#2300=PLANE('',#2299);
#2301=ORIENTED_EDGE('',*,*,#2124,.T.);
#2302=ORIENTED_EDGE('',*,*,#2154,.T.);
#2304=ORIENTED_EDGE('',*,*,#2303,.F.);
#2305=ORIENTED_EDGE('',*,*,#2288,.F.);
#2306=EDGE_LOOP('',(#2301,#2302,#2304,#2305));
#2307=FACE_OUTER_BOUND('',#2306,.F.);
#2308=ADVANCED_FACE('',(#2307),#2300,.T.);
#2309=CARTESIAN_POINT('',(3.999993720691E1,-1.528510222232E1,5.973980362101E2));
#2310=DIRECTION('',(-3.510735480128E-3,9.403001400863E-1,-3.403282552039E-1));
#2311=DIRECTION('',(9.999578438055E-1,4.135238354737E-4,-9.172764566920E-3));
#2312=AXIS2_PLACEMENT_3D('',#2309,#2310,#2311);
#2313=PLANE('',#2312);
#2314=ORIENTED_EDGE('',*,*,#2303,.T.);
#2315=ORIENTED_EDGE('',*,*,#2173,.T.);
#2317=ORIENTED_EDGE('',*,*,#2316,.T.);
#2319=ORIENTED_EDGE('',*,*,#2318,.F.);
#2320=EDGE_LOOP('',(#2314,#2315,#2317,#2319));
#2321=FACE_OUTER_BOUND('',#2320,.F.);
#2322=ADVANCED_FACE('',(#2321),#2313,.T.);
#2323=CARTESIAN_POINT('',(5.998197346694E1,-3.768860813859E0,6.002984151568E2));
#2324=DIRECTION('',(8.967235706320E-3,-2.588183314898E-1,9.658843926519E-1));
#2325=DIRECTION('',(9.999563626251E-1,-2.093210418840E-4,-9.339648296554E-3));
#2326=AXIS2_PLACEMENT_3D('',#2323,#2324,#2325);
#2327=PLANE('',#2326);
#2329=ORIENTED_EDGE('',*,*,#2328,.F.);
#2330=ORIENTED_EDGE('',*,*,#2259,.F.);
#2331=ORIENTED_EDGE('',*,*,#2316,.F.);
#2332=ORIENTED_EDGE('',*,*,#2171,.T.);
#2333=EDGE_LOOP('',(#2329,#2330,#2331,#2332));
#2334=FACE_OUTER_BOUND('',#2333,.F.);
#2335=ADVANCED_FACE('',(#2334),#2327,.F.);
#2336=CARTESIAN_POINT('',(6.013686066206E1,-1.514755524017E1,5.983591547763E2));
#2337=DIRECTION('',(-1.358823170312E-3,9.961922344942E-1,8.717330745713E-2));
#2338=DIRECTION('',(1.564155644689E-4,-8.717317513710E-2,9.961931605219E-1));
#2339=AXIS2_PLACEMENT_3D('',#2336,#2337,#2338);
#2340=PLANE('',#2339);
#2342=ORIENTED_EDGE('',*,*,#2341,.T.);
#2344=ORIENTED_EDGE('',*,*,#2343,.T.);
#2345=ORIENTED_EDGE('',*,*,#2261,.T.);
#2346=ORIENTED_EDGE('',*,*,#2328,.T.);
#2347=EDGE_LOOP('',(#2342,#2344,#2345,#2346));
#2348=FACE_OUTER_BOUND('',#2347,.F.);
#2349=ADVANCED_FACE('',(#2348),#2340,.T.);
#2350=CARTESIAN_POINT('',(4.013074688987E1,3.566349114088E1,5.994840999347E2));
#2351=DIRECTION('',(-9.999600592043E-1,1.930766212521E-3,8.726519232717E-3));
#2352=DIRECTION('',(-1.930692694860E-3,-9.999981360692E-1,1.684889988951E-5));
#2353=AXIS2_PLACEMENT_3D('',#2350,#2351,#2352);
#2354=PLANE('',#2353);
#2355=ORIENTED_EDGE('',*,*,#2169,.F.);
#2356=ORIENTED_EDGE('',*,*,#2167,.T.);
#2358=ORIENTED_EDGE('',*,*,#2357,.T.);
#2360=ORIENTED_EDGE('',*,*,#2359,.F.);
#2361=ORIENTED_EDGE('',*,*,#2228,.T.);
#2363=ORIENTED_EDGE('',*,*,#2362,.T.);
#2365=ORIENTED_EDGE('',*,*,#2364,.F.);
#2366=ORIENTED_EDGE('',*,*,#2341,.F.);
#2367=EDGE_LOOP('',(#2355,#2356,#2358,#2360,#2361,#2363,#2365,#2366));
#2368=FACE_OUTER_BOUND('',#2367,.F.);
#2369=ADVANCED_FACE('',(#2368),#2354,.T.);
#2370=CARTESIAN_POINT('',(5.995355989845E1,-5.195250208026E0,5.963109946312E2));
#2371=DIRECTION('',(8.726535498374E-3,0.E0,9.999619230642E-1));
#2372=DIRECTION('',(9.999619230642E-1,0.E0,-8.726535498374E-3));
#2373=AXIS2_PLACEMENT_3D('',#2370,#2371,#2372);
#2374=PLANE('',#2373);
#2376=ORIENTED_EDGE('',*,*,#2375,.T.);
#2377=ORIENTED_EDGE('',*,*,#2357,.F.);
#2378=ORIENTED_EDGE('',*,*,#2187,.F.);
#2379=ORIENTED_EDGE('',*,*,#2214,.F.);
#2381=ORIENTED_EDGE('',*,*,#2380,.T.);
#2383=ORIENTED_EDGE('',*,*,#2382,.F.);
#2385=ORIENTED_EDGE('',*,*,#2384,.T.);
#2387=ORIENTED_EDGE('',*,*,#2386,.T.);
#2389=ORIENTED_EDGE('',*,*,#2388,.T.);
#2391=ORIENTED_EDGE('',*,*,#2390,.T.);
#2393=ORIENTED_EDGE('',*,*,#2392,.T.);
#2395=ORIENTED_EDGE('',*,*,#2394,.T.);
#2396=EDGE_LOOP('',(#2376,#2377,#2378,#2379,#2381,#2383,#2385,#2387,#2389,#2391,
#2393,#2395));
#2397=FACE_OUTER_BOUND('',#2396,.F.);
#2398=ADVANCED_FACE('',(#2397),#2374,.F.);
#2399=CARTESIAN_POINT('',(5.271362691062E1,2.484892402372E1,5.963741765692E2));
#2400=DIRECTION('',(-8.734106753669E-3,-4.162895679705E-2,-9.990949631217E-1));
#2401=DIRECTION('',(-9.999618569622E-1,3.636056217296E-4,8.726534921510E-3));
#2402=AXIS2_PLACEMENT_3D('',#2399,#2400,#2401);
#2403=PLANE('',#2402);
#2405=ORIENTED_EDGE('',*,*,#2404,.T.);
#2407=ORIENTED_EDGE('',*,*,#2406,.T.);
#2409=ORIENTED_EDGE('',*,*,#2408,.T.);
#2410=ORIENTED_EDGE('',*,*,#2375,.F.);
#2412=ORIENTED_EDGE('',*,*,#2411,.F.);
#2413=EDGE_LOOP('',(#2405,#2407,#2409,#2410,#2412));
#2414=FACE_OUTER_BOUND('',#2413,.F.);
#2415=ADVANCED_FACE('',(#2414),#2403,.T.);
#2416=CARTESIAN_POINT('',(4.756546586189E1,2.414243253907E1,5.794183809376E2));
#2417=DIRECTION('',(-9.999619890516E-1,3.629755039567E-4,8.711412094897E-3));
#2418=DIRECTION('',(8.711412668766E-3,0.E0,9.999620549247E-1));
#2419=AXIS2_PLACEMENT_3D('',#2416,#2417,#2418);
#2420=PLANE('',#2419);
#2422=ORIENTED_EDGE('',*,*,#2421,.F.);
#2424=ORIENTED_EDGE('',*,*,#2423,.T.);
#2426=ORIENTED_EDGE('',*,*,#2425,.T.);
#2427=ORIENTED_EDGE('',*,*,#2404,.F.);
#2428=EDGE_LOOP('',(#2422,#2424,#2426,#2427));
#2429=FACE_OUTER_BOUND('',#2428,.F.);
#2430=ADVANCED_FACE('',(#2429),#2420,.T.);
#2431=CARTESIAN_POINT('',(5.256527580715E1,2.414061766155E1,5.793748238771E2));
#2432=DIRECTION('',(0.E0,-9.991330730924E-1,4.163054471218E-2));
#2433=DIRECTION('',(8.718970805301E-3,4.162896229570E-2,9.990950950967E-1));
#2434=AXIS2_PLACEMENT_3D('',#2431,#2432,#2433);
#2435=PLANE('',#2434);
#2437=ORIENTED_EDGE('',*,*,#2436,.F.);
#2439=ORIENTED_EDGE('',*,*,#2438,.F.);
#2440=ORIENTED_EDGE('',*,*,#2421,.T.);
#2442=ORIENTED_EDGE('',*,*,#2441,.T.);
#2443=EDGE_LOOP('',(#2437,#2439,#2440,#2442));
#2444=FACE_OUTER_BOUND('',#2443,.F.);
#2445=ADVANCED_FACE('',(#2444),#2435,.T.);
#2446=CARTESIAN_POINT('',(5.271362691062E1,2.484892402372E1,5.963741765692E2));
#2447=DIRECTION('',(-3.632766172336E-4,9.991331390251E-1,-4.162737719237E-2));
#2448=DIRECTION('',(-8.718970805301E-3,-4.162896229570E-2,-9.990950950967E-1));
#2449=AXIS2_PLACEMENT_3D('',#2446,#2447,#2448);
#2450=PLANE('',#2449);
#2451=ORIENTED_EDGE('',*,*,#2441,.F.);
#2452=ORIENTED_EDGE('',*,*,#2411,.T.);
#2454=ORIENTED_EDGE('',*,*,#2453,.T.);
#2456=ORIENTED_EDGE('',*,*,#2455,.T.);
#2457=ORIENTED_EDGE('',*,*,#2436,.T.);
#2458=EDGE_LOOP('',(#2451,#2452,#2454,#2456,#2457));
#2459=FACE_OUTER_BOUND('',#2458,.F.);
#2460=ADVANCED_FACE('',(#2459),#2450,.T.);
#2461=CARTESIAN_POINT('',(4.474883766810E1,2.251292762187E1,6.004438365454E2));
#2462=DIRECTION('',(-9.999619230642E-1,0.E0,8.726535498364E-3));
#2463=DIRECTION('',(8.726535498364E-3,0.E0,9.999619230642E-1));
#2464=AXIS2_PLACEMENT_3D('',#2461,#2462,#2463);
#2465=PLANE('',#2464);
#2466=ORIENTED_EDGE('',*,*,#2453,.F.);
#2467=ORIENTED_EDGE('',*,*,#2394,.F.);
#2469=ORIENTED_EDGE('',*,*,#2468,.T.);
#2471=ORIENTED_EDGE('',*,*,#2470,.T.);
#2472=EDGE_LOOP('',(#2466,#2467,#2469,#2471));
#2473=FACE_OUTER_BOUND('',#2472,.F.);
#2474=ADVANCED_FACE('',(#2473),#2465,.T.);
#2475=CARTESIAN_POINT('',(4.756546619183E1,2.051292762214E1,5.794184565546E2));
#2476=DIRECTION('',(-1.104283904433E-13,-1.E0,-1.265384019687E-11));
#2477=DIRECTION('',(8.726535498371E-3,-1.265432203468E-11,9.999619230642E-1));
#2478=AXIS2_PLACEMENT_3D('',#2475,#2476,#2477);
#2479=PLANE('',#2478);
#2481=ORIENTED_EDGE('',*,*,#2480,.F.);
#2483=ORIENTED_EDGE('',*,*,#2482,.F.);
#2484=ORIENTED_EDGE('',*,*,#2468,.F.);
#2485=ORIENTED_EDGE('',*,*,#2392,.F.);
#2486=EDGE_LOOP('',(#2481,#2483,#2484,#2485));
#2487=FACE_OUTER_BOUND('',#2486,.F.);
#2488=ADVANCED_FACE('',(#2487),#2479,.T.);
#2489=CARTESIAN_POINT('',(4.724874247576E1,2.001292762187E1,6.004220202067E2));
#2490=DIRECTION('',(-9.999619230642E-1,0.E0,8.726535498364E-3));
#2491=DIRECTION('',(8.726535498364E-3,0.E0,9.999619230642E-1));
#2492=AXIS2_PLACEMENT_3D('',#2489,#2490,#2491);
#2493=PLANE('',#2492);
#2494=ORIENTED_EDGE('',*,*,#2480,.T.);
#2495=ORIENTED_EDGE('',*,*,#2390,.F.);
#2497=ORIENTED_EDGE('',*,*,#2496,.T.);
#2499=ORIENTED_EDGE('',*,*,#2498,.T.);
#2500=EDGE_LOOP('',(#2494,#2495,#2497,#2499));
#2501=FACE_OUTER_BOUND('',#2500,.F.);
#2502=ADVANCED_FACE('',(#2501),#2493,.T.);
#2503=CARTESIAN_POINT('',(6.524805709092E1,1.801292762187E1,6.002649425677E2));
#2504=DIRECTION('',(-1.110223024625E-13,-1.E0,-1.264766069653E-11));
#2505=DIRECTION('',(0.E0,1.264766069653E-11,-1.E0));
#2506=AXIS2_PLACEMENT_3D('',#2503,#2504,#2505);
#2507=PLANE('',#2506);
#2508=ORIENTED_EDGE('',*,*,#2388,.F.);
#2510=ORIENTED_EDGE('',*,*,#2509,.F.);
#2512=ORIENTED_EDGE('',*,*,#2511,.F.);
#2513=ORIENTED_EDGE('',*,*,#2496,.F.);
#2514=EDGE_LOOP('',(#2508,#2510,#2512,#2513));
#2515=FACE_OUTER_BOUND('',#2514,.F.);
#2516=ADVANCED_FACE('',(#2515),#2507,.T.);
#2517=CARTESIAN_POINT('',(7.324775247543E1,2.251292762187E1,6.001951302837E2));
#2518=DIRECTION('',(9.999619230642E-1,0.E0,-8.726535498364E-3));
#2519=DIRECTION('',(-8.726535498364E-3,0.E0,-9.999619230642E-1));
#2520=AXIS2_PLACEMENT_3D('',#2517,#2518,#2519);
#2521=PLANE('',#2520);
#2523=ORIENTED_EDGE('',*,*,#2522,.T.);
#2525=ORIENTED_EDGE('',*,*,#2524,.T.);
#2526=ORIENTED_EDGE('',*,*,#2509,.T.);
#2527=ORIENTED_EDGE('',*,*,#2386,.F.);
#2528=EDGE_LOOP('',(#2523,#2525,#2526,#2527));
#2529=FACE_OUTER_BOUND('',#2528,.F.);
#2530=ADVANCED_FACE('',(#2529),#2521,.T.);
#2531=CARTESIAN_POINT('',(6.771305575658E1,2.051292762193E1,5.962432785367E2));
#2532=DIRECTION('',(-1.110223024625E-13,-1.E0,-1.264766069653E-11));
#2533=DIRECTION('',(0.E0,1.264766069653E-11,-1.E0));
#2534=AXIS2_PLACEMENT_3D('',#2531,#2532,#2533);
#2535=PLANE('',#2534);
#2536=ORIENTED_EDGE('',*,*,#2522,.F.);
#2537=ORIENTED_EDGE('',*,*,#2384,.F.);
#2539=ORIENTED_EDGE('',*,*,#2538,.F.);
#2541=ORIENTED_EDGE('',*,*,#2540,.F.);
#2542=EDGE_LOOP('',(#2536,#2537,#2539,#2541));
#2543=FACE_OUTER_BOUND('',#2542,.F.);
#2544=ADVANCED_FACE('',(#2543),#2535,.T.);
#2545=CARTESIAN_POINT('',(7.574765728309E1,2.501013025954E1,6.001733139450E2));
#2546=DIRECTION('',(9.999619230642E-1,0.E0,-8.726535498364E-3));
#2547=DIRECTION('',(-8.726535498364E-3,0.E0,-9.999619230642E-1));
#2548=AXIS2_PLACEMENT_3D('',#2545,#2546,#2547);
#2549=PLANE('',#2548);
#2550=ORIENTED_EDGE('',*,*,#2382,.T.);
#2552=ORIENTED_EDGE('',*,*,#2551,.F.);
#2554=ORIENTED_EDGE('',*,*,#2553,.T.);
#2555=ORIENTED_EDGE('',*,*,#2538,.T.);
#2556=EDGE_LOOP('',(#2550,#2552,#2554,#2555));
#2557=FACE_OUTER_BOUND('',#2556,.F.);
#2558=ADVANCED_FACE('',(#2557),#2549,.T.);
#2559=CARTESIAN_POINT('',(7.256451426843E1,2.413516357686E1,5.792002931671E2));
#2560=DIRECTION('',(-3.632766172334E-4,9.991331390251E-1,-4.162737719237E-2));
#2561=DIRECTION('',(8.718970805301E-3,4.162896229570E-2,9.990950950967E-1));
#2562=AXIS2_PLACEMENT_3D('',#2559,#2560,#2561);
#2563=PLANE('',#2562);
#2565=ORIENTED_EDGE('',*,*,#2564,.T.);
#2567=ORIENTED_EDGE('',*,*,#2566,.F.);
#2568=ORIENTED_EDGE('',*,*,#2551,.T.);
#2570=ORIENTED_EDGE('',*,*,#2569,.T.);
#2571=EDGE_LOOP('',(#2565,#2567,#2568,#2570));
#2572=FACE_OUTER_BOUND('',#2571,.F.);
#2573=ADVANCED_FACE('',(#2572),#2563,.T.);
#2574=CARTESIAN_POINT('',(7.271286570184E1,2.484165506151E1,5.961997214762E2));
#2575=DIRECTION('',(9.999619890516E-1,-3.629755039567E-4,-8.711412094897E-3));
#2576=DIRECTION('',(-8.711412668766E-3,0.E0,-9.999620549247E-1));
#2577=AXIS2_PLACEMENT_3D('',#2574,#2575,#2576);
#2578=PLANE('',#2577);
#2579=ORIENTED_EDGE('',*,*,#2564,.F.);
#2581=ORIENTED_EDGE('',*,*,#2580,.T.);
#2583=ORIENTED_EDGE('',*,*,#2582,.T.);
#2585=ORIENTED_EDGE('',*,*,#2584,.T.);
#2586=EDGE_LOOP('',(#2579,#2581,#2583,#2585));
#2587=FACE_OUTER_BOUND('',#2586,.F.);
#2588=ADVANCED_FACE('',(#2587),#2578,.T.);
#2589=CARTESIAN_POINT('',(7.995556472330E1,2.483901832415E1,5.961364397795E2));
#2590=DIRECTION('',(-8.734106753669E-3,-4.162895679705E-2,-9.990949631217E-1));
#2591=DIRECTION('',(-9.999618569622E-1,3.636056217296E-4,8.726534921510E-3));
#2592=AXIS2_PLACEMENT_3D('',#2589,#2590,#2591);
#2593=PLANE('',#2592);
#2594=ORIENTED_EDGE('',*,*,#2580,.F.);
#2595=ORIENTED_EDGE('',*,*,#2569,.F.);
#2596=ORIENTED_EDGE('',*,*,#2380,.F.);
#2598=ORIENTED_EDGE('',*,*,#2597,.F.);
#2600=ORIENTED_EDGE('',*,*,#2599,.T.);
#2601=EDGE_LOOP('',(#2594,#2595,#2596,#2598,#2600));
#2602=FACE_OUTER_BOUND('',#2601,.F.);
#2603=ADVANCED_FACE('',(#2602),#2593,.T.);
#2604=CARTESIAN_POINT('',(7.999079263553E1,2.500567852766E1,6.001362846637E2));
#2605=DIRECTION('',(9.999612850266E-1,-3.663214677787E-4,-8.791715226623E-3));
#2606=DIRECTION('',(-8.799343614372E-3,-4.162893298675E-2,-9.990943916820E-1));
#2607=AXIS2_PLACEMENT_3D('',#2604,#2605,#2606);
#2608=PLANE('',#2607);
#2609=ORIENTED_EDGE('',*,*,#2212,.T.);
#2611=ORIENTED_EDGE('',*,*,#2610,.F.);
#2613=ORIENTED_EDGE('',*,*,#2612,.T.);
#2614=ORIENTED_EDGE('',*,*,#2597,.T.);
#2615=EDGE_LOOP('',(#2609,#2611,#2613,#2614));
#2616=FACE_OUTER_BOUND('',#2615,.F.);
#2617=ADVANCED_FACE('',(#2616),#2608,.T.);
#2618=CARTESIAN_POINT('',(4.011892441766E1,2.502017671609E1,6.004842411862E2));
#2619=DIRECTION('',(8.734106753671E-3,4.162895679705E-2,9.990949631217E-1));
#2620=DIRECTION('',(9.999618569622E-1,-3.636056217297E-4,-8.726534921512E-3));
#2621=AXIS2_PLACEMENT_3D('',#2618,#2619,#2620);
#2622=PLANE('',#2621);
#2623=ORIENTED_EDGE('',*,*,#2230,.F.);
#2625=ORIENTED_EDGE('',*,*,#2624,.F.);
#2627=ORIENTED_EDGE('',*,*,#2626,.T.);
#2628=ORIENTED_EDGE('',*,*,#2610,.T.);
#2629=EDGE_LOOP('',(#2623,#2625,#2627,#2628));
#2630=FACE_OUTER_BOUND('',#2629,.F.);
#2631=ADVANCED_FACE('',(#2630),#2622,.T.);
#2632=CARTESIAN_POINT('',(4.008369650543E1,2.485351651258E1,5.964843963020E2));
#2633=DIRECTION('',(-9.999612850266E-1,3.663214677787E-4,8.791715226623E-3));
#2634=DIRECTION('',(8.799343614372E-3,4.162893298675E-2,9.990943916820E-1));
#2635=AXIS2_PLACEMENT_3D('',#2632,#2633,#2634);
#2636=PLANE('',#2635);
#2637=ORIENTED_EDGE('',*,*,#2359,.T.);
#2638=ORIENTED_EDGE('',*,*,#2408,.F.);
#2640=ORIENTED_EDGE('',*,*,#2639,.T.);
#2641=ORIENTED_EDGE('',*,*,#2624,.T.);
#2642=EDGE_LOOP('',(#2637,#2638,#2640,#2641));
#2643=FACE_OUTER_BOUND('',#2642,.F.);
#2644=ADVANCED_FACE('',(#2643),#2636,.T.);
#2645=CARTESIAN_POINT('',(6.E1,2.229828321210E1,5.327567146610E2));
#2646=DIRECTION('',(0.E0,9.991330730923E-1,-4.163054471249E-2));
#2647=DIRECTION('',(0.E0,4.163054471249E-2,9.991330730923E-1));
#2648=AXIS2_PLACEMENT_3D('',#2645,#2646,#2647);
#2649=PLANE('',#2648);
#2650=ORIENTED_EDGE('',*,*,#2406,.F.);
#2651=ORIENTED_EDGE('',*,*,#2425,.F.);
#2653=ORIENTED_EDGE('',*,*,#2652,.F.);
#2655=ORIENTED_EDGE('',*,*,#2654,.F.);
#2657=ORIENTED_EDGE('',*,*,#2656,.F.);
#2658=ORIENTED_EDGE('',*,*,#2582,.F.);
#2659=ORIENTED_EDGE('',*,*,#2599,.F.);
#2660=ORIENTED_EDGE('',*,*,#2612,.F.);
#2661=ORIENTED_EDGE('',*,*,#2626,.F.);
#2662=ORIENTED_EDGE('',*,*,#2639,.F.);
#2663=EDGE_LOOP('',(#2650,#2651,#2653,#2655,#2657,#2658,#2659,#2660,#2661,
#2662));
#2664=FACE_OUTER_BOUND('',#2663,.F.);
#2665=ADVANCED_FACE('',(#2664),#2649,.T.);
#2666=CARTESIAN_POINT('',(5.256527580715E1,2.424053096885E1,5.793706608226E2));
#2667=DIRECTION('',(-8.718970805295E-3,-4.162896229600E-2,-9.990950950967E-1));
#2668=DIRECTION('',(0.E0,-9.991330730923E-1,4.163054471249E-2));
#2669=AXIS2_PLACEMENT_3D('',#2666,#2667,#2668);
#2670=PLANE('',#2669);
#2672=ORIENTED_EDGE('',*,*,#2671,.F.);
#2673=ORIENTED_EDGE('',*,*,#2652,.T.);
#2674=ORIENTED_EDGE('',*,*,#2423,.F.);
#2675=ORIENTED_EDGE('',*,*,#2438,.T.);
#2676=EDGE_LOOP('',(#2672,#2673,#2674,#2675));
#2677=FACE_OUTER_BOUND('',#2676,.F.);
#2678=ADVANCED_FACE('',(#2677),#2670,.T.);
#2679=CARTESIAN_POINT('',(6.756470465311E1,2.413516357686E1,5.792439258446E2));
#2680=DIRECTION('',(-8.734106753670E-3,-4.162895679705E-2,-9.990949631217E-1));
#2681=DIRECTION('',(-9.999618569622E-1,3.636056217296E-4,8.726534921511E-3));
#2682=AXIS2_PLACEMENT_3D('',#2679,#2680,#2681);
#2683=PLANE('',#2682);
#2685=ORIENTED_EDGE('',*,*,#2684,.F.);
#2687=ORIENTED_EDGE('',*,*,#2686,.F.);
#2688=ORIENTED_EDGE('',*,*,#2654,.T.);
#2689=ORIENTED_EDGE('',*,*,#2671,.T.);
#2690=EDGE_LOOP('',(#2685,#2687,#2688,#2689));
#2691=FACE_OUTER_BOUND('',#2690,.F.);
#2692=ADVANCED_FACE('',(#2691),#2683,.T.);
#2693=CARTESIAN_POINT('',(6.006499023013E1,2.251292762214E1,5.793093748608E2));
#2694=DIRECTION('',(-8.726535498370E-3,1.265506218336E-11,-9.999619230642E-1));
#2695=DIRECTION('',(-9.999619230642E-1,0.E0,8.726535498370E-3));
#2696=AXIS2_PLACEMENT_3D('',#2693,#2694,#2695);
#2697=PLANE('',#2696);
#2698=ORIENTED_EDGE('',*,*,#2684,.T.);
#2699=ORIENTED_EDGE('',*,*,#2455,.F.);
#2700=ORIENTED_EDGE('',*,*,#2470,.F.);
#2701=ORIENTED_EDGE('',*,*,#2482,.T.);
#2702=ORIENTED_EDGE('',*,*,#2498,.F.);
#2703=ORIENTED_EDGE('',*,*,#2511,.T.);
#2704=ORIENTED_EDGE('',*,*,#2524,.F.);
#2705=ORIENTED_EDGE('',*,*,#2540,.T.);
#2706=ORIENTED_EDGE('',*,*,#2553,.F.);
#2707=ORIENTED_EDGE('',*,*,#2566,.T.);
#2709=ORIENTED_EDGE('',*,*,#2708,.T.);
#2710=EDGE_LOOP('',(#2698,#2699,#2700,#2701,#2702,#2703,#2704,#2705,#2706,#2707,
#2709));
#2711=FACE_OUTER_BOUND('',#2710,.F.);
#2712=ADVANCED_FACE('',(#2711),#2697,.T.);
#2713=CARTESIAN_POINT('',(6.756470465311E1,2.413516357686E1,5.792439258446E2));
#2714=DIRECTION('',(-8.718970805295E-3,-4.162896229600E-2,-9.990950950967E-1));
#2715=DIRECTION('',(0.E0,9.991330730923E-1,-4.163054471249E-2));
#2716=AXIS2_PLACEMENT_3D('',#2713,#2714,#2715);
#2717=PLANE('',#2716);
#2718=ORIENTED_EDGE('',*,*,#2686,.T.);
#2719=ORIENTED_EDGE('',*,*,#2708,.F.);
#2720=ORIENTED_EDGE('',*,*,#2584,.F.);
#2721=ORIENTED_EDGE('',*,*,#2656,.T.);
#2722=EDGE_LOOP('',(#2718,#2719,#2720,#2721));
#2723=FACE_OUTER_BOUND('',#2722,.F.);
#2724=ADVANCED_FACE('',(#2723),#2717,.T.);
#2725=CARTESIAN_POINT('',(6.002174035177E1,-4.357745286800E0,5.382110024355E2));
#2726=DIRECTION('',(-4.834495984401E-4,9.848053175747E-1,1.736613162253E-1));
#2727=DIRECTION('',(2.368470458976E-4,-1.736612188850E-1,9.848054249235E-1));
#2728=AXIS2_PLACEMENT_3D('',#2725,#2726,#2727);
#2729=PLANE('',#2728);
#2730=ORIENTED_EDGE('',*,*,#2362,.F.);
#2732=ORIENTED_EDGE('',*,*,#2731,.F.);
#2734=ORIENTED_EDGE('',*,*,#2733,.T.);
#2735=EDGE_LOOP('',(#2730,#2732,#2734));
#2736=FACE_OUTER_BOUND('',#2735,.F.);
#2737=ADVANCED_FACE('',(#2736),#2729,.T.);
#2738=CARTESIAN_POINT('',(4.002918963124E1,-7.898916566662E0,5.987543989305E2));
#2739=DIRECTION('',(-9.999530892186E-1,2.058927563894E-3,9.464680635467E-3));
#2740=DIRECTION('',(8.963398103657E-3,-1.736476800989E-1,9.847670489465E-1));
#2741=AXIS2_PLACEMENT_3D('',#2738,#2739,#2740);
#2742=PLANE('',#2741);
#2743=ORIENTED_EDGE('',*,*,#2263,.T.);
#2745=ORIENTED_EDGE('',*,*,#2744,.T.);
#2746=ORIENTED_EDGE('',*,*,#2731,.T.);
#2747=ORIENTED_EDGE('',*,*,#2242,.F.);
#2748=EDGE_LOOP('',(#2743,#2745,#2746,#2747));
#2749=FACE_OUTER_BOUND('',#2748,.F.);
#2750=ADVANCED_FACE('',(#2749),#2742,.T.);
#2751=CARTESIAN_POINT('',(5.997219875891E1,-3.823795134863E0,5.992914581803E2));
#2752=DIRECTION('',(8.963398103657E-3,-1.736476800989E-1,9.847670489465E-1));
#2753=DIRECTION('',(9.999583133799E-1,-1.574941770272E-4,-9.129441280527E-3));
#2754=AXIS2_PLACEMENT_3D('',#2751,#2752,#2753);
#2755=PLANE('',#2754);
#2756=ORIENTED_EDGE('',*,*,#2343,.F.);
#2757=ORIENTED_EDGE('',*,*,#2364,.T.);
#2758=ORIENTED_EDGE('',*,*,#2733,.F.);
#2759=ORIENTED_EDGE('',*,*,#2744,.F.);
#2760=EDGE_LOOP('',(#2756,#2757,#2758,#2759));
#2761=FACE_OUTER_BOUND('',#2760,.F.);
#2762=ADVANCED_FACE('',(#2761),#2755,.F.);
#2763=CARTESIAN_POINT('',(4.000371266440E1,-1.782377153115E1,5.983169229019E2));
#2764=DIRECTION('',(-9.999630288903E-1,1.572788943068E-3,8.453826789977E-3));
#2765=DIRECTION('',(-1.398393472204E-3,9.402989156556E-1,-3.403468726351E-1));
#2766=AXIS2_PLACEMENT_3D('',#2763,#2764,#2765);
#2767=PLANE('',#2766);
#2768=ORIENTED_EDGE('',*,*,#2290,.F.);
#2769=ORIENTED_EDGE('',*,*,#2318,.T.);
#2770=ORIENTED_EDGE('',*,*,#2257,.T.);
#2771=EDGE_LOOP('',(#2768,#2769,#2770));
#2772=FACE_OUTER_BOUND('',#2771,.F.);
#2773=ADVANCED_FACE('',(#2772),#2767,.T.);
#2774=CARTESIAN_POINT('',(5.999721385928E1,-5.223951664918E0,6.011943928457E2));
#2775=DIRECTION('',(8.882960641791E-3,-8.715548365553E-2,9.961551157721E-1));
#2776=DIRECTION('',(9.999601715735E-1,-8.754303960030E-5,-8.924550567120E-3));
#2777=AXIS2_PLACEMENT_3D('',#2774,#2775,#2776);
#2778=PLANE('',#2777);
#2779=ORIENTED_EDGE('',*,*,#1657,.T.);
#2780=ORIENTED_EDGE('',*,*,#2245,.T.);
#2781=EDGE_LOOP('',(#2779,#2780));
#2782=FACE_OUTER_BOUND('',#2781,.F.);
#2783=ADVANCED_FACE('',(#2782),#2778,.T.);
#2784=CARTESIAN_POINT('',(4.020781552005E1,-3.044009839716E1,5.978566080152E2));
#2785=DIRECTION('',(-9.999492308118E-1,-2.223962686543E-3,9.828010421659E-3));
#2786=DIRECTION('',(5.872622860992E-3,-9.211966166190E-1,3.890530887045E-1));
#2787=AXIS2_PLACEMENT_3D('',#2784,#2785,#2786);
#2788=PLANE('',#2787);
#2789=ORIENTED_EDGE('',*,*,#2131,.T.);
#2790=ORIENTED_EDGE('',*,*,#1651,.T.);
#2791=ORIENTED_EDGE('',*,*,#1867,.F.);
#2793=ORIENTED_EDGE('',*,*,#2792,.F.);
#2795=ORIENTED_EDGE('',*,*,#2794,.T.);
#2796=ORIENTED_EDGE('',*,*,#1957,.F.);
#2798=ORIENTED_EDGE('',*,*,#2797,.T.);
#2800=ORIENTED_EDGE('',*,*,#2799,.F.);
#2802=ORIENTED_EDGE('',*,*,#2801,.F.);
#2803=EDGE_LOOP('',(#2789,#2790,#2791,#2793,#2795,#2796,#2798,#2800,#2802));
#2804=FACE_OUTER_BOUND('',#2803,.F.);
#2805=ADVANCED_FACE('',(#2804),#2788,.T.);
#2806=CARTESIAN_POINT('',(6.034881746470E1,-4.765227831683E1,6.082045983070E2));
#2807=DIRECTION('',(8.188290396165E-3,3.890910529937E-1,9.211629087087E-1));
#2808=DIRECTION('',(-9.999492308118E-1,-2.223962686543E-3,9.828010421659E-3));
#2809=AXIS2_PLACEMENT_3D('',#2806,#2807,#2808);
#2810=PLANE('',#2809);
#2811=ORIENTED_EDGE('',*,*,#1865,.T.);
#2813=ORIENTED_EDGE('',*,*,#2812,.T.);
#2815=ORIENTED_EDGE('',*,*,#2814,.T.);
#2816=ORIENTED_EDGE('',*,*,#2792,.T.);
#2817=EDGE_LOOP('',(#2811,#2813,#2815,#2816));
#2818=FACE_OUTER_BOUND('',#2817,.F.);
#2820=ORIENTED_EDGE('',*,*,#2819,.F.);
#2822=ORIENTED_EDGE('',*,*,#2821,.F.);
#2823=EDGE_LOOP('',(#2820,#2822));
#2824=FACE_BOUND('',#2823,.F.);
#2826=ORIENTED_EDGE('',*,*,#2825,.F.);
#2828=ORIENTED_EDGE('',*,*,#2827,.F.);
#2829=EDGE_LOOP('',(#2826,#2828));
#2830=FACE_BOUND('',#2829,.F.);
#2832=ORIENTED_EDGE('',*,*,#2831,.F.);
#2834=ORIENTED_EDGE('',*,*,#2833,.F.);
#2835=EDGE_LOOP('',(#2832,#2834));
#2836=FACE_BOUND('',#2835,.F.);
#2838=ORIENTED_EDGE('',*,*,#2837,.F.);
#2840=ORIENTED_EDGE('',*,*,#2839,.F.);
#2841=EDGE_LOOP('',(#2838,#2840));
#2842=FACE_BOUND('',#2841,.F.);
#2844=ORIENTED_EDGE('',*,*,#2843,.T.);
#2846=ORIENTED_EDGE('',*,*,#2845,.T.);
#2848=ORIENTED_EDGE('',*,*,#2847,.T.);
#2850=ORIENTED_EDGE('',*,*,#2849,.T.);
#2852=ORIENTED_EDGE('',*,*,#2851,.T.);
#2854=ORIENTED_EDGE('',*,*,#2853,.T.);
#2856=ORIENTED_EDGE('',*,*,#2855,.T.);
#2858=ORIENTED_EDGE('',*,*,#2857,.T.);
#2860=ORIENTED_EDGE('',*,*,#2859,.T.);
#2862=ORIENTED_EDGE('',*,*,#2861,.T.);
#2864=ORIENTED_EDGE('',*,*,#2863,.T.);
#2866=ORIENTED_EDGE('',*,*,#2865,.T.);
#2867=EDGE_LOOP('',(#2844,#2846,#2848,#2850,#2852,#2854,#2856,#2858,#2860,#2862,
#2864,#2866));
#2868=FACE_BOUND('',#2867,.F.);
#2869=ADVANCED_FACE('',(#2818,#2824,#2830,#2836,#2842,#2868),#2810,.T.);
#2870=CARTESIAN_POINT('',(8.044068966697E1,-6.719900455446E1,6.130256111466E2));
#2871=DIRECTION('',(9.999492308118E-1,2.223962686543E-3,-9.828010421659E-3));
#2872=DIRECTION('',(-5.872622860992E-3,9.211966166190E-1,-3.890530887045E-1));
#2873=AXIS2_PLACEMENT_3D('',#2870,#2871,#2872);
#2874=PLANE('',#2873);
#2875=ORIENTED_EDGE('',*,*,#1863,.F.);
#2876=ORIENTED_EDGE('',*,*,#1961,.F.);
#2878=ORIENTED_EDGE('',*,*,#2877,.F.);
#2879=ORIENTED_EDGE('',*,*,#2812,.F.);
#2880=EDGE_LOOP('',(#2875,#2876,#2878,#2879));
#2881=FACE_OUTER_BOUND('',#2880,.F.);
#2882=ADVANCED_FACE('',(#2881),#2874,.T.);
#2883=CARTESIAN_POINT('',(4.044272043449E1,-6.728796306192E1,6.134187315634E2));
#2884=DIRECTION('',(5.872622860992E-3,-9.211966166190E-1,3.890530887045E-1));
#2885=DIRECTION('',(9.999492308118E-1,2.223962686543E-3,-9.828010421659E-3));
#2886=AXIS2_PLACEMENT_3D('',#2883,#2884,#2885);
#2887=PLANE('',#2886);
#2888=ORIENTED_EDGE('',*,*,#2877,.T.);
#2889=ORIENTED_EDGE('',*,*,#1959,.F.);
#2890=ORIENTED_EDGE('',*,*,#2794,.F.);
#2891=ORIENTED_EDGE('',*,*,#2814,.F.);
#2892=EDGE_LOOP('',(#2888,#2889,#2890,#2891));
#2893=FACE_OUTER_BOUND('',#2892,.F.);
#2894=ADVANCED_FACE('',(#2893),#2887,.T.);
#2895=CARTESIAN_POINT('',(7.441804091777E1,-6.110153155734E1,6.121320048318E2));
#2896=DIRECTION('',(8.188290396165E-3,3.890910529937E-1,9.211629087087E-1));
#2897=DIRECTION('',(5.872622860992E-3,-9.211966166190E-1,3.890530887045E-1));
#2898=AXIS2_PLACEMENT_3D('',#2895,#2896,#2897);
#2899=CYLINDRICAL_SURFACE('',#2898,1.0877E0);
#2901=ORIENTED_EDGE('',*,*,#2900,.F.);
#2902=ORIENTED_EDGE('',*,*,#2014,.T.);
#2904=ORIENTED_EDGE('',*,*,#2903,.F.);
#2905=ORIENTED_EDGE('',*,*,#2819,.T.);
#2906=EDGE_LOOP('',(#2901,#2902,#2904,#2905));
#2907=FACE_OUTER_BOUND('',#2906,.F.);
#2908=ADVANCED_FACE('',(#2907),#2899,.F.);
#2909=CARTESIAN_POINT('',(7.441804091777E1,-6.110153155734E1,6.121320048318E2));
#2910=DIRECTION('',(8.188290396165E-3,3.890910529937E-1,9.211629087087E-1));
#2911=DIRECTION('',(5.872622860992E-3,-9.211966166190E-1,3.890530887045E-1));
#2912=AXIS2_PLACEMENT_3D('',#2909,#2910,#2911);
#2913=CYLINDRICAL_SURFACE('',#2912,1.0877E0);
#2914=ORIENTED_EDGE('',*,*,#2900,.T.);
#2915=ORIENTED_EDGE('',*,*,#2821,.T.);
#2916=ORIENTED_EDGE('',*,*,#2903,.T.);
#2917=ORIENTED_EDGE('',*,*,#2012,.T.);
#2918=EDGE_LOOP('',(#2914,#2915,#2916,#2917));
#2919=FACE_OUTER_BOUND('',#2918,.F.);
#2920=ADVANCED_FACE('',(#2919),#2913,.F.);
#2921=CARTESIAN_POINT('',(7.425360747766E1,-3.530802629200E1,6.012385183481E2));
#2922=DIRECTION('',(8.188290396165E-3,3.890910529937E-1,9.211629087087E-1));
#2923=DIRECTION('',(5.872622860992E-3,-9.211966166190E-1,3.890530887045E-1));
#2924=AXIS2_PLACEMENT_3D('',#2921,#2922,#2923);
#2925=CYLINDRICAL_SURFACE('',#2924,1.0877E0);
#2927=ORIENTED_EDGE('',*,*,#2926,.F.);
#2928=ORIENTED_EDGE('',*,*,#2008,.T.);
#2930=ORIENTED_EDGE('',*,*,#2929,.F.);
#2931=ORIENTED_EDGE('',*,*,#2825,.T.);
#2932=EDGE_LOOP('',(#2927,#2928,#2930,#2931));
#2933=FACE_OUTER_BOUND('',#2932,.F.);
#2934=ADVANCED_FACE('',(#2933),#2925,.F.);
#2935=CARTESIAN_POINT('',(7.425360747766E1,-3.530802629200E1,6.012385183481E2));
#2936=DIRECTION('',(8.188290396165E-3,3.890910529937E-1,9.211629087087E-1));
#2937=DIRECTION('',(5.872622860992E-3,-9.211966166190E-1,3.890530887045E-1));
#2938=AXIS2_PLACEMENT_3D('',#2935,#2936,#2937);
#2939=CYLINDRICAL_SURFACE('',#2938,1.0877E0);
#2940=ORIENTED_EDGE('',*,*,#2926,.T.);
#2941=ORIENTED_EDGE('',*,*,#2827,.T.);
#2942=ORIENTED_EDGE('',*,*,#2929,.T.);
#2943=ORIENTED_EDGE('',*,*,#2006,.T.);
#2944=EDGE_LOOP('',(#2940,#2941,#2942,#2943));
#2945=FACE_OUTER_BOUND('',#2944,.F.);
#2946=ADVANCED_FACE('',(#2945),#2939,.F.);
#2947=CARTESIAN_POINT('',(4.625502901493E1,-3.537029724723E1,6.015137026399E2));
#2948=DIRECTION('',(8.188290396165E-3,3.890910529937E-1,9.211629087087E-1));
#2949=DIRECTION('',(5.872622860992E-3,-9.211966166190E-1,3.890530887045E-1));
#2950=AXIS2_PLACEMENT_3D('',#2947,#2948,#2949);
#2951=CYLINDRICAL_SURFACE('',#2950,1.0877E0);
#2953=ORIENTED_EDGE('',*,*,#2952,.F.);
#2954=ORIENTED_EDGE('',*,*,#2002,.T.);
#2956=ORIENTED_EDGE('',*,*,#2955,.F.);
#2957=ORIENTED_EDGE('',*,*,#2831,.T.);
#2958=EDGE_LOOP('',(#2953,#2954,#2956,#2957));
#2959=FACE_OUTER_BOUND('',#2958,.F.);
#2960=ADVANCED_FACE('',(#2959),#2951,.F.);
#2961=CARTESIAN_POINT('',(4.625502901493E1,-3.537029724723E1,6.015137026399E2));
#2962=DIRECTION('',(8.188290396165E-3,3.890910529937E-1,9.211629087087E-1));
#2963=DIRECTION('',(5.872622860992E-3,-9.211966166190E-1,3.890530887045E-1));
#2964=AXIS2_PLACEMENT_3D('',#2961,#2962,#2963);
#2965=CYLINDRICAL_SURFACE('',#2964,1.0877E0);
#2966=ORIENTED_EDGE('',*,*,#2952,.T.);
#2967=ORIENTED_EDGE('',*,*,#2833,.T.);
#2968=ORIENTED_EDGE('',*,*,#2955,.T.);
#2969=ORIENTED_EDGE('',*,*,#2000,.T.);
#2970=EDGE_LOOP('',(#2966,#2967,#2968,#2969));
#2971=FACE_OUTER_BOUND('',#2970,.F.);
#2972=ADVANCED_FACE('',(#2971),#2965,.F.);
#2973=CARTESIAN_POINT('',(4.641946245504E1,-6.116380251256E1,6.124071891236E2));
#2974=DIRECTION('',(8.188290396165E-3,3.890910529937E-1,9.211629087087E-1));
#2975=DIRECTION('',(5.872622860992E-3,-9.211966166190E-1,3.890530887045E-1));
#2976=AXIS2_PLACEMENT_3D('',#2973,#2974,#2975);
#2977=CYLINDRICAL_SURFACE('',#2976,1.0877E0);
#2979=ORIENTED_EDGE('',*,*,#2978,.F.);
#2980=ORIENTED_EDGE('',*,*,#1996,.T.);
#2982=ORIENTED_EDGE('',*,*,#2981,.F.);
#2983=ORIENTED_EDGE('',*,*,#2837,.T.);
#2984=EDGE_LOOP('',(#2979,#2980,#2982,#2983));
#2985=FACE_OUTER_BOUND('',#2984,.F.);
#2986=ADVANCED_FACE('',(#2985),#2977,.F.);
#2987=CARTESIAN_POINT('',(4.641946245504E1,-6.116380251256E1,6.124071891236E2));
#2988=DIRECTION('',(8.188290396165E-3,3.890910529937E-1,9.211629087087E-1));
#2989=DIRECTION('',(5.872622860992E-3,-9.211966166190E-1,3.890530887045E-1));
#2990=AXIS2_PLACEMENT_3D('',#2987,#2988,#2989);
#2991=CYLINDRICAL_SURFACE('',#2990,1.0877E0);
#2992=ORIENTED_EDGE('',*,*,#2978,.T.);
#2993=ORIENTED_EDGE('',*,*,#2839,.T.);
#2994=ORIENTED_EDGE('',*,*,#2981,.T.);
#2995=ORIENTED_EDGE('',*,*,#1994,.T.);
#2996=EDGE_LOOP('',(#2992,#2993,#2994,#2995));
#2997=FACE_OUTER_BOUND('',#2996,.F.);
#2998=ADVANCED_FACE('',(#2997),#2991,.F.);
#2999=CARTESIAN_POINT('',(4.841989769213E1,-5.873332521465E1,6.129911714780E2));
#3000=DIRECTION('',(5.872622860994E-3,-9.211966166190E-1,3.890530887045E-1));
#3001=DIRECTION('',(-9.999492308118E-1,-2.223962686545E-3,9.828010421660E-3));
#3002=AXIS2_PLACEMENT_3D('',#2999,#3000,#3001);
#3003=PLANE('',#3002);
#3004=ORIENTED_EDGE('',*,*,#2843,.F.);
#3006=ORIENTED_EDGE('',*,*,#3005,.F.);
#3007=ORIENTED_EDGE('',*,*,#1972,.F.);
#3009=ORIENTED_EDGE('',*,*,#3008,.F.);
#3010=EDGE_LOOP('',(#3004,#3006,#3007,#3009));
#3011=FACE_OUTER_BOUND('',#3010,.F.);
#3012=ADVANCED_FACE('',(#3011),#3003,.F.);
#3013=CARTESIAN_POINT('',(4.442010076888E1,-5.874222106539E1,6.130304835197E2));
#3014=DIRECTION('',(-9.999492308118E-1,-2.223962686544E-3,9.828010421662E-3));
#3015=DIRECTION('',(-5.872622860994E-3,9.211966166190E-1,-3.890530887045E-1));
#3016=AXIS2_PLACEMENT_3D('',#3013,#3014,#3015);
#3017=PLANE('',#3016);
#3018=ORIENTED_EDGE('',*,*,#2865,.F.);
#3020=ORIENTED_EDGE('',*,*,#3019,.F.);
#3021=ORIENTED_EDGE('',*,*,#1974,.F.);
#3022=ORIENTED_EDGE('',*,*,#3005,.T.);
#3023=EDGE_LOOP('',(#3018,#3020,#3021,#3022));
#3024=FACE_OUTER_BOUND('',#3023,.F.);
#3025=ADVANCED_FACE('',(#3024),#3017,.F.);
#3026=CARTESIAN_POINT('',(4.427915782021E1,-3.663350226654E1,6.036932093908E2));
#3027=DIRECTION('',(-5.872622860993E-3,9.211966166190E-1,-3.890530887045E-1));
#3028=DIRECTION('',(9.999492308118E-1,2.223962686544E-3,-9.828010421660E-3));
#3029=AXIS2_PLACEMENT_3D('',#3026,#3027,#3028);
#3030=PLANE('',#3029);
#3031=ORIENTED_EDGE('',*,*,#2863,.F.);
#3033=ORIENTED_EDGE('',*,*,#3032,.F.);
#3034=ORIENTED_EDGE('',*,*,#1976,.F.);
#3035=ORIENTED_EDGE('',*,*,#3019,.T.);
#3036=EDGE_LOOP('',(#3031,#3033,#3034,#3035));
#3037=FACE_OUTER_BOUND('',#3036,.F.);
#3038=ADVANCED_FACE('',(#3037),#3030,.F.);
#3039=CARTESIAN_POINT('',(4.827895474346E1,-3.662460641579E1,6.036538973491E2));
#3040=DIRECTION('',(-9.999492308118E-1,-2.223962686541E-3,9.828010421660E-3));
#3041=DIRECTION('',(-5.872622860990E-3,9.211966166190E-1,-3.890530887045E-1));
#3042=AXIS2_PLACEMENT_3D('',#3039,#3040,#3041);
#3043=PLANE('',#3042);
#3044=ORIENTED_EDGE('',*,*,#2861,.F.);
#3046=ORIENTED_EDGE('',*,*,#3045,.F.);
#3047=ORIENTED_EDGE('',*,*,#1978,.F.);
#3048=ORIENTED_EDGE('',*,*,#3032,.T.);
#3049=EDGE_LOOP('',(#3044,#3046,#3047,#3048));
#3050=FACE_OUTER_BOUND('',#3049,.F.);
#3051=ADVANCED_FACE('',(#3050),#3043,.F.);
#3052=CARTESIAN_POINT('',(4.825546460928E1,-3.293981989361E1,6.020976849676E2));
#3053=DIRECTION('',(-5.872622860994E-3,9.211966166190E-1,-3.890530887045E-1));
#3054=DIRECTION('',(9.999492308118E-1,2.223962686545E-3,-9.828010421660E-3));
#3055=AXIS2_PLACEMENT_3D('',#3052,#3053,#3054);
#3056=PLANE('',#3055);
#3057=ORIENTED_EDGE('',*,*,#2859,.F.);
#3059=ORIENTED_EDGE('',*,*,#3058,.F.);
#3060=ORIENTED_EDGE('',*,*,#1980,.F.);
#3061=ORIENTED_EDGE('',*,*,#3045,.T.);
#3062=EDGE_LOOP('',(#3057,#3059,#3060,#3061));
#3063=FACE_OUTER_BOUND('',#3062,.F.);
#3064=ADVANCED_FACE('',(#3063),#3056,.F.);
#3065=CARTESIAN_POINT('',(7.225424614876E1,-3.288644478913E1,6.018618127175E2));
#3066=DIRECTION('',(9.999492308118E-1,2.223962686544E-3,-9.828010421662E-3));
#3067=DIRECTION('',(5.872622860994E-3,-9.211966166190E-1,3.890530887045E-1));
#3068=AXIS2_PLACEMENT_3D('',#3065,#3066,#3067);
#3069=PLANE('',#3068);
#3070=ORIENTED_EDGE('',*,*,#2857,.F.);
#3072=ORIENTED_EDGE('',*,*,#3071,.F.);
#3073=ORIENTED_EDGE('',*,*,#1982,.F.);
#3074=ORIENTED_EDGE('',*,*,#3058,.T.);
#3075=EDGE_LOOP('',(#3070,#3072,#3073,#3074));
#3076=FACE_OUTER_BOUND('',#3075,.F.);
#3077=ADVANCED_FACE('',(#3076),#3069,.F.);
#3078=CARTESIAN_POINT('',(7.227773664021E1,-3.657123125561E1,6.034180250723E2));
#3079=DIRECTION('',(-5.872622860994E-3,9.211966166190E-1,-3.890530887045E-1));
#3080=DIRECTION('',(9.999492308118E-1,2.223962686545E-3,-9.828010421660E-3));
#3081=AXIS2_PLACEMENT_3D('',#3078,#3079,#3080);
#3082=PLANE('',#3081);
#3083=ORIENTED_EDGE('',*,*,#2855,.F.);
#3085=ORIENTED_EDGE('',*,*,#3084,.F.);
#3086=ORIENTED_EDGE('',*,*,#1984,.F.);
#3087=ORIENTED_EDGE('',*,*,#3071,.T.);
#3088=EDGE_LOOP('',(#3083,#3085,#3086,#3087));
#3089=FACE_OUTER_BOUND('',#3088,.F.);
#3090=ADVANCED_FACE('',(#3089),#3082,.F.);
#3091=CARTESIAN_POINT('',(7.627753356345E1,-3.656233540486E1,6.033787130306E2));
#3092=DIRECTION('',(9.999492308118E-1,2.223962686544E-3,-9.828010421662E-3));
#3093=DIRECTION('',(5.872622860994E-3,-9.211966166190E-1,3.890530887045E-1));
#3094=AXIS2_PLACEMENT_3D('',#3091,#3092,#3093);
#3095=PLANE('',#3094);
#3096=ORIENTED_EDGE('',*,*,#2853,.F.);
#3098=ORIENTED_EDGE('',*,*,#3097,.F.);
#3099=ORIENTED_EDGE('',*,*,#1986,.F.);
#3100=ORIENTED_EDGE('',*,*,#3084,.T.);
#3101=EDGE_LOOP('',(#3096,#3098,#3099,#3100));
#3102=FACE_OUTER_BOUND('',#3101,.F.);
#3103=ADVANCED_FACE('',(#3102),#3095,.F.);
#3104=CARTESIAN_POINT('',(7.641847651212E1,-5.867105420372E1,6.127159871595E2));
#3105=DIRECTION('',(5.872622860994E-3,-9.211966166190E-1,3.890530887045E-1));
#3106=DIRECTION('',(-9.999492308118E-1,-2.223962686545E-3,9.828010421660E-3));
#3107=AXIS2_PLACEMENT_3D('',#3104,#3105,#3106);
#3108=PLANE('',#3107);
#3109=ORIENTED_EDGE('',*,*,#2851,.F.);
#3111=ORIENTED_EDGE('',*,*,#3110,.F.);
#3112=ORIENTED_EDGE('',*,*,#1988,.F.);
#3113=ORIENTED_EDGE('',*,*,#3097,.T.);
#3114=EDGE_LOOP('',(#3109,#3111,#3112,#3113));
#3115=FACE_OUTER_BOUND('',#3114,.F.);
#3116=ADVANCED_FACE('',(#3115),#3108,.F.);
#3117=CARTESIAN_POINT('',(7.237062422589E1,-5.616243669206E1,6.084355980971E2));
#3118=DIRECTION('',(-9.999492308118E-1,-2.223962686543E-3,9.828010421659E-3));
#3119=DIRECTION('',(5.872622860992E-3,-9.211966166190E-1,3.890530887045E-1));
#3120=AXIS2_PLACEMENT_3D('',#3117,#3118,#3119);
#3121=PLANE('',#3120);
#3122=ORIENTED_EDGE('',*,*,#3110,.T.);
#3123=ORIENTED_EDGE('',*,*,#2849,.F.);
#3125=ORIENTED_EDGE('',*,*,#3124,.T.);
#3126=ORIENTED_EDGE('',*,*,#1990,.F.);
#3127=EDGE_LOOP('',(#3122,#3123,#3125,#3126));
#3128=FACE_OUTER_BOUND('',#3127,.F.);
#3129=ADVANCED_FACE('',(#3128),#3121,.T.);
#3130=CARTESIAN_POINT('',(7.241760520947E1,-6.353200973483E1,6.115480228531E2));
#3131=DIRECTION('',(-5.872622860992E-3,9.211966166190E-1,-3.890530887045E-1));
#3132=DIRECTION('',(-9.999492308118E-1,-2.223962686543E-3,9.828010421659E-3));
#3133=AXIS2_PLACEMENT_3D('',#3130,#3131,#3132);
#3134=PLANE('',#3133);
#3136=ORIENTED_EDGE('',*,*,#3135,.F.);
#3137=ORIENTED_EDGE('',*,*,#1968,.F.);
#3138=ORIENTED_EDGE('',*,*,#3124,.F.);
#3139=ORIENTED_EDGE('',*,*,#2847,.F.);
#3140=EDGE_LOOP('',(#3136,#3137,#3138,#3139));
#3141=FACE_OUTER_BOUND('',#3140,.F.);
#3142=ADVANCED_FACE('',(#3141),#3134,.T.);
#3143=CARTESIAN_POINT('',(4.841882331238E1,-6.358538484010E1,6.117838951067E2));
#3144=DIRECTION('',(9.999492308118E-1,2.223962686543E-3,-9.828010421659E-3));
#3145=DIRECTION('',(-5.872622860992E-3,9.211966166190E-1,-3.890530887045E-1));
#3146=AXIS2_PLACEMENT_3D('',#3143,#3144,#3145);
#3147=PLANE('',#3146);
#3148=ORIENTED_EDGE('',*,*,#3008,.T.);
#3149=ORIENTED_EDGE('',*,*,#1970,.F.);
#3150=ORIENTED_EDGE('',*,*,#3135,.T.);
#3151=ORIENTED_EDGE('',*,*,#2845,.F.);
#3152=EDGE_LOOP('',(#3148,#3149,#3150,#3151));
#3153=FACE_OUTER_BOUND('',#3152,.F.);
#3154=ADVANCED_FACE('',(#3153),#3147,.T.);
#3155=CARTESIAN_POINT('',(4.021674618347E1,-3.184098810473E1,5.984482520333E2));
#3156=DIRECTION('',(8.071489601763E-4,-9.211960630201E-1,3.890978822699E-1));
#3157=DIRECTION('',(-9.999661496325E-1,2.442530768641E-3,7.857075314650E-3));
#3158=AXIS2_PLACEMENT_3D('',#3155,#3156,#3157);
#3159=PLANE('',#3158);
#3161=ORIENTED_EDGE('',*,*,#3160,.T.);
#3162=ORIENTED_EDGE('',*,*,#2797,.F.);
#3163=ORIENTED_EDGE('',*,*,#1955,.F.);
#3164=ORIENTED_EDGE('',*,*,#2081,.T.);
#3165=EDGE_LOOP('',(#3161,#3162,#3163,#3164));
#3166=FACE_OUTER_BOUND('',#3165,.F.);
#3167=ADVANCED_FACE('',(#3166),#3159,.T.);
#3168=CARTESIAN_POINT('',(6.022238557021E1,-3.408463047535E1,6.086181007126E2));
#3169=DIRECTION('',(-4.022635056826E-3,-9.781455372577E-1,-2.078824820661E-1));
#3170=DIRECTION('',(-2.476683853907E-4,2.078851321676E-1,-9.781532142175E-1));
#3171=AXIS2_PLACEMENT_3D('',#3168,#3169,#3170);
#3172=PLANE('',#3171);
#3173=ORIENTED_EDGE('',*,*,#3160,.F.);
#3175=ORIENTED_EDGE('',*,*,#3174,.T.);
#3177=ORIENTED_EDGE('',*,*,#3176,.T.);
#3178=ORIENTED_EDGE('',*,*,#2799,.T.);
#3179=EDGE_LOOP('',(#3173,#3175,#3177,#3178));
#3180=FACE_OUTER_BOUND('',#3179,.F.);
#3181=ADVANCED_FACE('',(#3180),#3172,.T.);
#3182=CARTESIAN_POINT('',(4.023162961473E1,-2.173835972352E1,5.990163579293E2));
#3183=DIRECTION('',(-9.999516404413E-1,2.068999261713E-3,9.614365335987E-3));
#3184=DIRECTION('',(8.974139845043E-3,-2.079111040441E-1,9.781065574002E-1));
#3185=AXIS2_PLACEMENT_3D('',#3182,#3183,#3184);
#3186=PLANE('',#3185);
#3187=ORIENTED_EDGE('',*,*,#2133,.F.);
#3189=ORIENTED_EDGE('',*,*,#3188,.F.);
#3190=ORIENTED_EDGE('',*,*,#3174,.F.);
#3191=ORIENTED_EDGE('',*,*,#2079,.F.);
#3192=ORIENTED_EDGE('',*,*,#2095,.F.);
#3193=EDGE_LOOP('',(#3187,#3189,#3190,#3191,#3192));
#3194=FACE_OUTER_BOUND('',#3193,.F.);
#3195=ADVANCED_FACE('',(#3194),#3186,.T.);
#3196=CARTESIAN_POINT('',(6.020300165433E1,-1.831500948646E1,6.026279548611E2));
#3197=DIRECTION('',(8.974139845043E-3,-2.079111040441E-1,9.781065574002E-1));
#3198=DIRECTION('',(9.999575433685E-1,-1.804250509756E-4,-9.212974942927E-3));
#3199=AXIS2_PLACEMENT_3D('',#3196,#3197,#3198);
#3200=PLANE('',#3199);
#3201=ORIENTED_EDGE('',*,*,#3188,.T.);
#3202=ORIENTED_EDGE('',*,*,#2801,.T.);
#3203=ORIENTED_EDGE('',*,*,#3176,.F.);
#3204=EDGE_LOOP('',(#3201,#3202,#3203));
#3205=FACE_OUTER_BOUND('',#3204,.F.);
#3206=ADVANCED_FACE('',(#3205),#3200,.T.);
#3207=CARTESIAN_POINT('',(4.020006766996E1,-2.477282736586E1,5.974297888558E2));
#3208=DIRECTION('',(-9.999617928625E-1,-2.223960586458E-3,8.453804735976E-3));
#3209=DIRECTION('',(-8.453832439161E-3,3.056309137277E-6,-9.999642657154E-1));
#3210=AXIS2_PLACEMENT_3D('',#3207,#3208,#3209);
#3211=PLANE('',#3210);
#3212=ORIENTED_EDGE('',*,*,#2136,.T.);
#3213=ORIENTED_EDGE('',*,*,#2111,.F.);
#3214=ORIENTED_EDGE('',*,*,#2098,.T.);
#3216=ORIENTED_EDGE('',*,*,#3215,.T.);
#3217=EDGE_LOOP('',(#3212,#3213,#3214,#3216));
#3218=FACE_OUTER_BOUND('',#3217,.F.);
#3219=ADVANCED_FACE('',(#3218),#3211,.T.);
#3220=CARTESIAN_POINT('',(4.019775034580E1,-2.477282652808E1,5.971556834280E2));
#3221=DIRECTION('',(-4.171120983771E-3,1.258105407709E-5,-9.999913007579E-1));
#3222=DIRECTION('',(9.999888280463E-1,2.223927100474E-3,-4.171082690112E-3));
#3223=AXIS2_PLACEMENT_3D('',#3220,#3221,#3222);
#3224=PLANE('',#3223);
#3225=ORIENTED_EDGE('',*,*,#2138,.T.);
#3226=ORIENTED_EDGE('',*,*,#3215,.F.);
#3228=ORIENTED_EDGE('',*,*,#3227,.T.);
#3229=EDGE_LOOP('',(#3225,#3226,#3228));
#3230=FACE_OUTER_BOUND('',#3229,.F.);
#3231=ADVANCED_FACE('',(#3230),#3224,.T.);
#3232=CARTESIAN_POINT('',(4.021061446060E1,-2.477279791890E1,5.971556297701E2));
#3233=DIRECTION('',(-9.999561866073E-1,-2.223962085413E-3,9.092791566214E-3));
#3234=DIRECTION('',(-9.092817689212E-3,1.635172365831E-6,-9.999586594774E-1));
#3235=AXIS2_PLACEMENT_3D('',#3232,#3233,#3234);
#3236=PLANE('',#3235);
#3237=ORIENTED_EDGE('',*,*,#1798,.T.);
#3238=ORIENTED_EDGE('',*,*,#1938,.T.);
#3239=EDGE_LOOP('',(#3237,#3238));
#3240=FACE_OUTER_BOUND('',#3239,.F.);
#3241=ADVANCED_FACE('',(#3240),#3236,.T.);
#3242=CARTESIAN_POINT('',(4.021061446060E1,-2.477279791890E1,5.971556297701E2));
#3243=DIRECTION('',(-9.999561866073E-1,-2.223962085413E-3,9.092791566214E-3));
#3244=DIRECTION('',(-9.092817689212E-3,1.635172365831E-6,-9.999586594774E-1));
#3245=AXIS2_PLACEMENT_3D('',#3242,#3243,#3244);
#3246=PLANE('',#3245);
#3247=ORIENTED_EDGE('',*,*,#2140,.T.);
#3248=ORIENTED_EDGE('',*,*,#3227,.F.);
#3249=ORIENTED_EDGE('',*,*,#1933,.F.);
#3250=ORIENTED_EDGE('',*,*,#1796,.T.);
#3251=EDGE_LOOP('',(#3247,#3248,#3249,#3250));
#3252=FACE_OUTER_BOUND('',#3251,.F.);
#3253=ADVANCED_FACE('',(#3252),#3246,.T.);
#3257=DIMENSIONAL_EXPONENTS(0.E0,0.E0,0.E0,0.E0,0.E0,0.E0,0.E0);
#3259=PLANE_ANGLE_MEASURE_WITH_UNIT(PLANE_ANGLE_MEASURE(1.745329251994E-2),
#3258);
#3260=(CONVERSION_BASED_UNIT('DEGREE',#3259)NAMED_UNIT(*)PLANE_ANGLE_UNIT());
#3262=UNCERTAINTY_MEASURE_WITH_UNIT(LENGTH_MEASURE(1.077849901164E-2),#3256,
'closure',
'Maximum model space distance between geometric entities at asserted connectivities');
#3263=(GEOMETRIC_REPRESENTATION_CONTEXT(3)GLOBAL_UNCERTAINTY_ASSIGNED_CONTEXT((
#3262))GLOBAL_UNIT_ASSIGNED_CONTEXT((#3256,#3260,#3261))REPRESENTATION_CONTEXT(
'ID1','3'));
#3265=APPLICATION_CONTEXT(
'CONFIGURATION CONTROLLED 3D DESIGNS OF MECHANICAL PARTS AND ASSEMBLIES');
#3266=APPLICATION_PROTOCOL_DEFINITION('international standard',
'config_control_design',1994,#3265);
#3267=DESIGN_CONTEXT('',#3265,'design');
#3268=MECHANICAL_CONTEXT('',#3265,'mechanical');
#3269=PRODUCT('3320001451SOARM0001','3320001451SOARM0001','NOT SPECIFIED',
(#3268));
#3270=PRODUCT_DEFINITION_FORMATION_WITH_SPECIFIED_SOURCE('1','LAST_VERSION',
#3269,.MADE.);
#3274=PRODUCT_CATEGORY('part','');
#3275=PRODUCT_RELATED_PRODUCT_CATEGORY('detail','',(#3269));
#3276=PRODUCT_CATEGORY_RELATIONSHIP('','',#3274,#3275);
#3277=SECURITY_CLASSIFICATION_LEVEL('unclassified');
#3278=SECURITY_CLASSIFICATION('','',#3277);
#3279=CC_DESIGN_SECURITY_CLASSIFICATION(#3278,(#3270));
#3280=APPROVAL_STATUS('approved');
#3281=APPROVAL(#3280,'');
#3282=CC_DESIGN_APPROVAL(#3281,(#3278,#3270,#3271));
#3283=CALENDAR_DATE(126,28,7);
#3284=COORDINATED_UNIVERSAL_TIME_OFFSET(8,0,.AHEAD.);
#3285=LOCAL_TIME(11,13,5.E0,#3284);
#3286=DATE_AND_TIME(#3283,#3285);
#3287=APPROVAL_DATE_TIME(#3286,#3281);
#3288=DATE_TIME_ROLE('creation_date');
#3289=CC_DESIGN_DATE_AND_TIME_ASSIGNMENT(#3286,#3288,(#3271));
#3290=DATE_TIME_ROLE('classification_date');
#3291=CC_DESIGN_DATE_AND_TIME_ASSIGNMENT(#3286,#3290,(#3278));
#3292=PERSON('UNSPECIFIED','UNSPECIFIED',$,$,$,$);
#3293=ORGANIZATION('UNSPECIFIED','UNSPECIFIED','UNSPECIFIED');
#3294=PERSON_AND_ORGANIZATION(#3292,#3293);
#3295=APPROVAL_ROLE('approver');
#3296=APPROVAL_PERSON_ORGANIZATION(#3294,#3281,#3295);
#3297=PERSON_AND_ORGANIZATION_ROLE('creator');
#3298=CC_DESIGN_PERSON_AND_ORGANIZATION_ASSIGNMENT(#3294,#3297,(#3270,#3271));
#3299=PERSON_AND_ORGANIZATION_ROLE('design_supplier');
#3300=CC_DESIGN_PERSON_AND_ORGANIZATION_ASSIGNMENT(#3294,#3299,(#3270));
#3301=PERSON_AND_ORGANIZATION_ROLE('classification_officer');
#3302=CC_DESIGN_PERSON_AND_ORGANIZATION_ASSIGNMENT(#3294,#3301,(#3278));
#3303=PERSON_AND_ORGANIZATION_ROLE('design_owner');
#3304=CC_DESIGN_PERSON_AND_ORGANIZATION_ASSIGNMENT(#3294,#3303,(#3269));
#18=B_SPLINE_CURVE_WITH_KNOTS('',3,(#14,#15,#16,#17),.UNSPECIFIED.,.F.,.F.,(4,
4),(0.E0,1.E0),.UNSPECIFIED.);
#31=B_SPLINE_CURVE_WITH_KNOTS('',3,(#27,#28,#29,#30),.UNSPECIFIED.,.F.,.F.,(4,
4),(0.E0,1.E0),.UNSPECIFIED.);
#44=B_SPLINE_CURVE_WITH_KNOTS('',3,(#40,#41,#42,#43),.UNSPECIFIED.,.F.,.F.,(4,
4),(0.E0,1.E0),.UNSPECIFIED.);
#49=B_SPLINE_CURVE_WITH_KNOTS('',3,(#45,#46,#47,#48),.UNSPECIFIED.,.F.,.F.,(4,
4),(0.E0,1.E0),.UNSPECIFIED.);
#174=B_SPLINE_CURVE_WITH_KNOTS('',3,(#170,#171,#172,#173),.UNSPECIFIED.,.F.,.F.,
(4,4),(0.E0,1.E0),.UNSPECIFIED.);
#191=B_SPLINE_CURVE_WITH_KNOTS('',3,(#187,#188,#189,#190),.UNSPECIFIED.,.F.,.F.,
(4,4),(0.E0,1.E0),.UNSPECIFIED.);
#288=B_SPLINE_CURVE_WITH_KNOTS('',3,(#284,#285,#286,#287),.UNSPECIFIED.,.F.,.F.,
(4,4),(0.E0,1.E0),.UNSPECIFIED.);
#293=B_SPLINE_CURVE_WITH_KNOTS('',3,(#289,#290,#291,#292),.UNSPECIFIED.,.F.,.F.,
(4,4),(0.E0,1.E0),.UNSPECIFIED.);
#310=CIRCLE('',#309,1.0877E0);
#315=CIRCLE('',#314,1.0877E0);
#320=CIRCLE('',#319,1.0877E0);
#325=CIRCLE('',#324,1.0877E0);
#330=CIRCLE('',#329,1.0877E0);
#335=CIRCLE('',#334,1.0877E0);
#340=CIRCLE('',#339,1.0877E0);
#345=CIRCLE('',#344,1.0877E0);
#386=B_SPLINE_CURVE_WITH_KNOTS('',3,(#382,#383,#384,#385),.UNSPECIFIED.,.F.,.F.,
(4,4),(0.E0,1.E0),.UNSPECIFIED.);
#407=B_SPLINE_CURVE_WITH_KNOTS('',3,(#403,#404,#405,#406),.UNSPECIFIED.,.F.,.F.,
(4,4),(0.E0,1.E0),.UNSPECIFIED.);
#440=B_SPLINE_CURVE_WITH_KNOTS('',3,(#436,#437,#438,#439),.UNSPECIFIED.,.F.,.F.,
(4,4),(0.E0,1.E0),.UNSPECIFIED.);
#445=B_SPLINE_CURVE_WITH_KNOTS('',3,(#441,#442,#443,#444),.UNSPECIFIED.,.F.,.F.,
(4,4),(0.E0,1.E0),.UNSPECIFIED.);
#822=B_SPLINE_CURVE_WITH_KNOTS('',3,(#818,#819,#820,#821),.UNSPECIFIED.,.F.,.F.,
(4,4),(0.E0,1.E0),.UNSPECIFIED.);
#827=B_SPLINE_CURVE_WITH_KNOTS('',3,(#823,#824,#825,#826),.UNSPECIFIED.,.F.,.F.,
(4,4),(0.E0,1.E0),.UNSPECIFIED.);
#872=CIRCLE('',#871,1.0877E0);
#877=CIRCLE('',#876,1.0877E0);
#882=CIRCLE('',#881,1.0877E0);
#887=CIRCLE('',#886,1.0877E0);
#892=CIRCLE('',#891,1.0877E0);
#897=CIRCLE('',#896,1.0877E0);
#902=CIRCLE('',#901,1.0877E0);
#907=CIRCLE('',#906,1.0877E0);
#1156=B_SPLINE_CURVE_WITH_KNOTS('',3,(#1152,#1153,#1154,#1155),.UNSPECIFIED.,
.F.,.F.,(4,4),(0.E0,1.E0),.UNSPECIFIED.);
#1510=EDGE_CURVE('',#1167,#1168,#5,.T.);
#1512=EDGE_CURVE('',#1167,#1172,#157,.T.);
#1514=EDGE_CURVE('',#1171,#1172,#9,.T.);
#1516=EDGE_CURVE('',#1168,#1171,#13,.T.);
#1526=EDGE_CURVE('',#1167,#1500,#18,.T.);
#1529=EDGE_CURVE('',#1281,#1168,#22,.T.);
#1531=EDGE_CURVE('',#1500,#1281,#26,.T.);
#1541=EDGE_CURVE('',#1267,#1274,#69,.T.);
#1543=EDGE_CURVE('',#1274,#1320,#149,.T.);
#1545=EDGE_CURVE('',#1320,#1459,#125,.T.);
#1547=EDGE_CURVE('',#1463,#1459,#31,.T.);
#1549=EDGE_CURVE('',#1267,#1463,#35,.T.);
#1561=EDGE_CURVE('',#1378,#1281,#39,.T.);
#1563=EDGE_CURVE('',#1378,#1383,#195,.T.);
#1565=EDGE_CURVE('',#1383,#1167,#165,.T.);
#1575=EDGE_CURVE('',#1281,#1282,#53,.T.);
#1577=EDGE_CURVE('',#1381,#1282,#44,.T.);
#1579=EDGE_CURVE('',#1380,#1381,#49,.T.);
#1581=EDGE_CURVE('',#1380,#1378,#199,.T.);
#1595=EDGE_CURVE('',#1171,#1278,#65,.T.);
#1597=EDGE_CURVE('',#1278,#1284,#485,.T.);
#1599=EDGE_CURVE('',#1194,#1284,#57,.T.);
#1601=EDGE_CURVE('',#1194,#1175,#415,.T.);
#1603=EDGE_CURVE('',#1175,#1381,#211,.T.);
#1614=EDGE_CURVE('',#1171,#1276,#77,.T.);
#1616=EDGE_CURVE('',#1278,#1276,#61,.T.);
#1628=EDGE_CURVE('',#1267,#1268,#109,.T.);
#1630=EDGE_CURVE('',#1276,#1268,#73,.T.);
#1633=EDGE_CURVE('',#1274,#1171,#81,.T.);
#1643=EDGE_CURVE('',#1502,#1267,#85,.T.);
#1645=EDGE_CURVE('',#1461,#1502,#89,.T.);
#1647=EDGE_CURVE('',#1272,#1461,#93,.T.);
#1649=EDGE_CURVE('',#1270,#1272,#97,.T.);
#1651=EDGE_CURVE('',#1184,#1270,#101,.T.);
#1653=EDGE_CURVE('',#1184,#1186,#435,.T.);
#1655=EDGE_CURVE('',#1186,#1302,#537,.T.);
#1657=EDGE_CURVE('',#1268,#1302,#105,.T.);
#1671=EDGE_CURVE('',#1395,#1463,#113,.T.);
#1673=EDGE_CURVE('',#1395,#1272,#239,.T.);
#1685=EDGE_CURVE('',#1455,#1459,#117,.T.);
#1687=EDGE_CURVE('',#1395,#1455,#121,.T.);
#1699=EDGE_CURVE('',#1196,#1320,#129,.T.);
#1701=EDGE_CURVE('',#1322,#1196,#133,.T.);
#1703=EDGE_CURVE('',#1504,#1322,#137,.T.);
#1705=EDGE_CURVE('',#1457,#1504,#141,.T.);
#1707=EDGE_CURVE('',#1457,#1453,#186,.T.);
#1709=EDGE_CURVE('',#1455,#1453,#145,.T.);
#1723=EDGE_CURVE('',#1172,#1196,#153,.T.);
#1734=EDGE_CURVE('',#1167,#1322,#161,.T.);
#1749=EDGE_CURVE('',#1383,#1457,#191,.T.);
#1761=EDGE_CURVE('',#1456,#1380,#169,.T.);
#1763=EDGE_CURVE('',#1451,#1456,#174,.T.);
#1765=EDGE_CURVE('',#1450,#1451,#178,.T.);
#1767=EDGE_CURVE('',#1453,#1450,#182,.T.);
#1781=EDGE_CURVE('',#1391,#1405,#227,.T.);
#1783=EDGE_CURVE('',#1389,#1405,#203,.T.);
#1785=EDGE_CURVE('',#1391,#1389,#207,.T.);
#1796=EDGE_CURVE('',#1445,#1175,#215,.T.);
#1798=EDGE_CURVE('',#1404,#1445,#219,.T.);
#1800=EDGE_CURVE('',#1404,#1405,#283,.T.);
#1802=EDGE_CURVE('',#1405,#1456,#223,.T.);
#1817=EDGE_CURVE('',#1393,#1391,#231,.T.);
#1819=EDGE_CURVE('',#1393,#1451,#263,.T.);
#1829=EDGE_CURVE('',#1386,#1387,#243,.T.);
#1831=EDGE_CURVE('',#1393,#1387,#235,.T.);
#1835=EDGE_CURVE('',#1389,#1386,#279,.T.);
#1850=EDGE_CURVE('',#1450,#1387,#267,.T.);
#1853=EDGE_CURVE('',#1386,#1411,#275,.T.);
#1855=EDGE_CURVE('',#1417,#1411,#247,.T.);
#1857=EDGE_CURVE('',#1417,#1441,#381,.T.);
#1859=EDGE_CURVE('',#1443,#1441,#251,.T.);
#1861=EDGE_CURVE('',#1434,#1443,#255,.T.);
#1863=EDGE_CURVE('',#1434,#1370,#911,.T.);
#1865=EDGE_CURVE('',#1369,#1370,#259,.T.);
#1867=EDGE_CURVE('',#1369,#1270,#851,.T.);
#1889=EDGE_CURVE('',#1409,#1389,#271,.T.);
#1891=EDGE_CURVE('',#1409,#1411,#353,.T.);
#1903=EDGE_CURVE('',#1404,#1420,#301,.T.);
#1905=EDGE_CURVE('',#1420,#1408,#288,.T.);
#1907=EDGE_CURVE('',#1408,#1409,#357,.T.);
#1921=EDGE_CURVE('',#1415,#1420,#293,.T.);
#1923=EDGE_CURVE('',#1415,#1408,#361,.T.);
#1933=EDGE_CURVE('',#1445,#1422,#1164,.T.);
#1935=EDGE_CURVE('',#1420,#1422,#297,.T.);
#1938=EDGE_CURVE('',#1445,#1404,#305,.T.);
#1948=EDGE_CURVE('',#1414,#1415,#349,.T.);
#1951=EDGE_CURVE('',#1420,#1439,#390,.T.);
#1953=EDGE_CURVE('',#1439,#1438,#402,.T.);
#1955=EDGE_CURVE('',#1438,#1428,#1119,.T.);
#1957=EDGE_CURVE('',#1428,#1430,#859,.T.);
#1959=EDGE_CURVE('',#1430,#1432,#927,.T.);
#1961=EDGE_CURVE('',#1432,#1434,#915,.T.);
#1964=EDGE_CURVE('',#1443,#1414,#369,.T.);
#1968=EDGE_CURVE('',#1436,#1366,#1095,.T.);
#1970=EDGE_CURVE('',#1366,#1358,#1107,.T.);
#1972=EDGE_CURVE('',#1358,#1354,#979,.T.);
#1974=EDGE_CURVE('',#1354,#1350,#995,.T.);
#1976=EDGE_CURVE('',#1350,#1346,#1007,.T.);
#1978=EDGE_CURVE('',#1346,#1342,#1019,.T.);
#1980=EDGE_CURVE('',#1342,#1338,#1031,.T.);
#1982=EDGE_CURVE('',#1338,#1334,#1043,.T.);
#1984=EDGE_CURVE('',#1334,#1328,#1055,.T.);
#1986=EDGE_CURVE('',#1328,#1330,#1067,.T.);
#1988=EDGE_CURVE('',#1330,#1362,#1079,.T.);
#1990=EDGE_CURVE('',#1362,#1436,#1087,.T.);
#1994=EDGE_CURVE('',#1471,#1466,#310,.T.);
#1996=EDGE_CURVE('',#1466,#1471,#315,.T.);
#2000=EDGE_CURVE('',#1479,#1474,#320,.T.);
#2002=EDGE_CURVE('',#1474,#1479,#325,.T.);
#2006=EDGE_CURVE('',#1487,#1482,#330,.T.);
#2008=EDGE_CURVE('',#1482,#1487,#335,.T.);
#2012=EDGE_CURVE('',#1495,#1490,#340,.T.);
#2014=EDGE_CURVE('',#1490,#1495,#345,.T.);
#2025=EDGE_CURVE('',#1414,#1419,#365,.T.);
#2027=EDGE_CURVE('',#1419,#1417,#373,.T.);
#2044=EDGE_CURVE('',#1441,#1419,#377,.T.);
#2066=EDGE_CURVE('',#1439,#1422,#386,.T.);
#2077=EDGE_CURVE('',#1397,#1422,#394,.T.);
#2079=EDGE_CURVE('',#1397,#1399,#1139,.T.);
#2081=EDGE_CURVE('',#1438,#1399,#398,.T.);
#2093=EDGE_CURVE('',#1447,#1181,#411,.T.);
#2095=EDGE_CURVE('',#1181,#1397,#1143,.T.);
#2098=EDGE_CURVE('',#1447,#1422,#407,.T.);
#2108=EDGE_CURVE('',#1180,#1181,#445,.T.);
#2111=EDGE_CURVE('',#1447,#1180,#1151,.T.);
#2122=EDGE_CURVE('',#1192,#1194,#419,.T.);
#2124=EDGE_CURVE('',#1190,#1192,#423,.T.);
#2126=EDGE_CURVE('',#1188,#1190,#427,.T.);
#2128=EDGE_CURVE('',#1186,#1188,#431,.T.);
#2131=EDGE_CURVE('',#1183,#1184,#440,.T.);
#2133=EDGE_CURVE('',#1183,#1181,#1127,.T.);
#2136=EDGE_CURVE('',#1178,#1180,#449,.T.);
#2138=EDGE_CURVE('',#1176,#1178,#453,.T.);
#2140=EDGE_CURVE('',#1175,#1176,#457,.T.);
#2152=EDGE_CURVE('',#1284,#1296,#465,.T.);
#2154=EDGE_CURVE('',#1192,#1296,#461,.T.);
#2165=EDGE_CURVE('',#1224,#1284,#469,.T.);
#2167=EDGE_CURVE('',#1497,#1224,#473,.T.);
#2169=EDGE_CURVE('',#1497,#1306,#569,.T.);
#2171=EDGE_CURVE('',#1304,#1306,#477,.T.);
#2173=EDGE_CURVE('',#1296,#1304,#481,.T.);
#2185=EDGE_CURVE('',#1278,#1222,#489,.T.);
#2187=EDGE_CURVE('',#1222,#1224,#589,.T.);
#2198=EDGE_CURVE('',#1276,#1222,#497,.T.);
#2210=EDGE_CURVE('',#1292,#1268,#501,.T.);
#2212=EDGE_CURVE('',#1220,#1292,#493,.T.);
#2214=EDGE_CURVE('',#1220,#1222,#593,.T.);
#2226=EDGE_CURVE('',#1268,#1310,#509,.T.);
#2228=EDGE_CURVE('',#1286,#1310,#505,.T.);
#2230=EDGE_CURVE('',#1286,#1292,#725,.T.);
#2240=EDGE_CURVE('',#1302,#1499,#533,.T.);
#2242=EDGE_CURVE('',#1499,#1310,#831,.T.);
#2245=EDGE_CURVE('',#1302,#1268,#513,.T.);
#2255=EDGE_CURVE('',#1300,#1302,#517,.T.);
#2257=EDGE_CURVE('',#1308,#1300,#521,.T.);
#2259=EDGE_CURVE('',#1308,#1318,#561,.T.);
#2261=EDGE_CURVE('',#1312,#1318,#525,.T.);
#2263=EDGE_CURVE('',#1499,#1312,#529,.T.);
#2275=EDGE_CURVE('',#1188,#1300,#541,.T.);
#2288=EDGE_CURVE('',#1190,#1298,#549,.T.);
#2290=EDGE_CURVE('',#1298,#1300,#847,.T.);
#2303=EDGE_CURVE('',#1298,#1296,#545,.T.);
#2316=EDGE_CURVE('',#1304,#1308,#565,.T.);
#2318=EDGE_CURVE('',#1298,#1308,#553,.T.);
#2328=EDGE_CURVE('',#1318,#1306,#557,.T.);
#2341=EDGE_CURVE('',#1306,#1315,#581,.T.);
#2343=EDGE_CURVE('',#1315,#1312,#835,.T.);
#2357=EDGE_CURVE('',#1224,#1226,#585,.T.);
#2359=EDGE_CURVE('',#1286,#1226,#573,.T.);
#2362=EDGE_CURVE('',#1310,#1316,#822,.T.);
#2364=EDGE_CURVE('',#1315,#1316,#577,.T.);
#2375=EDGE_CURVE('',#1207,#1226,#601,.T.);
#2380=EDGE_CURVE('',#1220,#1218,#713,.T.);
#2382=EDGE_CURVE('',#1216,#1218,#597,.T.);
#2384=EDGE_CURVE('',#1216,#1214,#681,.T.);
#2386=EDGE_CURVE('',#1214,#1212,#673,.T.);
#2388=EDGE_CURVE('',#1212,#1210,#657,.T.);
#2390=EDGE_CURVE('',#1210,#1200,#653,.T.);
#2392=EDGE_CURVE('',#1200,#1202,#649,.T.);
#2394=EDGE_CURVE('',#1202,#1207,#633,.T.);
#2404=EDGE_CURVE('',#1262,#1264,#613,.T.);
#2406=EDGE_CURVE('',#1264,#1290,#737,.T.);
#2408=EDGE_CURVE('',#1290,#1226,#733,.T.);
#2411=EDGE_CURVE('',#1262,#1207,#605,.T.);
#2421=EDGE_CURVE('',#1256,#1262,#609,.T.);
#2423=EDGE_CURVE('',#1256,#1258,#781,.T.);
#2425=EDGE_CURVE('',#1258,#1264,#741,.T.);
#2436=EDGE_CURVE('',#1254,#1260,#617,.T.);
#2438=EDGE_CURVE('',#1256,#1254,#621,.T.);
#2441=EDGE_CURVE('',#1262,#1260,#625,.T.);
#2453=EDGE_CURVE('',#1207,#1208,#629,.T.);
#2455=EDGE_CURVE('',#1208,#1254,#793,.T.);
#2468=EDGE_CURVE('',#1202,#1204,#645,.T.);
#2470=EDGE_CURVE('',#1204,#1208,#797,.T.);
#2480=EDGE_CURVE('',#1199,#1200,#637,.T.);
#2482=EDGE_CURVE('',#1204,#1199,#641,.T.);
#2496=EDGE_CURVE('',#1210,#1228,#669,.T.);
#2498=EDGE_CURVE('',#1228,#1199,#801,.T.);
#2509=EDGE_CURVE('',#1232,#1212,#661,.T.);
#2511=EDGE_CURVE('',#1228,#1232,#665,.T.);
#2522=EDGE_CURVE('',#1214,#1230,#677,.T.);
#2524=EDGE_CURVE('',#1230,#1232,#805,.T.);
#2538=EDGE_CURVE('',#1240,#1216,#685,.T.);
#2540=EDGE_CURVE('',#1230,#1240,#689,.T.);
#2551=EDGE_CURVE('',#1238,#1218,#693,.T.);
#2553=EDGE_CURVE('',#1238,#1240,#809,.T.);
#2564=EDGE_CURVE('',#1235,#1236,#701,.T.);
#2566=EDGE_CURVE('',#1238,#1236,#697,.T.);
#2569=EDGE_CURVE('',#1218,#1235,#709,.T.);
#2580=EDGE_CURVE('',#1235,#1248,#705,.T.);
#2582=EDGE_CURVE('',#1248,#1246,#757,.T.);
#2584=EDGE_CURVE('',#1246,#1236,#817,.T.);
#2597=EDGE_CURVE('',#1250,#1220,#717,.T.);
#2599=EDGE_CURVE('',#1250,#1248,#761,.T.);
#2610=EDGE_CURVE('',#1294,#1292,#721,.T.);
#2612=EDGE_CURVE('',#1294,#1250,#765,.T.);
#2624=EDGE_CURVE('',#1288,#1286,#729,.T.);
#2626=EDGE_CURVE('',#1288,#1294,#769,.T.);
#2639=EDGE_CURVE('',#1290,#1288,#773,.T.);
#2652=EDGE_CURVE('',#1253,#1258,#745,.T.);
#2654=EDGE_CURVE('',#1243,#1253,#749,.T.);
#2656=EDGE_CURVE('',#1246,#1243,#753,.T.);
#2671=EDGE_CURVE('',#1253,#1254,#777,.T.);
#2684=EDGE_CURVE('',#1244,#1254,#785,.T.);
#2686=EDGE_CURVE('',#1243,#1244,#789,.T.);
#2708=EDGE_CURVE('',#1236,#1244,#813,.T.);
#2731=EDGE_CURVE('',#1309,#1310,#827,.T.);
#2733=EDGE_CURVE('',#1309,#1316,#839,.T.);
#2744=EDGE_CURVE('',#1312,#1309,#843,.T.);
#2792=EDGE_CURVE('',#1372,#1369,#855,.T.);
#2794=EDGE_CURVE('',#1372,#1430,#931,.T.);
#2797=EDGE_CURVE('',#1428,#1424,#1115,.T.);
#2799=EDGE_CURVE('',#1426,#1424,#863,.T.);
#2801=EDGE_CURVE('',#1183,#1426,#867,.T.);
#2812=EDGE_CURVE('',#1370,#1374,#923,.T.);
#2814=EDGE_CURVE('',#1374,#1372,#935,.T.);
#2819=EDGE_CURVE('',#1493,#1491,#872,.T.);
#2821=EDGE_CURVE('',#1491,#1493,#877,.T.);
#2825=EDGE_CURVE('',#1485,#1483,#882,.T.);
#2827=EDGE_CURVE('',#1483,#1485,#887,.T.);
#2831=EDGE_CURVE('',#1477,#1475,#892,.T.);
#2833=EDGE_CURVE('',#1475,#1477,#897,.T.);
#2837=EDGE_CURVE('',#1469,#1467,#902,.T.);
#2839=EDGE_CURVE('',#1467,#1469,#907,.T.);
#2843=EDGE_CURVE('',#1352,#1356,#971,.T.);
#2845=EDGE_CURVE('',#1356,#1364,#1111,.T.);
#2847=EDGE_CURVE('',#1364,#1376,#1103,.T.);
#2849=EDGE_CURVE('',#1376,#1360,#1083,.T.);
#2851=EDGE_CURVE('',#1360,#1325,#1071,.T.);
#2853=EDGE_CURVE('',#1325,#1326,#1059,.T.);
#2855=EDGE_CURVE('',#1326,#1332,#1047,.T.);
#2857=EDGE_CURVE('',#1332,#1336,#1035,.T.);
#2859=EDGE_CURVE('',#1336,#1340,#1023,.T.);
#2861=EDGE_CURVE('',#1340,#1344,#1011,.T.);
#2863=EDGE_CURVE('',#1344,#1348,#999,.T.);
#2865=EDGE_CURVE('',#1348,#1352,#987,.T.);
#2877=EDGE_CURVE('',#1374,#1432,#919,.T.);
#2900=EDGE_CURVE('',#1490,#1491,#939,.T.);
#2903=EDGE_CURVE('',#1493,#1495,#943,.T.);
#2926=EDGE_CURVE('',#1482,#1483,#947,.T.);
#2929=EDGE_CURVE('',#1485,#1487,#951,.T.);
#2952=EDGE_CURVE('',#1474,#1475,#955,.T.);
#2955=EDGE_CURVE('',#1477,#1479,#959,.T.);
#2978=EDGE_CURVE('',#1466,#1467,#963,.T.);
#2981=EDGE_CURVE('',#1469,#1471,#967,.T.);
#3005=EDGE_CURVE('',#1354,#1352,#975,.T.);
#3008=EDGE_CURVE('',#1356,#1358,#983,.T.);
#3019=EDGE_CURVE('',#1350,#1348,#991,.T.);
#3032=EDGE_CURVE('',#1346,#1344,#1003,.T.);
#3045=EDGE_CURVE('',#1342,#1340,#1015,.T.);
#3058=EDGE_CURVE('',#1338,#1336,#1027,.T.);
#3071=EDGE_CURVE('',#1334,#1332,#1039,.T.);
#3084=EDGE_CURVE('',#1328,#1326,#1051,.T.);
#3097=EDGE_CURVE('',#1330,#1325,#1063,.T.);
#3110=EDGE_CURVE('',#1362,#1360,#1075,.T.);
#3124=EDGE_CURVE('',#1376,#1436,#1099,.T.);
#3135=EDGE_CURVE('',#1366,#1364,#1091,.T.);
#3160=EDGE_CURVE('',#1399,#1424,#1123,.T.);
#3174=EDGE_CURVE('',#1399,#1401,#1135,.T.);
#3176=EDGE_CURVE('',#1401,#1426,#1147,.T.);
#3188=EDGE_CURVE('',#1401,#1183,#1131,.T.);
#3215=EDGE_CURVE('',#1422,#1178,#1156,.T.);
#3227=EDGE_CURVE('',#1422,#1176,#1160,.T.);
#3254=CLOSED_SHELL('',(#1520,#1535,#1553,#1569,#1586,#1608,#1621,#1637,#1662,
#1678,#1692,#1714,#1728,#1741,#1755,#1775,#1789,#1808,#1823,#1839,#1871,#1883,
#1897,#1914,#1927,#1942,#2018,#2035,#2048,#2059,#2071,#2087,#2102,#2115,#2144,
#2158,#2177,#2191,#2203,#2219,#2234,#2249,#2268,#2281,#2295,#2308,#2322,#2335,
#2349,#2369,#2398,#2415,#2430,#2445,#2460,#2474,#2488,#2502,#2516,#2530,#2544,
#2558,#2573,#2588,#2603,#2617,#2631,#2644,#2665,#2678,#2692,#2712,#2724,#2737,
#2750,#2762,#2773,#2783,#2805,#2869,#2882,#2894,#2908,#2920,#2934,#2946,#2960,
#2972,#2986,#2998,#3012,#3025,#3038,#3051,#3064,#3077,#3090,#3103,#3116,#3129,
#3142,#3154,#3167,#3181,#3195,#3206,#3219,#3231,#3241,#3253));
#3255=MANIFOLD_SOLID_BREP('',#3254);
#3256=(LENGTH_UNIT()NAMED_UNIT(*)SI_UNIT(.MILLI.,.METRE.));
#3258=(NAMED_UNIT(*)PLANE_ANGLE_UNIT()SI_UNIT($,.RADIAN.));
#3261=(NAMED_UNIT(*)SI_UNIT($,.STERADIAN.)SOLID_ANGLE_UNIT());
#3264=ADVANCED_BREP_SHAPE_REPRESENTATION('',(#3255),#3263);
#3271=PRODUCT_DEFINITION('design','',#3270,#3267);
#3272=PRODUCT_DEFINITION_SHAPE('','SHAPE FOR 3320001451SOARM0001.',#3271);
#3273=SHAPE_DEFINITION_REPRESENTATION(#3272,#3264);
ENDSEC;
END-ISO-10303-21;
